timestamp,datetime,setpoint,y,u1,open_duty,t_rel
1759515264.3854432,2025-10-03 18:14:24.385443211,200.0,23.899999618530277,0.0,40.0,35.100428104400635
1759515271.2459056,2025-10-03 18:14:31.245905638,200.0,24.0,0.0,40.0,41.96089053153992
1759515271.4240253,2025-10-03 18:14:31.424025297,200.0,23.899999618530277,0.0,40.0,42.139010190963745
1759515271.542544,2025-10-03 18:14:31.542543888,200.0,24.0,0.0,40.0,42.25752878189087
1759515274.2555332,2025-10-03 18:14:34.255533218,200.0,24.100000381469727,0.0,40.0,44.97051811218262
1759515275.760568,2025-10-03 18:14:35.760567904,200.0,24.200000762939453,0.0,40.0,46.475552797317505
1759515276.92502,2025-10-03 18:14:36.925019979,200.0,24.299999237060547,0.0,40.0,47.64000487327576
1759515278.1444154,2025-10-03 18:14:38.144415379,200.0,24.399999618530277,0.0,40.0,48.859400272369385
1759515278.9341142,2025-10-03 18:14:38.934114218,200.0,24.5,0.0,40.0,49.64909911155701
1759515279.7232466,2025-10-03 18:14:39.723246574,200.0,24.600000381469727,0.0,40.0,50.438231468200684
1759515280.333109,2025-10-03 18:14:40.333108664,200.0,24.700000762939453,0.0,40.0,51.04809379577637
1759515280.9981382,2025-10-03 18:14:40.998138189,200.0,24.799999237060547,0.0,40.0,51.713123083114624
1759515281.5989385,2025-10-03 18:14:41.598938465,200.0,24.899999618530277,0.0,40.0,52.313923358917236
1759515282.2029042,2025-10-03 18:14:42.202904224,200.0,25.0,0.0,40.0,52.91788911819458
1759515282.8027258,2025-10-03 18:14:42.802725792,200.0,25.100000381469727,0.0,40.0,53.51771068572998
1759515283.4189906,2025-10-03 18:14:43.418990612,200.0,25.200000762939453,0.0,40.0,54.13397550582886
1759515284.026706,2025-10-03 18:14:44.026705980,200.0,25.299999237060547,0.0,40.0,54.74169087409973
1759515284.6940362,2025-10-03 18:14:44.694036245,200.0,25.399999618530277,0.0,40.0,55.4090211391449
1759515285.5398672,2025-10-03 18:14:45.539867163,200.0,25.5,0.0,40.0,56.254852056503296
1759515286.2081308,2025-10-03 18:14:46.208130836,200.0,25.600000381469727,0.0,40.0,56.923115730285645
1759515287.0034533,2025-10-03 18:14:47.003453255,200.0,25.700000762939453,0.0,40.0,57.718438148498535
1759515287.7246883,2025-10-03 18:14:47.724688530,200.0,25.799999237060547,0.0,40.0,58.43967318534851
1759515288.5109875,2025-10-03 18:14:48.510987520,200.0,25.899999618530277,0.0,40.0,59.225972414016724
1759515289.2408264,2025-10-03 18:14:49.240826368,200.0,26.0,0.0,40.0,59.95581126213074
1759515290.1015756,2025-10-03 18:14:50.101575613,200.0,26.100000381469727,0.0,40.0,60.81656050682068
1759515291.01677,2025-10-03 18:14:51.016769886,200.0,26.200000762939453,0.0,40.0,61.731754779815674
1759515291.742591,2025-10-03 18:14:51.742590904,200.0,26.299999237060547,0.0,40.0,62.45757579803467
1759515292.5221004,2025-10-03 18:14:52.522100448,200.0,26.399999618530277,0.0,40.0,63.23708534240723
1759515293.2392762,2025-10-03 18:14:53.239276171,200.0,26.5,0.0,40.0,63.95426106452942
1759515294.0289938,2025-10-03 18:14:54.028993845,200.0,26.600000381469727,0.0,40.0,64.74397873878479
1759515294.6283271,2025-10-03 18:14:54.628327131,200.0,26.700000762939453,0.0,40.0,65.34331202507019
1759515295.3007016,2025-10-03 18:14:55.300701618,200.0,26.799999237060547,0.0,40.0,66.01568651199341
1759515295.7187912,2025-10-03 18:14:55.718791246,200.0,26.899999618530277,0.0,40.0,66.43377614021301
1759515296.5216374,2025-10-03 18:14:56.521637440,200.0,27.0,0.0,40.0,67.23662233352661
1759515297.127637,2025-10-03 18:14:57.127636909,200.0,27.100000381469727,0.0,40.0,67.84262180328369
1759515297.743189,2025-10-03 18:14:57.743189335,200.0,27.200000762939453,0.0,40.0,68.45817399024963
1759515298.4131582,2025-10-03 18:14:58.413158178,200.0,27.299999237060547,0.0,40.0,69.1281430721283
1759515299.006882,2025-10-03 18:14:59.006881952,200.0,27.399999618530277,0.0,40.0,69.7218668460846
1759515299.6148443,2025-10-03 18:14:59.614844322,200.0,27.5,0.0,40.0,70.32982921600342
1759515300.4019215,2025-10-03 18:15:00.401921749,200.0,27.600000381469727,0.0,40.0,71.11690640449524
1759515300.9580047,2025-10-03 18:15:00.958004713,200.0,27.700000762939453,0.0,40.0,71.6729896068573
1759515301.4385846,2025-10-03 18:15:01.438584566,200.0,27.799999237060547,0.0,40.0,72.15356945991516
1759515302.0444207,2025-10-03 18:15:02.044420719,200.0,27.899999618530277,0.0,40.0,72.75940561294556
1759515302.6424725,2025-10-03 18:15:02.642472506,200.0,28.0,0.0,40.0,73.35745739936829
1759515303.247897,2025-10-03 18:15:03.247896671,200.0,28.100000381469727,0.0,40.0,73.96288180351257
1759515303.8007026,2025-10-03 18:15:03.800702572,200.0,28.200000762939453,0.0,40.0,74.51568746566772
1759515304.2397733,2025-10-03 18:15:04.239773273,200.0,28.299999237060547,0.0,40.0,74.95475816726685
1759515305.0453506,2025-10-03 18:15:05.045350552,200.0,28.399999618530277,0.0,40.0,75.76033544540405
1759515305.5971634,2025-10-03 18:15:05.597163439,200.0,28.5,0.0,40.0,76.31214833259583
1759515306.0197744,2025-10-03 18:15:06.019774437,200.0,28.600000381469727,0.0,40.0,76.73475933074951
1759515306.6390083,2025-10-03 18:15:06.639008522,200.0,28.700000762939453,0.0,40.0,77.35399317741394
1759515307.2432797,2025-10-03 18:15:07.243279696,200.0,28.799999237060547,0.0,40.0,77.95826458930969
1759515307.8131604,2025-10-03 18:15:07.813160419,200.0,28.899999618530277,0.0,40.0,78.52814531326294
1759515308.4271257,2025-10-03 18:15:08.427125454,200.0,29.0,0.0,40.0,79.14211058616638
1759515309.104735,2025-10-03 18:15:09.104734659,200.0,29.100000381469727,0.0,40.0,79.81971979141235
1759515309.6564038,2025-10-03 18:15:09.656403780,200.0,29.200000762939453,0.0,40.0,80.37138867378235
1759515310.2057164,2025-10-03 18:15:10.205716372,200.0,29.299999237060547,0.0,40.0,80.92070126533508
1759515310.8021564,2025-10-03 18:15:10.802156448,200.0,29.399999618530277,0.0,40.0,81.51714134216309
1759515311.3052938,2025-10-03 18:15:11.305293798,200.0,29.5,0.0,40.0,82.02027869224548
1759515311.9037783,2025-10-03 18:15:11.903778315,200.0,29.600000381469727,0.0,40.0,82.61876320838928
1759515312.506114,2025-10-03 18:15:12.506114006,200.0,29.700000762939453,0.0,40.0,83.22109889984131
1759515313.04607,2025-10-03 18:15:13.046070099,200.0,29.799999237060547,0.0,40.0,83.76105499267578
1759515313.6009574,2025-10-03 18:15:13.600957394,200.0,29.899999618530277,0.0,40.0,84.31594228744507
1759515314.2109337,2025-10-03 18:15:14.210933685,200.0,30.0,0.0,40.0,84.92591857910156
1759515314.5972152,2025-10-03 18:15:14.597215176,200.0,30.100000381469727,0.0,40.0,85.31220006942749
1759515315.4464746,2025-10-03 18:15:15.446474552,200.0,30.200000762939453,0.0,40.0,86.16145944595337
1759515316.044321,2025-10-03 18:15:16.044321060,200.0,30.299999237060547,0.0,40.0,86.75930595397949
1759515316.5289624,2025-10-03 18:15:16.528962374,200.0,30.399999618530277,0.0,40.0,87.24394726753235
1759515317.0238352,2025-10-03 18:15:17.023835182,200.0,30.5,0.0,40.0,87.73882007598877
1759515317.4434004,2025-10-03 18:15:17.443400383,200.0,30.600000381469727,0.0,40.0,88.15838527679443
1759515318.0156636,2025-10-03 18:15:18.015663624,200.0,30.700000762939453,0.0,40.0,88.73064851760864
1759515318.627987,2025-10-03 18:15:18.627986670,200.0,30.799999237060547,0.0,40.0,89.34297180175781
1759515319.1087966,2025-10-03 18:15:19.108796597,200.0,30.899999618530277,0.0,40.0,89.82378149032593
1759515319.5258918,2025-10-03 18:15:19.525891781,200.0,31.0,0.0,40.0,90.2408766746521
1759515320.009781,2025-10-03 18:15:20.009780884,200.0,31.100000381469727,0.0,40.0,90.72476577758789
1759515320.7217948,2025-10-03 18:15:20.721794844,200.0,31.200000762939453,0.0,40.0,91.43677973747253
1759515321.2059722,2025-10-03 18:15:21.205972195,200.0,31.299999237060547,0.0,40.0,91.92095708847046
1759515321.8185024,2025-10-03 18:15:21.818502426,200.0,31.399999618530277,0.0,40.0,92.53348731994629
1759515322.300736,2025-10-03 18:15:22.300735950,200.0,31.5,0.0,40.0,93.0157208442688
1759515322.9029849,2025-10-03 18:15:22.902984858,200.0,31.600000381469727,0.0,40.0,93.61796975135803
1759515323.5140493,2025-10-03 18:15:23.514049292,200.0,31.700000762939453,0.0,40.0,94.22903418540955
1759515324.1227286,2025-10-03 18:15:24.122728586,200.0,31.799999237060547,0.0,40.0,94.83771347999573
1759515324.7240028,2025-10-03 18:15:24.724002838,200.0,31.899999618530277,0.0,40.0,95.4389877319336
1759515325.342445,2025-10-03 18:15:25.342444658,200.0,32.0,0.0,40.0,96.05742979049683
1759515325.8358288,2025-10-03 18:15:25.835828781,200.0,32.099998474121094,0.0,40.0,96.55081367492676
1759515326.4360628,2025-10-03 18:15:26.436062813,200.0,32.20000076293945,0.0,40.0,97.151047706604
1759515327.0457113,2025-10-03 18:15:27.045711279,200.0,32.29999923706055,0.0,40.0,97.76069617271423
1759515327.5242872,2025-10-03 18:15:27.524287224,200.0,32.400001525878906,0.0,40.0,98.23927211761475
1759515328.1274688,2025-10-03 18:15:28.127468824,200.0,32.5,0.0,40.0,98.84245371818542
1759515328.7321568,2025-10-03 18:15:28.732156754,200.0,32.599998474121094,0.0,40.0,99.44714164733887
1759515329.2192671,2025-10-03 18:15:29.219267130,200.0,32.70000076293945,0.0,40.0,99.9342520236969
1759515329.8244743,2025-10-03 18:15:29.824474335,200.0,32.79999923706055,0.0,40.0,100.53945922851562
1759515330.426653,2025-10-03 18:15:30.426652908,200.0,32.900001525878906,0.0,40.0,101.14163780212402
1759515330.846657,2025-10-03 18:15:30.846657038,200.0,33.0,0.0,40.0,101.56164193153381
1759515331.318495,2025-10-03 18:15:31.318495035,200.0,33.099998474121094,0.0,40.0,102.03347992897034
1759515332.0005093,2025-10-03 18:15:32.000509262,200.0,33.20000076293945,0.0,40.0,102.71549415588379
1759515332.7284975,2025-10-03 18:15:32.728497505,200.0,33.29999923706055,0.0,40.0,103.44348239898682
1759515333.502866,2025-10-03 18:15:33.502866029,200.0,33.400001525878906,0.0,40.0,104.21785092353821
1759515334.108219,2025-10-03 18:15:34.108218670,200.0,33.5,0.0,40.0,104.82320380210876
1759515335.004985,2025-10-03 18:15:35.004985094,200.0,33.599998474121094,0.0,40.0,105.71996998786926
1759515335.722566,2025-10-03 18:15:35.722565889,200.0,33.70000076293945,0.0,40.0,106.43755078315735
1759515336.3316677,2025-10-03 18:15:36.331667662,200.0,33.79999923706055,0.0,40.0,107.0466525554657
1759515336.9320765,2025-10-03 18:15:36.932076454,200.0,33.900001525878906,0.0,40.0,107.64706134796143
1759515337.42321,2025-10-03 18:15:37.423209906,200.0,34.0,0.0,40.0,108.13819479942322
1759515337.8403113,2025-10-03 18:15:37.840311289,200.0,34.099998474121094,0.0,40.0,108.55529618263245
1759515338.2023385,2025-10-03 18:15:38.202338457,200.0,34.20000076293945,0.0,40.0,108.91732335090637
1759515338.7433577,2025-10-03 18:15:38.743357658,200.0,34.29999923706055,0.0,40.0,109.45834255218506
1759515339.3441937,2025-10-03 18:15:39.344193459,200.0,34.400001525878906,0.0,40.0,110.05917859077454
1759515339.7084966,2025-10-03 18:15:39.708496571,200.0,34.5,0.0,40.0,110.42348146438599
1759515340.240993,2025-10-03 18:15:40.240993023,200.0,34.599998474121094,0.0,40.0,110.95597791671753
1759515340.599137,2025-10-03 18:15:40.599137068,200.0,34.70000076293945,0.0,40.0,111.31412196159363
1759515341.446595,2025-10-03 18:15:41.446594954,200.0,34.79999923706055,0.0,40.0,112.16157984733582
1759515342.108934,2025-10-03 18:15:42.108933926,200.0,34.900001525878906,0.0,40.0,112.82391881942749
1759515343.0124254,2025-10-03 18:15:43.012425423,200.0,35.0,0.0,40.0,113.72741031646729
1759515343.722383,2025-10-03 18:15:43.722383022,200.0,35.099998474121094,0.0,40.0,114.43736791610718
1759515344.3327055,2025-10-03 18:15:44.332705736,200.0,35.20000076293945,0.0,40.0,115.04769039154053
1759515344.9376006,2025-10-03 18:15:44.937600613,200.0,35.29999923706055,0.0,40.0,115.65258550643921
1759515345.542589,2025-10-03 18:15:45.542588949,200.0,35.400001525878906,0.0,40.0,116.25757384300232
1759515346.0278988,2025-10-03 18:15:46.027898788,200.0,35.5,0.0,40.0,116.74288368225098
1759515346.4538136,2025-10-03 18:15:46.453813553,200.0,35.599998474121094,0.0,40.0,117.16879844665527
1759515346.9328525,2025-10-03 18:15:46.932852268,200.0,35.70000076293945,0.0,40.0,117.6478374004364
1759515347.2370036,2025-10-03 18:15:47.237003565,200.0,35.79999923706055,0.0,40.0,117.95198845863342
1759515347.8457768,2025-10-03 18:15:47.845776796,200.0,35.900001525878906,0.0,40.0,118.56076169013977
1759515348.1452646,2025-10-03 18:15:48.145264626,200.0,36.0,0.0,40.0,118.86024951934814
1759515348.4467936,2025-10-03 18:15:48.446793556,200.0,36.09999847412109,0.0,40.0,119.1617784500122
1759515348.9370823,2025-10-03 18:15:48.937082529,200.0,36.20000076293945,0.0,40.0,119.65206718444824
1759515349.250418,2025-10-03 18:15:49.250417948,200.0,36.29999923706055,0.0,40.0,119.965402841568
1759515349.7959976,2025-10-03 18:15:49.795997620,200.0,36.400001525878906,0.0,40.0,120.51098251342773
1759515350.3550107,2025-10-03 18:15:50.355010748,200.0,36.5,0.0,40.0,121.06999564170837
1759515350.7207797,2025-10-03 18:15:50.720779657,200.0,36.59999847412109,0.0,40.0,121.43576455116272
1759515351.3324623,2025-10-03 18:15:51.332462311,200.0,36.70000076293945,0.0,40.0,122.04744720458984
1759515351.925609,2025-10-03 18:15:51.925609112,200.0,36.79999923706055,0.0,40.0,122.64059400558472
1759515352.532526,2025-10-03 18:15:52.532526016,200.0,36.900001525878906,0.0,40.0,123.24751091003418
1759515353.3168628,2025-10-03 18:15:53.316862822,200.0,37.0,0.0,40.0,124.03184771537781
1759515354.0057583,2025-10-03 18:15:54.005758286,200.0,37.09999847412109,0.0,40.0,124.72074317932129
1759515354.6150744,2025-10-03 18:15:54.615074396,200.0,37.20000076293945,0.0,40.0,125.33005928993225
1759515355.2144947,2025-10-03 18:15:55.214494705,200.0,37.29999923706055,0.0,40.0,125.92947959899902
1759515355.8283422,2025-10-03 18:15:55.828342199,200.0,37.400001525878906,0.0,40.0,126.54332709312439
1759515356.425759,2025-10-03 18:15:56.425759077,200.0,37.5,0.0,40.0,127.14074397087097
1759515357.03853,2025-10-03 18:15:57.038530111,200.0,37.59999847412109,0.0,40.0,127.7535150051117
1759515357.6371431,2025-10-03 18:15:57.637143135,200.0,37.70000076293945,0.0,40.0,128.35212802886963
1759515358.242881,2025-10-03 18:15:58.242881060,200.0,37.79999923706055,0.0,40.0,128.95786595344543
1759515358.604185,2025-10-03 18:15:58.604185104,200.0,37.900001525878906,0.0,40.0,129.31916999816895
1759515359.2168863,2025-10-03 18:15:59.216886282,200.0,38.0,0.0,40.0,129.931871175766
1759515359.8386238,2025-10-03 18:15:59.838623762,200.0,38.09999847412109,0.0,40.0,130.55360865592957
1759515360.2035892,2025-10-03 18:16:00.203589201,200.0,38.20000076293945,0.0,40.0,130.91857409477234
1759515360.8096087,2025-10-03 18:16:00.809608698,200.0,38.29999923706055,0.0,40.0,131.52459359169006
1759515361.3537571,2025-10-03 18:16:01.353757143,200.0,38.400001525878906,0.0,40.0,132.06874203681946
1759515361.7219644,2025-10-03 18:16:01.721964359,200.0,38.5,0.0,40.0,132.43694925308228
1759515362.2059274,2025-10-03 18:16:02.205927372,200.0,38.59999847412109,0.0,40.0,132.9209122657776
1759515362.8289328,2025-10-03 18:16:02.828932762,200.0,38.70000076293945,0.0,40.0,133.54391765594482
1759515363.196222,2025-10-03 18:16:03.196222067,200.0,38.79999923706055,0.0,40.0,133.9112069606781
1759515363.7437556,2025-10-03 18:16:03.743755579,200.0,38.900001525878906,0.0,40.0,134.45874047279358
1759515364.1073856,2025-10-03 18:16:04.107385635,200.0,39.0,0.0,40.0,134.8223705291748
1759515364.6465063,2025-10-03 18:16:04.646506310,200.0,39.09999847412109,0.0,40.0,135.3614912033081
1759515365.0120485,2025-10-03 18:16:05.012048483,200.0,39.20000076293945,0.0,40.0,135.72703337669373
1759515365.434857,2025-10-03 18:16:05.434856892,200.0,39.29999923706055,0.0,40.0,136.1498417854309
1759515365.9983442,2025-10-03 18:16:05.998344183,200.0,39.400001525878906,0.0,40.0,136.71332907676697
1759515366.5448575,2025-10-03 18:16:06.544857502,200.0,39.5,0.0,40.0,137.25984239578247
1759515366.90499,2025-10-03 18:16:06.904989958,200.0,39.59999847412109,0.0,40.0,137.61997485160828
1759515367.399988,2025-10-03 18:16:07.399987936,200.0,39.70000076293945,0.0,40.0,138.11497282981873
1759515367.9969523,2025-10-03 18:16:07.996952534,200.0,39.79999923706055,0.0,40.0,138.71193718910217
1759515368.6027129,2025-10-03 18:16:08.602712870,200.0,39.900001525878906,0.0,40.0,139.317697763443
1759515369.025692,2025-10-03 18:16:09.025691986,200.0,40.0,0.0,40.0,139.7406768798828
1759515369.635041,2025-10-03 18:16:09.635040998,200.0,40.09999847412109,0.0,40.0,140.3500258922577
1759515370.1206708,2025-10-03 18:16:10.120670795,200.0,40.20000076293945,0.0,40.0,140.8356556892395
1759515370.547835,2025-10-03 18:16:10.547835112,200.0,40.29999923706055,0.0,40.0,141.26282000541687
1759515371.1544385,2025-10-03 18:16:11.154438257,200.0,40.400001525878906,0.0,40.0,141.86942338943481
1759515371.703624,2025-10-03 18:16:11.703624010,200.0,40.5,0.0,40.0,142.4186089038849
1759515372.1271577,2025-10-03 18:16:12.127157687,200.0,40.59999847412109,0.0,40.0,142.8421425819397
1759515372.72667,2025-10-03 18:16:12.726670027,200.0,40.70000076293945,0.0,40.0,143.441654920578
1759515373.350956,2025-10-03 18:16:13.350955963,200.0,40.79999923706055,0.0,40.0,144.0659408569336
1759515373.8259914,2025-10-03 18:16:13.825991392,200.0,40.900001525878906,0.0,40.0,144.54097628593445
1759515374.4364886,2025-10-03 18:16:14.436488628,200.0,41.0,0.0,40.0,145.15147352218628
1759515375.102738,2025-10-03 18:16:15.102737904,200.0,41.09999847412109,0.0,40.0,145.8177227973938
1759515375.7029142,2025-10-03 18:16:15.702914238,200.0,41.20000076293945,0.0,40.0,146.4178991317749
1759515376.4306846,2025-10-03 18:16:16.430684566,200.0,41.29999923706055,0.0,40.0,147.14566946029663
1759515377.2335706,2025-10-03 18:16:17.233570576,200.0,41.400001525878906,0.0,40.0,147.94855546951294
1759515377.9186602,2025-10-03 18:16:17.918660164,200.0,41.5,0.0,40.0,148.63364505767822
1759515378.5220068,2025-10-03 18:16:18.522006749,200.0,41.59999847412109,0.0,40.0,149.23699164390564
1759515379.1350484,2025-10-03 18:16:19.135048389,200.0,41.70000076293945,0.0,40.0,149.85003328323364
1759515379.618779,2025-10-03 18:16:19.618778944,200.0,41.79999923706055,0.0,40.0,150.33376383781433
1759515380.3066857,2025-10-03 18:16:20.306685686,200.0,41.900001525878906,0.0,40.0,151.02167057991028
1759515380.9059513,2025-10-03 18:16:20.905951262,200.0,42.0,0.0,40.0,151.6209361553192
1759515381.331105,2025-10-03 18:16:21.331104994,200.0,42.09999847412109,0.0,40.0,152.04608988761902
1759515381.8107848,2025-10-03 18:16:21.810784817,200.0,42.20000076293945,0.0,40.0,152.52576971054077
1759515382.4147348,2025-10-03 18:16:22.414734840,200.0,42.29999923706055,0.0,40.0,153.1297197341919
1759515382.8411238,2025-10-03 18:16:22.841123819,200.0,42.400001525878906,0.0,40.0,153.55610871315002
1759515383.45145,2025-10-03 18:16:23.451450109,200.0,42.5,0.0,40.0,154.16643500328064
1759515384.0004716,2025-10-03 18:16:24.000471592,200.0,42.59999847412109,0.0,40.0,154.7154564857483
1759515384.6038518,2025-10-03 18:16:24.603851795,200.0,42.70000076293945,0.0,40.0,155.31883668899536
1759515385.1437864,2025-10-03 18:16:25.143786430,200.0,42.79999923706055,0.0,40.0,155.85877132415771
1759515385.5042095,2025-10-03 18:16:25.504209518,200.0,42.900001525878906,0.0,40.0,156.21919441223145
1759515386.119533,2025-10-03 18:16:26.119533062,200.0,43.0,0.0,40.0,156.83451795578003
1759515386.7244115,2025-10-03 18:16:26.724411488,200.0,43.09999847412109,0.0,40.0,157.43939638137817
1759515387.348795,2025-10-03 18:16:27.348794937,200.0,43.20000076293945,0.0,40.0,158.06377983093262
1759515387.9018216,2025-10-03 18:16:27.901821613,200.0,43.29999923706055,0.0,40.0,158.6168065071106
1759515388.499055,2025-10-03 18:16:28.499054670,200.0,43.400001525878906,0.0,40.0,159.21403980255127
1759515389.117571,2025-10-03 18:16:29.117571115,200.0,43.5,0.0,40.0,159.8325560092926
1759515389.535427,2025-10-03 18:16:29.535427332,200.0,43.59999847412109,0.0,40.0,160.2504119873047
1759515390.1388836,2025-10-03 18:16:30.138883591,200.0,43.70000076293945,0.0,40.0,160.85386848449707
1759515390.6394246,2025-10-03 18:16:30.639424562,200.0,43.79999923706055,0.0,40.0,161.35440945625305
1759515391.2406154,2025-10-03 18:16:31.240615368,200.0,43.900001525878906,0.0,40.0,161.95560026168823
1759515391.9047043,2025-10-03 18:16:31.904704332,200.0,44.0,0.0,40.0,162.6196892261505
1759515392.502535,2025-10-03 18:16:32.502535343,200.0,44.09999847412109,0.0,40.0,163.21751999855042
1759515393.1161711,2025-10-03 18:16:33.116171122,200.0,44.20000076293945,0.0,40.0,163.83115601539612
1759515393.726512,2025-10-03 18:16:33.726511955,200.0,44.29999923706055,0.0,40.0,164.44149684906006
1759515394.334153,2025-10-03 18:16:34.334152937,200.0,44.400001525878906,0.0,40.0,165.04913783073425
1759515394.9407964,2025-10-03 18:16:34.940796375,200.0,44.5,0.0,40.0,165.6557812690735
1759515395.5378115,2025-10-03 18:16:35.537811518,200.0,44.59999847412109,0.0,40.0,166.25279641151428
1759515395.8982906,2025-10-03 18:16:35.898290634,200.0,44.70000076293945,0.0,40.0,166.6132755279541
1759515396.5069718,2025-10-03 18:16:36.506971835,200.0,44.79999923706055,0.0,40.0,167.22195672988892
1759515397.2296858,2025-10-03 18:16:37.229685783,200.0,44.900001525878906,0.0,40.0,167.94467067718506
1759515397.7973528,2025-10-03 18:16:37.797352791,200.0,45.0,0.0,40.0,168.51233768463135
1759515398.5935967,2025-10-03 18:16:38.593596697,200.0,45.09999847412109,0.0,40.0,169.30858159065247
1759515399.3207607,2025-10-03 18:16:39.320760727,200.0,45.20000076293945,0.0,40.0,170.03574562072754
1759515400.1092403,2025-10-03 18:16:40.109240532,200.0,45.29999923706055,0.0,40.0,170.82422518730164
1759515400.7942848,2025-10-03 18:16:40.794284821,200.0,45.400001525878906,0.0,40.0,171.50926971435547
1759515401.6425834,2025-10-03 18:16:41.642583370,200.0,45.5,0.0,40.0,172.35756826400757
1759515402.2377222,2025-10-03 18:16:42.237722158,200.0,45.59999847412109,0.0,40.0,172.95270705223083
1759515402.5974374,2025-10-03 18:16:42.597437382,200.0,45.70000076293945,0.0,40.0,173.3124222755432
1759515403.2085347,2025-10-03 18:16:43.208534718,200.0,45.79999923706055,0.0,40.0,173.92351961135864
1759515403.938428,2025-10-03 18:16:43.938427925,200.0,45.900001525878906,0.0,40.0,174.6534128189087
1759515404.512561,2025-10-03 18:16:44.512561320,200.0,46.0,0.0,40.0,175.2275459766388
1759515405.3031251,2025-10-03 18:16:45.303125143,200.0,46.09999847412109,0.0,40.0,176.01811003684998
1759515405.723662,2025-10-03 18:16:45.723662138,200.0,46.20000076293945,0.0,40.0,176.43864679336548
1759515406.336046,2025-10-03 18:16:46.336045980,200.0,46.29999923706055,0.0,40.0,177.05103087425232
1759515406.938599,2025-10-03 18:16:46.938599110,200.0,46.400001525878906,0.0,40.0,177.6535840034485
1759515407.5460308,2025-10-03 18:16:47.546030760,200.0,46.5,0.0,40.0,178.26101565361023
1759515408.0955331,2025-10-03 18:16:48.095533133,200.0,46.59999847412109,0.0,40.0,178.81051802635193
1759515408.5212493,2025-10-03 18:16:48.521249294,200.0,46.70000076293945,0.0,40.0,179.23623418807983
1759515409.1303267,2025-10-03 18:16:49.130326747,200.0,46.79999923706055,0.0,40.0,179.84531164169312
1759515409.7278297,2025-10-03 18:16:49.727829456,200.0,46.900001525878906,0.0,40.0,180.44281458854675
1759515410.3303192,2025-10-03 18:16:50.330319166,200.0,47.0,0.0,40.0,181.0453040599823
1759515410.9384775,2025-10-03 18:16:50.938477516,200.0,47.09999847412109,0.0,40.0,181.65346240997314
1759515411.5037224,2025-10-03 18:16:51.503722429,200.0,47.20000076293945,0.0,40.0,182.21870732307434
1759515412.312888,2025-10-03 18:16:52.312887907,200.0,47.29999923706055,0.0,40.0,183.02787280082703
1759515413.036603,2025-10-03 18:16:53.036602974,200.0,47.400001525878906,0.0,40.0,183.75158786773682
1759515413.8972847,2025-10-03 18:16:53.897284746,200.0,47.5,0.0,40.0,184.61226963996887
1759515414.6330678,2025-10-03 18:16:54.633067846,200.0,47.59999847412109,0.0,40.0,185.34805274009705
1759515415.4337142,2025-10-03 18:16:55.433714151,200.0,47.70000076293945,0.0,40.0,186.14869904518127
1759515416.0971742,2025-10-03 18:16:56.097174168,200.0,47.79999923706055,0.0,40.0,186.81215906143188
1759515416.720978,2025-10-03 18:16:56.720978022,200.0,47.900001525878906,0.0,40.0,187.43596291542053
1759515417.3237493,2025-10-03 18:16:57.323749304,200.0,48.0,0.0,40.0,188.03873419761658
1759515418.121004,2025-10-03 18:16:58.121003866,200.0,48.09999847412109,0.0,40.0,188.8359889984131
1759515418.8535893,2025-10-03 18:16:58.853589296,200.0,48.20000076293945,0.0,40.0,189.56857419013977
1759515419.2202015,2025-10-03 18:16:59.220201731,200.0,48.29999923706055,0.0,40.0,189.9351863861084
1759515419.822662,2025-10-03 18:16:59.822661877,200.0,48.400001525878906,0.0,40.0,190.53764700889587
1759515420.6064928,2025-10-03 18:17:00.606492758,200.0,48.5,0.0,40.0,191.32147765159607
1759515421.3252769,2025-10-03 18:17:01.325276852,200.0,48.59999847412109,0.0,40.0,192.04026174545288
1759515422.119944,2025-10-03 18:17:02.119943857,200.0,48.70000076293945,0.0,40.0,192.8349289894104
1759515422.8464582,2025-10-03 18:17:02.846458197,200.0,48.79999923706055,0.0,40.0,193.56144309043884
1759515423.399808,2025-10-03 18:17:03.399807930,200.0,48.900001525878906,0.0,40.0,194.1147928237915
1759515424.3037124,2025-10-03 18:17:04.303712368,200.0,49.0,0.0,40.0,195.0186972618103
1759515425.220114,2025-10-03 18:17:05.220113993,200.0,49.09999847412109,0.0,40.0,195.93509888648987
1759515426.132284,2025-10-03 18:17:06.132283926,200.0,49.20000076293945,0.0,40.0,196.84726881980896
1759515427.0390098,2025-10-03 18:17:07.039009809,200.0,49.29999923706055,0.0,40.0,197.75399470329285
1759515427.9464743,2025-10-03 18:17:07.946474314,200.0,49.400001525878906,0.0,40.0,198.6614592075348
1759515428.8089814,2025-10-03 18:17:08.808981419,200.0,49.5,0.0,40.0,199.52396631240845
1759515429.647493,2025-10-03 18:17:09.647492886,200.0,49.59999847412109,0.0,40.0,200.36247777938843
1759515430.5454922,2025-10-03 18:17:10.545492172,200.0,49.70000076293945,0.0,40.0,201.26047706604004
1759515431.395265,2025-10-03 18:17:11.395265341,200.0,49.79999923706055,0.0,40.0,202.1102499961853
1759515432.1977324,2025-10-03 18:17:12.197732449,200.0,49.900001525878906,0.0,40.0,202.9127173423767
1759515432.8049102,2025-10-03 18:17:12.804910183,200.0,50.0,0.0,40.0,203.5198950767517
1759515433.5246997,2025-10-03 18:17:13.524699688,200.0,50.09999847412109,0.0,40.0,204.2396845817566
1759515434.3147776,2025-10-03 18:17:14.314777613,200.0,50.20000076293945,0.0,40.0,205.02976250648499
1759515435.0329444,2025-10-03 18:17:15.032944440,200.0,50.29999923706055,0.0,40.0,205.7479293346405
1759515435.5994992,2025-10-03 18:17:15.599499226,200.0,50.400001525878906,0.0,40.0,206.31448411941528
1759515436.5074542,2025-10-03 18:17:16.507454156,200.0,50.5,0.0,40.0,207.22243905067444
1759515437.228819,2025-10-03 18:17:17.228818655,200.0,50.59999847412109,0.0,40.0,207.94380378723145
1759515438.0274732,2025-10-03 18:17:18.027473211,200.0,50.70000076293945,0.0,40.0,208.74245810508728
1759515438.637883,2025-10-03 18:17:18.637882948,200.0,50.79999923706055,0.0,40.0,209.35286784172058
1759515439.2416384,2025-10-03 18:17:19.241638422,200.0,50.900001525878906,0.0,40.0,209.95662331581116
1759515439.905099,2025-10-03 18:17:19.905098915,200.0,51.0,0.0,40.0,210.62008380889893
1759515440.51024,2025-10-03 18:17:20.510240078,200.0,51.09999847412109,0.0,40.0,211.22522497177124
1759515441.2392287,2025-10-03 18:17:21.239228725,200.0,51.20000076293945,0.0,40.0,211.95421361923218
1759515441.8390102,2025-10-03 18:17:21.839010239,200.0,51.29999923706055,0.0,40.0,212.5539951324463
1759515442.7010734,2025-10-03 18:17:22.701073408,200.0,51.400001525878906,0.0,40.0,213.41605830192566
1759515443.5419865,2025-10-03 18:17:23.541986465,200.0,51.5,0.0,40.0,214.25697135925293
1759515444.4427383,2025-10-03 18:17:24.442738533,200.0,51.59999847412109,0.0,40.0,215.15772318840027
1759515445.4081883,2025-10-03 18:17:25.408188343,200.0,51.70000076293945,0.0,40.0,216.12317323684692
1759515446.4443538,2025-10-03 18:17:26.444353819,200.0,51.79999923706055,0.0,40.0,217.15933871269226
1759515447.5332706,2025-10-03 18:17:27.533270597,200.0,51.900001525878906,0.0,40.0,218.2482554912567
1759515448.444664,2025-10-03 18:17:28.444664001,200.0,52.0,0.0,40.0,219.15964889526367
1759515449.31273,2025-10-03 18:17:29.312730074,200.0,52.09999847412109,0.0,40.0,220.02771496772766
1759515450.0350714,2025-10-03 18:17:30.035071373,200.0,52.20000076293945,0.0,40.0,220.75005626678467
1759515450.7016206,2025-10-03 18:17:30.701620579,200.0,52.29999923706055,0.0,40.0,221.4166054725647
1759515451.800917,2025-10-03 18:17:31.800916910,200.0,52.400001525878906,0.0,40.0,222.51590180397034
1759515452.5280218,2025-10-03 18:17:32.528021812,200.0,52.5,0.0,40.0,223.2430067062378
1759515453.5950725,2025-10-03 18:17:33.595072508,200.0,52.59999847412109,0.0,40.0,224.3100574016571
1759515454.625654,2025-10-03 18:17:34.625653982,200.0,52.70000076293945,0.0,40.0,225.3406388759613
1759515455.5319953,2025-10-03 18:17:35.531995295,200.0,52.79999923706055,0.0,40.0,226.2469801902771
1759515456.2364058,2025-10-03 18:17:36.236405849,200.0,52.900001525878906,0.0,40.0,226.95139074325562
1759515457.3207407,2025-10-03 18:17:37.320740700,200.0,53.0,0.0,40.0,228.0357255935669
1759515458.0414522,2025-10-03 18:17:38.041452169,200.0,53.09999847412109,0.0,40.0,228.75643706321716
1759515459.1352246,2025-10-03 18:17:39.135224581,200.0,53.20000076293945,0.0,40.0,229.8502094745636
1759515460.0157368,2025-10-03 18:17:40.015736818,200.0,53.29999923706055,0.0,40.0,230.73072171211243
1759515460.9340496,2025-10-03 18:17:40.934049606,200.0,53.400001525878906,0.0,40.0,231.64903450012207
1759515461.9021266,2025-10-03 18:17:41.902126551,200.0,53.5,0.0,40.0,232.61711144447327
1759515462.937682,2025-10-03 18:17:42.937681913,200.0,53.59999847412109,0.0,40.0,233.65266680717468
1759515464.2977002,2025-10-03 18:17:44.297700167,200.0,53.70000076293945,0.0,40.0,235.0126850605011
1759515465.318879,2025-10-03 18:17:45.318878651,200.0,53.79999923706055,0.0,40.0,236.0338637828827
1759515466.5284908,2025-10-03 18:17:46.528490782,200.0,53.900001525878906,0.0,40.0,237.24347567558289
1759515467.5122828,2025-10-03 18:17:47.512282848,200.0,54.0,0.0,40.0,238.22726774215698
1759515468.6032145,2025-10-03 18:17:48.603214502,200.0,54.09999847412109,0.0,40.0,239.31819939613342
1759515469.4967542,2025-10-03 18:17:49.496754169,200.0,54.20000076293945,0.0,40.0,240.21173906326294
1759515470.719484,2025-10-03 18:17:50.719483852,200.0,54.29999923706055,0.0,40.0,241.43446898460388
1759515471.6228497,2025-10-03 18:17:51.622849703,200.0,54.400001525878906,0.0,40.0,242.3378345966339
1759515472.4194884,2025-10-03 18:17:52.419488430,200.0,54.5,0.0,40.0,243.13447332382202
1759515473.3198977,2025-10-03 18:17:53.319897652,200.0,54.59999847412109,0.0,40.0,244.0348825454712
1759515474.5359964,2025-10-03 18:17:54.535996437,200.0,54.70000076293945,0.0,40.0,245.25098133087158
1759515475.3223252,2025-10-03 18:17:55.322325230,200.0,54.79999923706055,0.0,40.0,246.0373101234436
1759515476.5422263,2025-10-03 18:17:56.542226315,200.0,54.900001525878906,0.0,40.0,247.2572112083435
1759515477.395171,2025-10-03 18:17:57.395170927,200.0,55.0,0.0,40.0,248.11015582084656
1759515478.4116812,2025-10-03 18:17:58.411681175,200.0,55.09999847412109,0.0,40.0,249.12666606903076
1759515479.316313,2025-10-03 18:17:59.316313028,200.0,55.20000076293945,0.0,40.0,250.0312979221344
1759515480.5370898,2025-10-03 18:18:00.537089825,200.0,55.29999923706055,0.0,40.0,251.25207471847534
1759515481.1971288,2025-10-03 18:18:01.197128773,200.0,55.400001525878906,0.0,40.0,251.91211366653442
1759515482.0949404,2025-10-03 18:18:02.094940424,200.0,55.5,0.0,40.0,252.80992531776428
1759515483.1204712,2025-10-03 18:18:03.120471239,200.0,55.59999847412109,0.0,40.0,253.8354561328888
1759515484.216846,2025-10-03 18:18:04.216845989,200.0,55.70000076293945,0.0,40.0,254.93183088302612
1759515485.4906788,2025-10-03 18:18:05.490678787,200.0,55.79999923706055,0.0,40.0,256.2056636810303
1759515487.3164773,2025-10-03 18:18:07.316477299,200.0,55.900001525878906,0.0,40.0,258.0314621925354
1759515488.6426904,2025-10-03 18:18:08.642690420,200.0,56.0,0.0,40.0,259.3576753139496
1759515489.7327726,2025-10-03 18:18:09.732772589,200.0,56.09999847412109,0.0,40.0,260.4477574825287
1759515490.5939825,2025-10-03 18:18:10.593982458,200.0,56.20000076293945,0.0,40.0,261.30896735191345
1759515491.509671,2025-10-03 18:18:11.509670973,200.0,56.29999923706055,0.0,40.0,262.2246558666229
1759515492.7222047,2025-10-03 18:18:12.722204685,200.0,56.400001525878906,0.0,40.0,263.43718957901
1759515493.442233,2025-10-03 18:18:13.442233086,200.0,56.5,0.0,40.0,264.15721797943115
1759515494.4324555,2025-10-03 18:18:14.432455540,200.0,56.59999847412109,0.0,40.0,265.1474404335022
1759515495.3384802,2025-10-03 18:18:15.338480234,200.0,56.70000076293945,0.0,40.0,266.05346512794495
1759515496.2404108,2025-10-03 18:18:16.240410805,200.0,56.79999923706055,0.0,40.0,266.95539569854736
1759515497.338097,2025-10-03 18:18:17.338097095,200.0,56.900001525878906,0.0,40.0,268.05308198928833
1759515498.3178358,2025-10-03 18:18:18.317835808,200.0,57.0,0.0,40.0,269.0328207015991
1759515498.9187424,2025-10-03 18:18:18.918742418,200.0,57.09999847412109,0.0,40.0,269.633727312088
1759515499.6487844,2025-10-03 18:18:19.648784399,200.0,57.20000076293945,0.0,40.0,270.3637692928314
1759515500.4914188,2025-10-03 18:18:20.491418839,200.0,57.29999923706055,0.0,40.0,271.2064037322998
1759515501.2904656,2025-10-03 18:18:21.290465593,200.0,57.400001525878906,0.0,40.0,272.00545048713684
1759515502.0176191,2025-10-03 18:18:22.017619133,200.0,57.5,0.0,40.0,272.73260402679443
1759515502.799488,2025-10-03 18:18:22.799488068,200.0,57.59999847412109,0.0,40.0,273.5144729614258
1759515503.824448,2025-10-03 18:18:23.824448109,200.0,57.70000076293945,0.0,40.0,274.5394330024719
1759515505.0975466,2025-10-03 18:18:25.097546577,200.0,57.79999923706055,0.0,40.0,275.81253147125244
1759515506.0036445,2025-10-03 18:18:26.003644466,200.0,57.900001525878906,0.0,40.0,276.718629360199
1759515507.2109034,2025-10-03 18:18:27.210903406,200.0,58.0,0.0,40.0,277.925888299942
1759515508.138011,2025-10-03 18:18:28.138010979,200.0,58.09999847412109,0.0,40.0,278.85299587249756
1759515509.7090476,2025-10-03 18:18:29.709047556,200.0,58.20000076293945,0.0,40.0,280.4240324497223
1759515510.9190574,2025-10-03 18:18:30.919057369,200.0,58.29999923706055,0.0,40.0,281.634042263031
1759515512.919701,2025-10-03 18:18:32.919701099,200.0,58.400001525878906,0.0,40.0,283.6346859931946
1759515514.1182697,2025-10-03 18:18:34.118269682,200.0,58.5,0.0,40.0,284.83325457572937
1759515515.395471,2025-10-03 18:18:35.395471096,200.0,58.59999847412109,0.0,40.0,286.11045598983765
1759515517.0213826,2025-10-03 18:18:37.021382570,200.0,58.70000076293945,0.0,40.0,287.73636746406555
1759515518.539497,2025-10-03 18:18:38.539496660,200.0,58.79999923706055,0.0,40.0,289.25448179244995
1759515520.302122,2025-10-03 18:18:40.302121878,200.0,58.900001525878906,0.0,40.0,291.0171070098877
1759515521.322651,2025-10-03 18:18:41.322650671,200.0,59.0,0.0,40.0,292.03763580322266
1759515522.791664,2025-10-03 18:18:42.791664124,200.0,59.09999847412109,0.0,40.0,293.5066487789154
1759515524.0004065,2025-10-03 18:18:44.000406504,200.0,59.20000076293945,0.0,40.0,294.7153913974762
1759515525.4026637,2025-10-03 18:18:45.402663469,200.0,59.29999923706055,0.0,40.0,296.117648601532
1759515526.428927,2025-10-03 18:18:46.428926945,200.0,59.400001525878906,0.0,40.0,297.1439118385315
1759515527.0975308,2025-10-03 18:18:47.097530842,200.0,59.5,0.0,40.0,297.8125157356262
1759515528.3199637,2025-10-03 18:18:48.319963455,200.0,59.59999847412109,0.0,40.0,299.0349485874176
1759515529.2397444,2025-10-03 18:18:49.239744425,200.0,59.70000076293945,0.0,40.0,299.9547293186188
1759515530.0902474,2025-10-03 18:18:50.090247393,200.0,59.79999923706055,0.0,40.0,300.80523228645325
1759515531.1322303,2025-10-03 18:18:51.132230282,200.0,59.900001525878906,0.0,40.0,301.84721517562866
1759515532.038241,2025-10-03 18:18:52.038240671,200.0,60.0,0.0,40.0,302.75322580337524
1759515533.2113185,2025-10-03 18:18:53.211318254,200.0,60.09999847412109,0.0,40.0,303.92630338668823
1759515534.4253492,2025-10-03 18:18:54.425349236,200.0,60.20000076293945,0.0,40.0,305.1403341293335
1759515535.5927205,2025-10-03 18:18:55.592720270,200.0,60.29999923706055,0.0,40.0,306.30770540237427
1759515536.8218565,2025-10-03 18:18:56.821856260,200.0,60.400001525878906,0.0,40.0,307.5368413925171
1759515537.5474584,2025-10-03 18:18:57.547458410,200.0,60.5,0.0,40.0,308.2624433040619
1759515538.7037916,2025-10-03 18:18:58.703791618,200.0,60.59999847412109,0.0,40.0,309.418776512146
1759515539.6148438,2025-10-03 18:18:59.614843845,200.0,60.70000076293945,0.0,40.0,310.32982873916626
1759515540.6969838,2025-10-03 18:19:00.696983814,200.0,60.79999923706055,0.0,40.0,311.41196870803833
1759515541.7308235,2025-10-03 18:19:01.730823517,200.0,60.900001525878906,0.0,40.0,312.44580841064453
1759515543.507435,2025-10-03 18:19:03.507435082,200.0,61.0,0.0,40.0,314.2224199771881
1759515545.0167508,2025-10-03 18:19:05.016750813,200.0,61.09999847412109,0.0,40.0,315.73173570632935
1759515547.1877396,2025-10-03 18:19:07.187739611,200.0,61.20000076293945,0.0,40.0,317.9027245044708
1759515549.000646,2025-10-03 18:19:09.000646114,200.0,61.29999923706055,0.0,40.0,319.7156310081482
1759515551.5011635,2025-10-03 18:19:11.501163483,200.0,61.400001525878906,0.0,40.0,322.21614837646484
1759515552.8391316,2025-10-03 18:19:12.839131594,200.0,61.5,0.0,40.0,323.55411648750305
1759515553.993915,2025-10-03 18:19:13.993915081,200.0,61.59999847412109,0.0,40.0,324.708899974823
1759515555.197185,2025-10-03 18:19:15.197185040,200.0,61.70000076293945,0.0,40.0,325.9121699333191
1759515556.5937195,2025-10-03 18:19:16.593719482,200.0,61.79999923706055,0.0,40.0,327.3087043762207
1759515557.620055,2025-10-03 18:19:17.620054960,200.0,61.900001525878906,0.0,40.0,328.3350398540497
1759515558.9405105,2025-10-03 18:19:18.940510511,200.0,62.0,0.0,40.0,329.65549540519714
1759515560.1008503,2025-10-03 18:19:20.100850344,200.0,62.09999847412109,0.0,40.0,330.81583523750305
1759515561.2088857,2025-10-03 18:19:21.208885670,200.0,62.20000076293945,0.0,40.0,331.9238705635071
1759515562.797369,2025-10-03 18:19:22.797369003,200.0,62.29999923706055,0.0,40.0,333.5123538970947
1759515564.025816,2025-10-03 18:19:24.025815964,200.0,62.400001525878906,0.0,40.0,334.74080085754395
1759515565.2267764,2025-10-03 18:19:25.226776361,200.0,62.5,0.0,40.0,335.9417612552643
1759515566.4476647,2025-10-03 18:19:26.447664738,200.0,62.59999847412109,0.0,40.0,337.16264963150024
1759515567.4177866,2025-10-03 18:19:27.417786598,200.0,62.70000076293945,0.0,40.0,338.1327714920044
1759515568.2001786,2025-10-03 18:19:28.200178623,200.0,62.79999923706055,0.0,40.0,338.9151635169983
1759515569.2281718,2025-10-03 18:19:29.228171825,200.0,62.900001525878906,0.0,40.0,339.94315671920776
1759515570.393489,2025-10-03 18:19:30.393488884,200.0,63.0,0.0,40.0,341.108473777771
1759515571.5956266,2025-10-03 18:19:31.595626593,200.0,63.09999847412109,0.0,40.0,342.31061148643494
1759515573.230196,2025-10-03 18:19:33.230195999,200.0,63.20000076293945,0.0,40.0,343.94518089294434
1759515575.1024115,2025-10-03 18:19:35.102411747,200.0,63.29999923706055,0.0,40.0,345.817396402359
1759515576.7969732,2025-10-03 18:19:36.796973228,200.0,63.400001525878906,0.0,40.0,347.5119581222534
1759515578.590095,2025-10-03 18:19:38.590095043,200.0,63.5,0.0,40.0,349.3050799369812
1759515579.9880297,2025-10-03 18:19:39.988029480,200.0,63.59999847412109,0.0,40.0,350.7030146121979
1759515581.224749,2025-10-03 18:19:41.224749088,200.0,63.70000076293945,0.0,40.0,351.9397339820862
1759515582.437509,2025-10-03 18:19:42.437509060,200.0,63.79999923706055,0.0,40.0,353.15249395370483
1759515583.3353982,2025-10-03 18:19:43.335398197,200.0,63.900001525878906,0.0,40.0,354.0503830909729
1759515584.4395158,2025-10-03 18:19:44.439515829,200.0,64.0,0.0,40.0,355.15450072288513
1759515585.536556,2025-10-03 18:19:45.536556005,200.0,64.0999984741211,0.0,40.0,356.25154089927673
1759515586.9994931,2025-10-03 18:19:46.999493122,200.0,64.19999694824219,0.0,40.0,357.71447801589966
1759515588.7079155,2025-10-03 18:19:48.707915545,200.0,64.30000305175781,0.0,40.0,359.4229004383087
1759515590.6061776,2025-10-03 18:19:50.606177568,200.0,64.4000015258789,0.0,40.0,361.3211624622345
1759515593.0236409,2025-10-03 18:19:53.023640871,200.0,64.5,0.0,40.0,363.7386257648468
1759515594.301715,2025-10-03 18:19:54.301714659,200.0,64.5999984741211,0.0,40.0,365.0166997909546
1759515595.9296253,2025-10-03 18:19:55.929625273,200.0,64.69999694824219,0.0,40.0,366.6446101665497
1759515597.138826,2025-10-03 18:19:57.138825893,200.0,64.80000305175781,0.0,40.0,367.8538107872009
1759515598.294891,2025-10-03 18:19:58.294891119,200.0,64.9000015258789,0.0,40.0,369.0098760128021
1759515599.4958549,2025-10-03 18:19:59.495854855,200.0,65.0,0.0,40.0,370.21083974838257
1759515601.1283994,2025-10-03 18:20:01.128399372,200.0,65.0999984741211,0.0,40.0,371.84338426589966
1759515602.6367364,2025-10-03 18:20:02.636736393,200.0,65.19999694824219,0.0,40.0,373.3517212867737
1759515604.613298,2025-10-03 18:20:04.613297939,200.0,65.30000305175781,0.0,40.0,375.32828283309937
1759515605.83309,2025-10-03 18:20:05.833090067,200.0,65.4000015258789,0.0,40.0,376.5480749607086
1759515607.396593,2025-10-03 18:20:07.396593332,200.0,65.5,0.0,40.0,378.1115779876709
1759515608.7334964,2025-10-03 18:20:08.733496428,200.0,65.5999984741211,0.0,40.0,379.44848132133484
1759515610.5379794,2025-10-03 18:20:10.537979364,200.0,65.69999694824219,0.0,40.0,381.25296425819397
1759515611.8128524,2025-10-03 18:20:11.812852383,200.0,65.80000305175781,0.0,40.0,382.52783727645874
1759515613.2035894,2025-10-03 18:20:13.203589439,200.0,65.9000015258789,0.0,40.0,383.9185743331909
1759515614.4196322,2025-10-03 18:20:14.419632196,200.0,66.0,0.0,40.0,385.1346170902252
1759515615.6952474,2025-10-03 18:20:15.695247412,200.0,66.0999984741211,0.0,40.0,386.41023230552673
1759515617.3199668,2025-10-03 18:20:17.319966793,200.0,66.19999694824219,0.0,40.0,388.03495168685913
1759515619.098596,2025-10-03 18:20:19.098596096,200.0,66.30000305175781,0.0,40.0,389.81358098983765
1759515620.4894116,2025-10-03 18:20:20.489411592,200.0,66.4000015258789,0.0,40.0,391.20439648628235
1759515621.824996,2025-10-03 18:20:21.824995995,200.0,66.5,0.0,40.0,392.5399808883667
1759515623.2938097,2025-10-03 18:20:23.293809652,200.0,66.5999984741211,0.0,40.0,394.0087945461273
1759515625.8043802,2025-10-03 18:20:25.804380178,200.0,66.69999694824219,0.0,40.0,396.51936507225037
1759515628.534659,2025-10-03 18:20:28.534658670,200.0,66.80000305175781,0.0,40.0,399.2496438026428
1759515631.5921645,2025-10-03 18:20:31.592164516,200.0,66.9000015258789,0.0,40.0,402.3071494102478
1759515631.9028597,2025-10-03 18:20:31.902859688,200.0,66.80000305175781,0.0,40.0,402.617844581604
1759515632.0884478,2025-10-03 18:20:32.088447809,200.0,66.9000015258789,0.0,40.0,402.8034327030182
1759515634.1391094,2025-10-03 18:20:34.139109373,200.0,67.0,0.0,40.0,404.8540942668915
1759515636.1340363,2025-10-03 18:20:36.134036541,200.0,67.0999984741211,0.0,40.0,406.84902119636536
1759515638.013743,2025-10-03 18:20:38.013742924,200.0,67.19999694824219,0.0,40.0,408.7287278175354
1759515640.5041678,2025-10-03 18:20:40.504167795,200.0,67.30000305175781,0.0,40.0,411.2191526889801
1759515643.7884915,2025-10-03 18:20:43.788491488,200.0,67.4000015258789,0.0,40.0,414.5034763813019
1759515643.9096134,2025-10-03 18:20:43.909613371,200.0,67.30000305175781,0.0,40.0,414.6245982646942
1759515644.209147,2025-10-03 18:20:44.209146976,200.0,67.4000015258789,0.0,40.0,414.9241318702698
1759515645.5940995,2025-10-03 18:20:45.594099522,200.0,67.5,0.0,40.0,416.3090844154358
1759515647.5319932,2025-10-03 18:20:47.531993151,200.0,67.5999984741211,0.0,40.0,418.2469780445099
1759515649.0379958,2025-10-03 18:20:49.037995815,200.0,67.69999694824219,0.0,40.0,419.7529807090759
1759515651.3957767,2025-10-03 18:20:51.395776749,200.0,67.80000305175781,0.0,40.0,422.11076164245605
1759515653.5938935,2025-10-03 18:20:53.593893528,200.0,67.9000015258789,0.0,40.0,424.30887842178345
1759515657.2024615,2025-10-03 18:20:57.202461481,200.0,68.0,0.0,40.0,427.9174463748932
1759515659.430595,2025-10-03 18:20:59.430594921,200.0,68.0999984741211,0.0,40.0,430.1455798149109
1759515661.3076758,2025-10-03 18:21:01.307675838,200.0,68.19999694824219,0.0,40.0,432.0226607322693
1759515663.3114443,2025-10-03 18:21:03.311444521,200.0,68.30000305175781,0.0,40.0,434.02642917633057
1759515664.8247747,2025-10-03 18:21:04.824774742,200.0,68.4000015258789,0.0,40.0,435.5397596359253
1759515666.40002,2025-10-03 18:21:06.400020123,200.0,68.5,0.0,40.0,437.1150047779083
1759515667.622923,2025-10-03 18:21:07.622922897,200.0,68.5999984741211,0.0,40.0,438.3379077911377
1759515669.1301212,2025-10-03 18:21:09.130121231,200.0,68.69999694824219,0.0,40.0,439.84510612487793
1759515670.712705,2025-10-03 18:21:10.712704659,200.0,68.80000305175781,0.0,40.0,441.4276897907257
1759515672.5956762,2025-10-03 18:21:12.595676184,200.0,68.9000015258789,0.0,40.0,443.3106610774994
1759515674.6367626,2025-10-03 18:21:14.636762619,200.0,69.0,0.0,40.0,445.3517475128174
1759515677.4164753,2025-10-03 18:21:17.416475296,200.0,69.0999984741211,0.0,40.0,448.13146018981934
1759515680.8128383,2025-10-03 18:21:20.812838316,200.0,69.19999694824219,0.0,40.0,451.5278232097626
1759515681.4866977,2025-10-03 18:21:21.486697674,200.0,69.0999984741211,0.0,40.0,452.20168256759644
1759515682.0291724,2025-10-03 18:21:22.029172421,200.0,69.19999694824219,0.0,40.0,452.74415731430054
1759515688.39307,2025-10-03 18:21:28.393069983,200.0,69.30000305175781,0.0,40.0,459.1080548763275
1759515690.634507,2025-10-03 18:21:30.634506941,200.0,69.4000015258789,0.0,40.0,461.3494918346405
1759515692.2308953,2025-10-03 18:21:32.230895281,200.0,69.5,0.0,40.0,462.94588017463684
1759515694.317657,2025-10-03 18:21:34.317656994,200.0,69.5999984741211,0.0,40.0,465.0326418876648
1759515696.6142375,2025-10-03 18:21:36.614237547,200.0,69.69999694824219,0.0,40.0,467.3292224407196
1759515698.2108045,2025-10-03 18:21:38.210804462,200.0,69.80000305175781,0.0,40.0,468.9257893562317
1759515699.18633,2025-10-03 18:21:39.186330080,200.0,69.9000015258789,0.0,40.0,469.9013149738312
1759515700.392763,2025-10-03 18:21:40.392762661,200.0,70.0,0.0,40.0,471.10774779319763
1759515701.932007,2025-10-03 18:21:41.932007074,200.0,70.0999984741211,0.0,40.0,472.6469919681549
1759515704.0201046,2025-10-03 18:21:44.020104647,200.0,70.19999694824219,0.0,40.0,474.73508954048157
1759515710.7870786,2025-10-03 18:21:50.787078619,200.0,70.30000305175781,0.0,40.0,481.5020635128021
1759515712.9176898,2025-10-03 18:21:52.917689800,200.0,70.4000015258789,0.0,40.0,483.6326746940613
1759515715.0151937,2025-10-03 18:21:55.015193462,200.0,70.5,0.0,40.0,485.73017859458923
1759515716.6019516,2025-10-03 18:21:56.601951599,200.0,70.5999984741211,0.0,40.0,487.3169364929199
1759515717.9914143,2025-10-03 18:21:57.991414309,200.0,70.69999694824219,0.0,40.0,488.7063992023468
1759515720.1829607,2025-10-03 18:22:00.182960749,200.0,70.80000305175781,0.0,40.0,490.8979456424713
1759515726.3904994,2025-10-03 18:22:06.390499353,200.0,70.9000015258789,0.0,40.0,497.10548424720764
1759515729.093794,2025-10-03 18:22:09.093794107,200.0,71.0,0.0,40.0,499.80877900123596
1759515731.6129026,2025-10-03 18:22:11.612902641,200.0,71.0999984741211,0.0,40.0,502.3278875350952
1759515731.791464,2025-10-03 18:22:11.791463852,200.0,71.0,0.0,40.0,502.5064489841461
1759515731.9147902,2025-10-03 18:22:11.914790154,200.0,71.0999984741211,0.0,40.0,502.62977504730225
1759515734.7282553,2025-10-03 18:22:14.728255272,200.0,71.19999694824219,0.0,40.0,505.44324016571045
1759515738.194245,2025-10-03 18:22:18.194245100,200.0,71.30000305175781,0.0,40.0,508.9092299938202
1759515752.9439552,2025-10-03 18:22:32.943955183,200.0,71.4000015258789,0.0,40.0,523.658940076828
1759515754.8311253,2025-10-03 18:22:34.831125259,200.0,71.5,0.0,40.0,525.5461101531982
1759515756.4202063,2025-10-03 18:22:36.420206308,200.0,71.5999984741211,0.0,40.0,527.1351912021637
1759515759.425808,2025-10-03 18:22:39.425807953,200.0,71.69999694824219,0.0,40.0,530.1407928466797
1759515761.7926495,2025-10-03 18:22:41.792649746,200.0,71.80000305175781,0.0,40.0,532.5076344013214
1759515763.8900783,2025-10-03 18:22:43.890078306,200.0,71.9000015258789,0.0,40.0,534.605063199997
1759515766.1197991,2025-10-03 18:22:46.119799137,200.0,72.0,0.0,40.0,536.8347840309143
1759515766.3114517,2025-10-03 18:22:46.311451674,200.0,71.9000015258789,0.0,40.0,537.0264365673065
1759515766.4960206,2025-10-03 18:22:46.496020555,200.0,72.0,0.0,40.0,537.211005449295
1759515769.732343,2025-10-03 18:22:49.732342958,200.0,72.0999984741211,0.0,40.0,540.4473278522491
1759515772.8013728,2025-10-03 18:22:52.801372766,200.0,72.19999694824219,0.0,40.0,543.5163576602936
1759515774.5942736,2025-10-03 18:22:54.594273567,200.0,72.30000305175781,0.0,40.0,545.3092584609985
1759515777.092261,2025-10-03 18:22:57.092261076,200.0,72.4000015258789,0.0,40.0,547.8072459697723
1759515780.3857338,2025-10-03 18:23:00.385733843,200.0,72.5,0.0,40.0,551.1007187366486
1759515783.3301766,2025-10-03 18:23:03.330176592,200.0,72.5999984741211,0.0,40.0,554.045161485672
1759515785.6006873,2025-10-03 18:23:05.600687265,200.0,72.69999694824219,0.0,40.0,556.315672159195
1759515794.9097123,2025-10-03 18:23:14.909712315,200.0,72.80000305175781,0.0,40.0,565.6246972084045
1759515797.2271266,2025-10-03 18:23:17.227126598,200.0,72.9000015258789,0.0,40.0,567.942111492157
1759515801.4989183,2025-10-03 18:23:21.498918295,200.0,73.0,0.0,40.0,572.2139031887054
1759515802.1041255,2025-10-03 18:23:22.104125738,200.0,72.9000015258789,0.0,40.0,572.8191103935242
1759515802.2318363,2025-10-03 18:23:22.231836319,200.0,73.0,0.0,40.0,572.9468212127686
1759515804.6142018,2025-10-03 18:23:24.614201784,200.0,73.0999984741211,0.0,40.0,575.3291866779327
1759515806.5113618,2025-10-03 18:23:26.511361837,200.0,73.19999694824219,0.0,40.0,577.2263467311859
1759515808.598458,2025-10-03 18:23:28.598458052,200.0,73.30000305175781,0.0,40.0,579.3134429454803
1759515810.7383118,2025-10-03 18:23:30.738311768,200.0,73.4000015258789,0.0,40.0,581.453296661377
1759515813.2042875,2025-10-03 18:23:33.204287529,200.0,73.5,0.0,40.0,583.9192724227905
1759515824.5169814,2025-10-03 18:23:44.516981363,200.0,73.5999984741211,0.0,40.0,595.2319662570953
1759515828.1951013,2025-10-03 18:23:48.195101261,200.0,73.69999694824219,0.0,40.0,598.9100861549377
1759515831.1834304,2025-10-03 18:23:51.183430433,200.0,73.80000305175781,0.0,40.0,601.8984153270721
1759515831.3035488,2025-10-03 18:23:51.303548813,200.0,73.69999694824219,0.0,40.0,602.018533706665
1759515831.4857314,2025-10-03 18:23:51.485731363,200.0,73.80000305175781,0.0,40.0,602.2007162570953
1759515835.9178514,2025-10-03 18:23:55.917851448,200.0,73.9000015258789,0.0,40.0,606.6328363418579
1759515839.1999176,2025-10-03 18:23:59.199917555,200.0,74.0,0.0,40.0,609.9149024486542
1759515841.579944,2025-10-03 18:24:01.579944134,200.0,74.0999984741211,0.0,40.0,612.2949287891388
1759515849.8171985,2025-10-03 18:24:09.817198515,200.0,74.19999694824219,0.0,40.0,620.5321834087372
1759515853.1878195,2025-10-03 18:24:13.187819481,200.0,74.30000305175781,0.0,40.0,623.9028043746948
1759515855.030491,2025-10-03 18:24:15.030491114,200.0,74.4000015258789,0.0,40.0,625.7454760074615
1759515855.0935822,2025-10-03 18:24:15.093582153,200.0,74.30000305175781,0.0,40.0,625.8085670471191
1759515855.3360353,2025-10-03 18:24:15.336035252,200.0,74.4000015258789,0.0,40.0,626.0510201454163
1759515857.790199,2025-10-03 18:24:17.790199041,200.0,74.5,0.0,40.0,628.5051839351654
1759515862.8246367,2025-10-03 18:24:22.824636698,200.0,74.5999984741211,0.0,40.0,633.539621591568
1759515866.13056,2025-10-03 18:24:26.130559921,200.0,74.69999694824219,0.0,40.0,636.8455448150635
1759515870.9941156,2025-10-03 18:24:30.994115591,200.0,74.80000305175781,0.0,40.0,641.709100484848
1759515874.686263,2025-10-03 18:24:34.686263323,200.0,74.9000015258789,0.0,40.0,645.4012479782104
1759515877.029076,2025-10-03 18:24:37.029075861,200.0,75.0,0.0,40.0,647.7440609931946
1759515882.8835137,2025-10-03 18:24:42.883513451,200.0,75.0999984741211,0.0,40.0,653.59849858284
1759515885.8758907,2025-10-03 18:24:45.875890732,200.0,75.19999694824219,0.0,40.0,656.5908756256104
1759515888.0916862,2025-10-03 18:24:48.091686249,200.0,75.0999984741211,0.0,40.0,658.8066711425781
1759515890.890544,2025-10-03 18:24:50.890543938,200.0,75.0,0.0,40.0,661.6055288314819
1759515894.8804746,2025-10-03 18:24:54.880474567,200.0,75.0999984741211,0.0,40.0,665.5954594612122
1759515896.2970424,2025-10-03 18:24:56.297042370,200.0,75.19999694824219,0.0,40.0,667.0120272636414
1759515898.1301398,2025-10-03 18:24:58.130139828,200.0,75.30000305175781,0.0,40.0,668.8451247215271
1759515899.6008432,2025-10-03 18:24:59.600843191,200.0,75.4000015258789,0.0,40.0,670.3158280849457
1759515901.3256843,2025-10-03 18:25:01.325684309,200.0,75.5,0.0,40.0,672.0406692028046
1759515903.7190173,2025-10-03 18:25:03.719017267,200.0,75.5999984741211,0.0,40.0,674.434002161026
1759515905.925624,2025-10-03 18:25:05.925623894,200.0,75.69999694824219,0.0,40.0,676.6406087875366
1759515909.5304277,2025-10-03 18:25:09.530427694,200.0,75.80000305175781,0.0,40.0,680.2454125881195
1759515913.8187149,2025-10-03 18:25:13.818714857,200.0,75.9000015258789,0.0,40.0,684.5336997509003
1759515915.9005442,2025-10-03 18:25:15.900544167,200.0,76.0,0.0,40.0,686.6155290603638
1759515916.2166982,2025-10-03 18:25:16.216698170,200.0,75.9000015258789,0.0,40.0,686.9316830635071
1759515916.2787597,2025-10-03 18:25:16.278759480,200.0,76.0,0.0,40.0,686.9937446117401
1759515919.6232271,2025-10-03 18:25:19.623227119,200.0,76.0999984741211,0.0,40.0,690.3382120132446
1759515926.6176074,2025-10-03 18:25:26.617607355,200.0,76.19999694824219,0.0,40.0,697.3325922489166
1759515931.5328212,2025-10-03 18:25:31.532821177,200.0,76.30000305175781,0.0,40.0,702.2478060722351
1759515934.5937428,2025-10-03 18:25:34.593742847,200.0,76.4000015258789,0.0,40.0,705.3087277412415
1759515937.7216034,2025-10-03 18:25:37.721603394,200.0,76.5,0.0,40.0,708.4365882873535
1759515940.887647,2025-10-03 18:25:40.887646914,200.0,76.5999984741211,0.0,40.0,711.6026318073273
1759515941.0069523,2025-10-03 18:25:41.006952524,200.0,76.5,0.0,40.0,711.7219371795654
1759515941.6236446,2025-10-03 18:25:41.623644590,200.0,76.5999984741211,0.0,40.0,712.3386294841766
1759515944.399582,2025-10-03 18:25:44.399582148,200.0,76.69999694824219,0.0,40.0,715.1145668029785
1759515947.106678,2025-10-03 18:25:47.106678009,200.0,76.80000305175781,0.0,40.0,717.821662902832
1759515949.7907958,2025-10-03 18:25:49.790795803,200.0,76.9000015258789,0.0,40.0,720.5057806968689
1759515953.382636,2025-10-03 18:25:53.382636070,200.0,77.0,0.0,40.0,724.0976209640503
1759515959.080274,2025-10-03 18:25:59.080273867,200.0,77.0999984741211,0.0,40.0,729.7952589988708
1759515959.3280883,2025-10-03 18:25:59.328088284,200.0,77.0,0.0,40.0,730.0430731773376
1759515959.390514,2025-10-03 18:25:59.390513897,200.0,77.0999984741211,0.0,40.0,730.105498790741
1759515966.7293675,2025-10-03 18:26:06.729367733,200.0,77.19999694824219,0.0,40.0,737.444352388382
1759515973.5995398,2025-10-03 18:26:13.599539757,200.0,77.30000305175781,0.0,40.0,744.3145246505737
1759515985.67247,2025-10-03 18:26:25.672469854,200.0,77.4000015258789,0.0,40.0,756.3874549865723
1759515985.9149268,2025-10-03 18:26:25.914926767,200.0,77.30000305175781,0.0,40.0,756.6299116611481
1759515985.976924,2025-10-03 18:26:25.976923943,200.0,77.4000015258789,0.0,40.0,756.6919088363647
1759515989.5279417,2025-10-03 18:26:29.527941703,200.0,77.5,0.0,40.0,760.2429265975952
1759515993.3172927,2025-10-03 18:26:33.317292690,200.0,77.5999984741211,0.0,40.0,764.0322775840759
1759515998.525357,2025-10-03 18:26:38.525357007,200.0,77.69999694824219,0.0,40.0,769.2403419017792
1759515998.704844,2025-10-03 18:26:38.704843998,200.0,77.5999984741211,0.0,40.0,769.4198288917542
1759515999.0060835,2025-10-03 18:26:39.006083488,200.0,77.69999694824219,0.0,40.0,769.7210683822632
1759516005.379482,2025-10-03 18:26:45.379482031,200.0,77.80000305175781,0.0,40.0,776.0944669246674
1759516005.6898246,2025-10-03 18:26:45.689824581,200.0,77.69999694824219,0.0,40.0,776.4048094749451
1759516006.292758,2025-10-03 18:26:46.292757988,200.0,77.80000305175781,0.0,40.0,777.0077428817749
1759516006.4183977,2025-10-03 18:26:46.418397665,200.0,77.69999694824219,0.0,40.0,777.1333825588226
1759516006.718425,2025-10-03 18:26:46.718425035,200.0,77.80000305175781,0.0,40.0,777.4334099292755
1759516006.7774377,2025-10-03 18:26:46.777437687,200.0,77.69999694824219,0.0,40.0,777.492422580719
1759516007.0242429,2025-10-03 18:26:47.024242878,200.0,77.80000305175781,0.0,40.0,777.739227771759
1759516009.7806816,2025-10-03 18:26:49.780681610,200.0,77.9000015258789,0.0,40.0,780.4956665039062
1759516011.7886028,2025-10-03 18:26:51.788602829,200.0,78.0,0.0,40.0,782.5035877227783
1759516014.274664,2025-10-03 18:26:54.274663925,200.0,78.0999984741211,0.0,40.0,784.9896488189697
1759516016.1102629,2025-10-03 18:26:56.110262871,200.0,78.19999694824219,0.0,40.0,786.8252477645874
1759516016.7766294,2025-10-03 18:26:56.776629448,200.0,78.30000305175781,0.0,40.0,787.4916143417358
1759516017.5046597,2025-10-03 18:26:57.504659653,200.0,78.4000015258789,0.0,40.0,788.2196445465088
1759516018.2860038,2025-10-03 18:26:58.286003828,200.0,78.5,0.0,40.0,789.0009887218475
1759516018.9098806,2025-10-03 18:26:58.909880638,200.0,78.5999984741211,0.0,40.0,789.6248655319214
1759516019.578422,2025-10-03 18:26:59.578422070,200.0,78.69999694824219,0.0,40.0,790.2934069633484
1759516020.176339,2025-10-03 18:27:00.176338911,200.0,78.80000305175781,0.0,40.0,790.8913238048553
1759516021.3883505,2025-10-03 18:27:01.388350487,200.0,78.9000015258789,0.0,40.0,792.1033353805542
1759516042.2049923,2025-10-03 18:27:22.204992294,200.0,79.0,0.0,40.0,812.9199771881104
1759516045.779737,2025-10-03 18:27:25.779736996,200.0,79.0999984741211,0.0,40.0,816.4947218894958
1759516045.9017558,2025-10-03 18:27:25.901755810,200.0,79.0,0.0,40.0,816.6167407035828
1759516054.0975127,2025-10-03 18:27:34.097512722,200.0,78.9000015258789,0.0,40.0,824.8124976158142
1759516055.1219904,2025-10-03 18:27:35.121990442,200.0,79.0,0.0,40.0,825.8369753360748
1759516055.308236,2025-10-03 18:27:35.308236122,200.0,78.9000015258789,0.0,40.0,826.0232207775116
1759516066.7093563,2025-10-03 18:27:46.709356546,200.0,79.0,0.0,40.0,837.4243412017822
1759516070.7948878,2025-10-03 18:27:50.794887781,200.0,79.0999984741211,0.0,40.0,841.509872674942
1759516076.2695203,2025-10-03 18:27:56.269520521,200.0,79.19999694824219,0.0,40.0,846.9845051765442
1759516081.2094405,2025-10-03 18:28:01.209440470,200.0,79.30000305175781,0.0,40.0,851.9244253635406
1759516087.974414,2025-10-03 18:28:07.974414110,200.0,79.4000015258789,0.0,40.0,858.6893990039825
1759516088.2725773,2025-10-03 18:28:08.272577286,200.0,79.30000305175781,0.0,40.0,858.9875621795654
1759516088.5767765,2025-10-03 18:28:08.576776266,200.0,79.4000015258789,0.0,40.0,859.2917613983154
1759516106.3683512,2025-10-03 18:28:26.368351221,200.0,79.5,0.0,40.0,877.0833361148834
1759516106.916278,2025-10-03 18:28:26.916278124,200.0,79.4000015258789,0.0,40.0,877.6312627792358
1759516107.285486,2025-10-03 18:28:27.285485983,200.0,79.5,0.0,40.0,878.0004708766937
1759516107.7728684,2025-10-03 18:28:27.772868395,200.0,79.4000015258789,0.0,40.0,878.4878532886505
1759516107.891273,2025-10-03 18:28:27.891273022,200.0,79.5,0.0,40.0,878.6062579154968
1759516109.789993,2025-10-03 18:28:29.789993048,200.0,79.4000015258789,0.0,40.0,880.5049779415131
1759516110.2691956,2025-10-03 18:28:30.269195557,200.0,79.5,0.0,40.0,880.9841804504395
1759516111.484517,2025-10-03 18:28:31.484517336,200.0,79.4000015258789,0.0,40.0,882.199501991272
1759516111.606244,2025-10-03 18:28:31.606244087,200.0,79.5,0.0,40.0,882.3212289810181
1759516112.1724396,2025-10-03 18:28:32.172439575,200.0,79.4000015258789,0.0,40.0,882.8874244689941
1759516118.2150438,2025-10-03 18:28:38.215043783,200.0,79.30000305175781,0.0,40.0,888.9300286769867
1759516121.575488,2025-10-03 18:28:41.575488091,200.0,79.4000015258789,0.0,40.0,892.290472984314
1759516126.2030642,2025-10-03 18:28:46.203064203,200.0,79.5,0.0,40.0,896.9180490970612
1759516131.3845203,2025-10-03 18:28:51.384520292,200.0,79.5999984741211,0.0,40.0,902.0995051860809
1759516134.1208146,2025-10-03 18:28:54.120814562,200.0,79.69999694824219,0.0,40.0,904.8357994556427
1759516151.576254,2025-10-03 18:29:11.576254129,200.0,79.5999984741211,0.0,40.0,922.29123878479
1759516156.499109,2025-10-03 18:29:16.499109030,200.0,79.5,0.0,40.0,927.2140939235687
1759516160.4003778,2025-10-03 18:29:20.400377750,200.0,79.5999984741211,0.0,40.0,931.1153626441956
1759516160.522949,2025-10-03 18:29:20.522948980,200.0,79.5,0.0,40.0,931.2379338741302
1759516160.8235676,2025-10-03 18:29:20.823567629,200.0,79.5999984741211,0.0,40.0,931.5385525226593
1759516164.478369,2025-10-03 18:29:24.478368998,200.0,79.69999694824219,0.0,40.0,935.1933538913727
1759516168.1958194,2025-10-03 18:29:28.195819378,200.0,79.80000305175781,0.0,40.0,938.910804271698
1759516168.377847,2025-10-03 18:29:28.377846956,200.0,79.69999694824219,0.0,40.0,939.0928318500519
1759516168.677553,2025-10-03 18:29:28.677552938,200.0,79.80000305175781,0.0,40.0,939.3925378322601
1759516178.797622,2025-10-03 18:29:38.797621965,200.0,79.69999694824219,0.0,40.0,949.5126068592072
1759516184.113222,2025-10-03 18:29:44.113221884,200.0,79.5999984741211,0.0,40.0,954.8282067775726
1759516184.4251316,2025-10-03 18:29:44.425131559,200.0,79.69999694824219,0.0,40.0,955.1401164531708
1759516184.6113288,2025-10-03 18:29:44.611328840,200.0,79.5999984741211,0.0,40.0,955.3263137340546
1759516184.674445,2025-10-03 18:29:44.674444914,200.0,79.69999694824219,0.0,40.0,955.389429807663
1759516184.977132,2025-10-03 18:29:44.977132082,200.0,79.5999984741211,0.0,40.0,955.6921169757843
1759516193.2069788,2025-10-03 18:29:53.206978798,200.0,79.5,0.0,40.0,963.9219636917114
1759516195.5794888,2025-10-03 18:29:55.579488754,200.0,79.5999984741211,0.0,40.0,966.2944736480713
1759516195.7052703,2025-10-03 18:29:55.705270290,200.0,79.5,0.0,40.0,966.4202551841736
1759516195.8921676,2025-10-03 18:29:55.892167568,200.0,79.5999984741211,0.0,40.0,966.6071524620056
1759516201.0678334,2025-10-03 18:30:01.067833424,200.0,79.69999694824219,0.0,40.0,971.7828183174133
1759516211.1949208,2025-10-03 18:30:11.194920778,200.0,79.5999984741211,0.0,40.0,981.9099056720734
1759516213.9751997,2025-10-03 18:30:13.975199461,200.0,79.5,0.0,40.0,984.6901845932007
1759516218.4898272,2025-10-03 18:30:18.489827156,200.0,79.4000015258789,0.0,40.0,989.2048120498657
1759516218.610097,2025-10-03 18:30:18.610096931,200.0,79.5,0.0,40.0,989.3250818252563
1759516218.8677328,2025-10-03 18:30:18.867732763,200.0,79.4000015258789,0.0,40.0,989.5827176570892
1759516219.1136591,2025-10-03 18:30:19.113659143,200.0,79.5,0.0,40.0,989.8286440372467
1759516219.4777727,2025-10-03 18:30:19.477772713,200.0,79.4000015258789,0.0,40.0,990.1927576065063
1759516223.0757844,2025-10-03 18:30:23.075784445,200.0,79.5,0.0,40.0,993.7907693386078
1759516226.2888536,2025-10-03 18:30:26.288853645,200.0,79.5999984741211,0.0,40.0,997.0038385391235
1759516228.36681,2025-10-03 18:30:28.366810083,200.0,79.69999694824219,0.0,40.0,999.0817949771881
1759516231.165298,2025-10-03 18:30:31.165297985,200.0,79.80000305175781,0.0,40.0,1001.8802828788757
1759516234.1046767,2025-10-03 18:30:34.104676723,200.0,79.9000015258789,0.0,40.0,1004.819661617279
1759516236.4086626,2025-10-03 18:30:36.408662558,200.0,80.0,0.0,40.0,1007.1236474514008
1759516239.2709703,2025-10-03 18:30:39.270970345,200.0,80.0999984741211,0.0,40.0,1009.9859552383423
1759516242.0637376,2025-10-03 18:30:42.063737631,200.0,80.19999694824219,0.0,40.0,1012.778722524643
1759516242.1840928,2025-10-03 18:30:42.184092760,200.0,80.0999984741211,0.0,40.0,1012.8990776538849
1759516242.4852068,2025-10-03 18:30:42.485206842,200.0,80.19999694824219,0.0,40.0,1013.2001917362213
1759516245.7638044,2025-10-03 18:30:45.763804436,200.0,80.30000305175781,0.0,40.0,1016.4787893295288
1759516252.0748365,2025-10-03 18:30:52.074836254,200.0,80.19999694824219,0.0,40.0,1022.7898213863373
1759516262.4811382,2025-10-03 18:31:02.481138229,200.0,80.0999984741211,0.0,40.0,1033.196123123169
1759516262.6008494,2025-10-03 18:31:02.600849390,200.0,80.19999694824219,0.0,40.0,1033.3158342838287
1759516262.71971,2025-10-03 18:31:02.719710112,200.0,80.0999984741211,0.0,40.0,1033.4346950054169
1759516266.4684627,2025-10-03 18:31:06.468462706,200.0,80.0,0.0,40.0,1037.183447599411
1759516267.073942,2025-10-03 18:31:07.073941946,200.0,80.0999984741211,0.0,40.0,1037.7889268398285
1759516276.9665284,2025-10-03 18:31:16.966528416,200.0,80.0,0.0,40.0,1047.6815133094788
1759516278.788762,2025-10-03 18:31:18.788762093,200.0,79.9000015258789,0.0,40.0,1049.5037469863892
1759516284.390967,2025-10-03 18:31:24.390966892,200.0,80.0,0.0,40.0,1055.1059517860413
1759516287.3838034,2025-10-03 18:31:27.383803368,200.0,80.0999984741211,0.0,40.0,1058.0987882614136
1759516289.319841,2025-10-03 18:31:29.319840670,200.0,80.19999694824219,0.0,40.0,1060.0348258018494
1759516292.2773852,2025-10-03 18:31:32.277385235,200.0,80.30000305175781,0.0,40.0,1062.9923701286316
1759516301.1050746,2025-10-03 18:31:41.105074644,200.0,80.4000015258789,0.0,40.0,1071.8200595378876
1759516311.466226,2025-10-03 18:31:51.466226101,200.0,80.5,0.0,40.0,1082.1812109947205
1759516314.8877108,2025-10-03 18:31:54.887710810,200.0,80.5999984741211,0.0,40.0,1085.6026957035065
1759516320.6133745,2025-10-03 18:32:00.613374472,200.0,80.69999694824219,0.0,40.0,1091.3283593654633
1759516328.2612555,2025-10-03 18:32:08.261255741,200.0,80.5999984741211,0.0,40.0,1098.9762403964996
1759516329.281561,2025-10-03 18:32:09.281560659,200.0,80.69999694824219,0.0,40.0,1099.996545791626
1759516329.519482,2025-10-03 18:32:09.519482136,200.0,80.5999984741211,0.0,40.0,1100.234466791153
1759516334.0860422,2025-10-03 18:32:14.086042166,200.0,80.5,0.0,40.0,1104.801027059555
1759516337.267533,2025-10-03 18:32:17.267533064,200.0,80.5999984741211,0.0,40.0,1107.9825179576874
1759516337.88423,2025-10-03 18:32:17.884230137,200.0,80.5,0.0,40.0,1108.5992147922516
1759516338.3610022,2025-10-03 18:32:18.361002207,200.0,80.5999984741211,0.0,40.0,1109.0759871006012
1759516338.4855158,2025-10-03 18:32:18.485515833,200.0,80.5,0.0,40.0,1109.2005007266998
1759516339.091708,2025-10-03 18:32:19.091707945,200.0,80.5999984741211,0.0,40.0,1109.8066928386688
1759516340.2900395,2025-10-03 18:32:20.290039539,200.0,80.5,0.0,40.0,1111.005024433136
1759516344.7628672,2025-10-03 18:32:24.762867212,200.0,80.5999984741211,0.0,40.0,1115.4778521060944
1759516354.980794,2025-10-03 18:32:34.980793953,200.0,80.69999694824219,0.0,40.0,1125.6957788467407
1759516365.859206,2025-10-03 18:32:45.859205961,200.0,80.5999984741211,0.0,40.0,1136.5741908550262
1759516376.297937,2025-10-03 18:32:56.297936916,200.0,80.69999694824219,0.0,40.0,1147.0129218101501
1759516382.7037575,2025-10-03 18:33:02.703757524,200.0,80.80000305175781,0.0,40.0,1153.4187424182892
1759516385.185426,2025-10-03 18:33:05.185425997,200.0,80.9000015258789,0.0,40.0,1155.9004108905792
1759516387.058041,2025-10-03 18:33:07.058041096,200.0,81.0,0.0,40.0,1157.7730259895325
1759516388.8643427,2025-10-03 18:33:08.864342690,200.0,81.0999984741211,0.0,40.0,1159.579327583313
1759516390.3636506,2025-10-03 18:33:10.363650560,200.0,81.19999694824219,0.0,40.0,1161.0786354541779
1759516398.115379,2025-10-03 18:33:18.115379095,200.0,81.0999984741211,0.0,40.0,1168.8303639888763
1759516400.404498,2025-10-03 18:33:20.404497862,200.0,81.0,0.0,40.0,1171.1194829940796
1759516403.8614898,2025-10-03 18:33:23.861489773,200.0,80.9000015258789,0.0,40.0,1174.5764746665955
1759516404.519055,2025-10-03 18:33:24.519054890,200.0,81.0,0.0,40.0,1175.2340397834778
1759516404.7023697,2025-10-03 18:33:24.702369690,200.0,80.9000015258789,0.0,40.0,1175.4173545837402
1759516404.76179,2025-10-03 18:33:24.761790037,200.0,81.0,0.0,40.0,1175.476774930954
1759516415.378142,2025-10-03 18:33:35.378141880,200.0,80.9000015258789,0.0,40.0,1186.0931270122528
1759516415.6746922,2025-10-03 18:33:35.674692154,200.0,81.0,0.0,40.0,1186.3896770477295
1759516415.7928796,2025-10-03 18:33:35.792879581,200.0,80.9000015258789,0.0,40.0,1186.5078644752502
1759516415.9725716,2025-10-03 18:33:35.972571611,200.0,81.0,0.0,40.0,1186.6875565052032
1759516416.100089,2025-10-03 18:33:36.100089073,200.0,80.9000015258789,0.0,40.0,1186.81507396698
1759516420.6085672,2025-10-03 18:33:40.608567238,200.0,81.0,0.0,40.0,1191.3235521316528
1759516422.2815204,2025-10-03 18:33:42.281520367,200.0,80.9000015258789,0.0,40.0,1192.9965052604675
1759516422.459026,2025-10-03 18:33:42.459025860,200.0,81.0,0.0,40.0,1193.1740109920502
1759516426.1995232,2025-10-03 18:33:46.199523211,200.0,81.0999984741211,0.0,40.0,1196.9145081043243
1759516429.81469,2025-10-03 18:33:49.814689875,200.0,81.19999694824219,0.0,40.0,1200.5296750068665
1759516430.0610907,2025-10-03 18:33:50.061090708,200.0,81.0999984741211,0.0,40.0,1200.7760756015778
1759516430.3695247,2025-10-03 18:33:50.369524717,200.0,81.19999694824219,0.0,40.0,1201.0845096111298
1759516438.786865,2025-10-03 18:33:58.786864996,200.0,81.30000305175781,0.0,40.0,1209.5018498897552
1759516439.386328,2025-10-03 18:33:59.386327982,200.0,81.19999694824219,0.0,40.0,1210.1013128757477
1759516439.5639892,2025-10-03 18:33:59.563989162,200.0,81.30000305175781,0.0,40.0,1210.278974056244
1759516444.2563305,2025-10-03 18:34:04.256330490,200.0,81.4000015258789,0.0,40.0,1214.9713153839111
1759516451.8663087,2025-10-03 18:34:11.866308689,200.0,81.30000305175781,0.0,40.0,1222.5812935829163
1759516455.485607,2025-10-03 18:34:15.485606909,200.0,81.19999694824219,0.0,40.0,1226.200591802597
1759516465.0806038,2025-10-03 18:34:25.080603838,200.0,81.0999984741211,0.0,40.0,1235.7955887317657
1759516471.7617912,2025-10-03 18:34:31.761791229,200.0,81.19999694824219,0.0,40.0,1242.4767761230469
1759516474.158257,2025-10-03 18:34:34.158257008,200.0,81.30000305175781,0.0,40.0,1244.8732419013977
1759516476.9949572,2025-10-03 18:34:36.994957209,200.0,81.19999694824219,0.0,40.0,1247.7099421024323
1759516479.6034057,2025-10-03 18:34:39.603405714,200.0,81.0999984741211,0.0,40.0,1250.3183906078339
1759516479.6625912,2025-10-03 18:34:39.662591219,200.0,81.19999694824219,0.0,40.0,1250.3775761127472
1759516479.9138274,2025-10-03 18:34:39.913827419,200.0,81.0999984741211,0.0,40.0,1250.6288123130798
1759516483.361779,2025-10-03 18:34:43.361778975,200.0,81.19999694824219,0.0,40.0,1254.076763868332
1759516485.7813027,2025-10-03 18:34:45.781302691,200.0,81.30000305175781,0.0,40.0,1256.4962875843048
1759516489.2105663,2025-10-03 18:34:49.210566282,200.0,81.4000015258789,0.0,40.0,1259.9255511760712
1759516494.8821616,2025-10-03 18:34:54.882161617,200.0,81.5,0.0,40.0,1265.5971465110779
1759516511.702288,2025-10-03 18:35:11.702287912,200.0,81.5999984741211,0.0,40.0,1282.4172728061676
1759516517.6026232,2025-10-03 18:35:17.602623224,200.0,81.5,0.0,40.0,1288.3176081180573
1759516521.5105915,2025-10-03 18:35:21.510591745,200.0,81.4000015258789,0.0,40.0,1292.2255764007568
1759516521.5691674,2025-10-03 18:35:21.569167376,200.0,81.5,0.0,40.0,1292.2841522693634
1759516526.3688052,2025-10-03 18:35:26.368805170,200.0,81.5999984741211,0.0,40.0,1297.083790063858
1759516532.5964751,2025-10-03 18:35:32.596475124,200.0,81.5,0.0,40.0,1303.311460018158
1759516532.898234,2025-10-03 18:35:32.898234129,200.0,81.5999984741211,0.0,40.0,1303.6132187843323
1759516533.2017577,2025-10-03 18:35:33.201757669,200.0,81.5,0.0,40.0,1303.9167425632477
1759516534.052129,2025-10-03 18:35:34.052129030,200.0,81.5999984741211,0.0,40.0,1304.7671139240265
1759516534.17491,2025-10-03 18:35:34.174910069,200.0,81.5,0.0,40.0,1304.8898949623108
1759516534.653963,2025-10-03 18:35:34.653963327,200.0,81.5999984741211,0.0,40.0,1305.368947982788
1759516534.776114,2025-10-03 18:35:34.776113987,200.0,81.5,0.0,40.0,1305.4910988807678
1759516535.556581,2025-10-03 18:35:35.556581020,200.0,81.5999984741211,0.0,40.0,1306.271565914154
1759516541.75634,2025-10-03 18:35:41.756340027,200.0,81.69999694824219,0.0,40.0,1312.4713249206543
1759516541.992363,2025-10-03 18:35:41.992362976,200.0,81.5999984741211,0.0,40.0,1312.707347869873
1759516542.4099154,2025-10-03 18:35:42.409915447,200.0,81.69999694824219,0.0,40.0,1313.124900341034
1759516549.0117326,2025-10-03 18:35:49.011732578,200.0,81.80000305175781,0.0,40.0,1319.7267174720764
1759516552.0608983,2025-10-03 18:35:52.060898304,200.0,81.9000015258789,0.0,40.0,1322.7758831977844
1759516558.2075477,2025-10-03 18:35:58.207547665,200.0,81.80000305175781,0.0,40.0,1328.9225325584412
1759516560.8088367,2025-10-03 18:36:00.808836699,200.0,81.69999694824219,0.0,40.0,1331.523821592331
1759516561.9631157,2025-10-03 18:36:01.963115454,200.0,81.80000305175781,0.0,40.0,1332.6781005859375
1759516562.5032356,2025-10-03 18:36:02.503235579,200.0,81.69999694824219,0.0,40.0,1333.2182204723358
1759516562.5628655,2025-10-03 18:36:02.562865734,200.0,81.80000305175781,0.0,40.0,1333.2778503894806
1759516562.8597507,2025-10-03 18:36:02.859750748,200.0,81.69999694824219,0.0,40.0,1333.5747356414795
1759516563.1555886,2025-10-03 18:36:03.155588627,200.0,81.80000305175781,0.0,40.0,1333.8705735206604
1759516572.0823305,2025-10-03 18:36:12.082330465,200.0,81.69999694824219,0.0,40.0,1342.7973153591156
1759516574.4914155,2025-10-03 18:36:14.491415501,200.0,81.5999984741211,0.0,40.0,1345.2064003944397
1759516580.6078246,2025-10-03 18:36:20.607824564,200.0,81.5,0.0,40.0,1351.322809457779
1759516580.8563132,2025-10-03 18:36:20.856313229,200.0,81.5999984741211,0.0,40.0,1351.571298122406
1759516587.9738913,2025-10-03 18:36:27.973891258,200.0,81.69999694824219,0.0,40.0,1358.6888761520386
1759516590.2764287,2025-10-03 18:36:30.276428699,200.0,81.80000305175781,0.0,40.0,1360.9914135932922
1759516592.262,2025-10-03 18:36:32.262000084,200.0,81.9000015258789,0.0,40.0,1362.9769849777222
1759516611.8032925,2025-10-03 18:36:51.803292513,200.0,81.80000305175781,0.0,40.0,1382.5182774066925
1759516620.6651766,2025-10-03 18:37:00.665176630,200.0,81.9000015258789,0.0,40.0,1391.380161523819
1759516624.295926,2025-10-03 18:37:04.295926094,200.0,82.0,0.0,40.0,1395.010910987854
1759516628.5568326,2025-10-03 18:37:08.556832552,200.0,82.0999984741211,0.0,40.0,1399.271817445755
1759516635.6743624,2025-10-03 18:37:15.674362421,200.0,82.0,0.0,40.0,1406.3893473148346
1759516641.3739011,2025-10-03 18:37:21.373901129,200.0,81.9000015258789,0.0,40.0,1412.0888860225677
1759516642.406874,2025-10-03 18:37:22.406873941,200.0,82.0,0.0,40.0,1413.1218588352203
1759516642.892612,2025-10-03 18:37:22.892611980,200.0,81.9000015258789,0.0,40.0,1413.607596874237
1759516647.305761,2025-10-03 18:37:27.305761099,200.0,81.80000305175781,0.0,40.0,1418.0207459926605
1759516650.3714345,2025-10-03 18:37:30.371434450,200.0,81.69999694824219,0.0,40.0,1421.0864193439484
1759516652.6819906,2025-10-03 18:37:32.681990623,200.0,81.5999984741211,0.0,40.0,1423.396975517273
1759516656.6676655,2025-10-03 18:37:36.667665482,200.0,81.5,0.0,40.0,1427.3826503753662
1759516657.6856222,2025-10-03 18:37:37.685622215,200.0,81.5999984741211,0.0,40.0,1428.4006071090698
1759516657.9964848,2025-10-03 18:37:37.996484756,200.0,81.5,0.0,40.0,1428.7114696502686
1759516658.1796477,2025-10-03 18:37:38.179647684,200.0,81.5999984741211,0.0,40.0,1428.8946325778961
1759516665.4558256,2025-10-03 18:37:45.455825567,200.0,81.69999694824219,0.0,40.0,1436.1708104610443
1759516676.4921234,2025-10-03 18:37:56.492123365,200.0,81.80000305175781,0.0,40.0,1447.207108259201
1759516683.10057,2025-10-03 18:38:03.100569963,200.0,81.69999694824219,0.0,40.0,1453.815554857254
1759516699.4612284,2025-10-03 18:38:19.461228371,200.0,81.80000305175781,0.0,40.0,1470.1762132644653
1759516709.2503648,2025-10-03 18:38:29.250364780,200.0,81.69999694824219,0.0,40.0,1479.9653496742249
1759516712.9042368,2025-10-03 18:38:32.904236794,200.0,81.80000305175781,0.0,40.0,1483.619221687317
1759516712.964687,2025-10-03 18:38:32.964687347,200.0,81.69999694824219,0.0,40.0,1483.6796720027924
1759516713.156943,2025-10-03 18:38:33.156943083,200.0,81.80000305175781,0.0,40.0,1483.8719279766083
1759516720.55259,2025-10-03 18:38:40.552589893,200.0,81.9000015258789,0.0,40.0,1491.26757478714
1759516725.6082346,2025-10-03 18:38:45.608234644,200.0,81.80000305175781,0.0,40.0,1496.323219537735
1759516733.1935816,2025-10-03 18:38:53.193581581,200.0,81.69999694824219,0.0,40.0,1503.9085664749146
1759516741.1670446,2025-10-03 18:39:01.167044640,200.0,81.80000305175781,0.0,40.0,1511.8820295333862
1759516743.4651763,2025-10-03 18:39:03.465176344,200.0,81.9000015258789,0.0,40.0,1514.1801612377167
1759516747.4508295,2025-10-03 18:39:07.450829506,200.0,82.0,0.0,40.0,1518.1658143997192
1759516751.2455497,2025-10-03 18:39:11.245549679,200.0,82.0999984741211,0.0,40.0,1521.9605345726013
1759516760.2985525,2025-10-03 18:39:20.298552275,200.0,82.0,0.0,40.0,1531.0135374069214
1759516762.7902412,2025-10-03 18:39:22.790241241,200.0,81.9000015258789,0.0,40.0,1533.505226135254
1759516766.3933527,2025-10-03 18:39:26.393352747,200.0,81.80000305175781,0.0,40.0,1537.1083376407623
1759516775.5598266,2025-10-03 18:39:35.559826612,200.0,81.69999694824219,0.0,40.0,1546.2748115062714
1759516786.9543104,2025-10-03 18:39:46.954310417,200.0,81.5999984741211,0.0,40.0,1557.6692953109741
1759516789.3805227,2025-10-03 18:39:49.380522728,200.0,81.5,0.0,40.0,1560.0955076217651
1759516791.5638728,2025-10-03 18:39:51.563872814,200.0,81.4000015258789,0.0,40.0,1562.2788577079773
1759516791.8636444,2025-10-03 18:39:51.863644361,200.0,81.5,0.0,40.0,1562.5786292552948
1759516792.102804,2025-10-03 18:39:52.102803946,200.0,81.4000015258789,0.0,40.0,1562.8177888393402
1759516792.163296,2025-10-03 18:39:52.163295984,200.0,81.5,0.0,40.0,1562.878280878067
1759516792.346296,2025-10-03 18:39:52.346296072,200.0,81.4000015258789,0.0,40.0,1563.061280965805
1759516792.4706564,2025-10-03 18:39:52.470656395,200.0,81.5,0.0,40.0,1563.1856412887573
1759516792.6558335,2025-10-03 18:39:52.655833483,200.0,81.4000015258789,0.0,40.0,1563.3708183765411
1759516793.7454145,2025-10-03 18:39:53.745414495,200.0,81.5,0.0,40.0,1564.460399389267
1759516801.2787492,2025-10-03 18:40:01.278749228,200.0,81.5999984741211,0.0,40.0,1571.9937341213226
1759516801.3972142,2025-10-03 18:40:01.397214174,200.0,81.5,0.0,40.0,1572.1121990680695
1759516801.576336,2025-10-03 18:40:01.576336145,200.0,81.5999984741211,0.0,40.0,1572.2913208007812
1759516803.0913346,2025-10-03 18:40:03.091334581,200.0,81.5,0.0,40.0,1573.806319475174
1759516803.1533904,2025-10-03 18:40:03.153390408,200.0,81.5999984741211,0.0,40.0,1573.868375301361
1759516803.6965058,2025-10-03 18:40:03.696505785,200.0,81.5,0.0,40.0,1574.4114906787872
1759516803.756007,2025-10-03 18:40:03.756006956,200.0,81.5999984741211,0.0,40.0,1574.4709918498993
1759516812.2539892,2025-10-03 18:40:12.253989220,200.0,81.69999694824219,0.0,40.0,1582.9689741134644
1759516815.4736798,2025-10-03 18:40:15.473679781,200.0,81.80000305175781,0.0,40.0,1586.188664674759
1759516819.2840166,2025-10-03 18:40:19.284016609,200.0,81.9000015258789,0.0,40.0,1589.9990015029907
1759516824.446129,2025-10-03 18:40:24.446129084,200.0,81.80000305175781,0.0,40.0,1595.1611139774323
1759516835.2480228,2025-10-03 18:40:35.248022795,200.0,81.9000015258789,0.0,40.0,1605.9630076885223
1759516838.3498669,2025-10-03 18:40:38.349866867,200.0,82.0,0.0,40.0,1609.0648517608643
1759516842.2922437,2025-10-03 18:40:42.292243719,200.0,82.0999984741211,0.0,40.0,1613.0072286128998
1759516845.0847857,2025-10-03 18:40:45.084785700,200.0,82.19999694824219,0.0,40.0,1615.7997705936432
1759516854.1732647,2025-10-03 18:40:54.173264742,200.0,82.0999984741211,0.0,40.0,1624.8882496356964
1759516855.4627426,2025-10-03 18:40:55.462742567,200.0,82.0,0.0,40.0,1626.1777274608612
1759516856.6718326,2025-10-03 18:40:56.671832561,200.0,81.9000015258789,0.0,40.0,1627.3868174552917
1759516860.0851908,2025-10-03 18:41:00.085190773,200.0,81.80000305175781,0.0,40.0,1630.800175666809
1759516866.3798914,2025-10-03 18:41:06.379891396,200.0,81.9000015258789,0.0,40.0,1637.0948762893677
1759516866.9836574,2025-10-03 18:41:06.983657360,200.0,81.80000305175781,0.0,40.0,1637.6986422538757
1759516867.0436234,2025-10-03 18:41:07.043623447,200.0,81.9000015258789,0.0,40.0,1637.758608341217
1759516867.650518,2025-10-03 18:41:07.650517941,200.0,81.80000305175781,0.0,40.0,1638.36550283432
1759516867.889044,2025-10-03 18:41:07.889044046,200.0,81.9000015258789,0.0,40.0,1638.6040289402008
1759516868.2444935,2025-10-03 18:41:08.244493484,200.0,81.80000305175781,0.0,40.0,1638.959478378296
1759516868.870624,2025-10-03 18:41:08.870624065,200.0,81.9000015258789,0.0,40.0,1639.585608959198
1759516871.0569372,2025-10-03 18:41:11.056937218,200.0,81.80000305175781,0.0,40.0,1641.7719221115112
1759516877.187741,2025-10-03 18:41:17.187741041,200.0,81.9000015258789,0.0,40.0,1647.9027259349823
1759516884.799517,2025-10-03 18:41:24.799516678,200.0,82.0,0.0,40.0,1655.5145018100739
1759516887.7418034,2025-10-03 18:41:27.741803408,200.0,82.0999984741211,0.0,40.0,1658.456788301468
1759516890.3876455,2025-10-03 18:41:30.387645721,200.0,82.19999694824219,0.0,40.0,1661.1026303768158
1759516894.8846917,2025-10-03 18:41:34.884691715,200.0,82.30000305175781,0.0,40.0,1665.5996766090393
1759516898.743605,2025-10-03 18:41:38.743604898,200.0,82.4000015258789,0.0,40.0,1669.4585897922516
1759516902.1699154,2025-10-03 18:41:42.169915438,200.0,82.5,0.0,40.0,1672.8849003314972
1759516902.5820806,2025-10-03 18:41:42.582080603,200.0,82.4000015258789,0.0,40.0,1673.2970654964447
1759516903.796907,2025-10-03 18:41:43.796906948,200.0,82.5,0.0,40.0,1674.5118918418884
1759516905.2921865,2025-10-03 18:41:45.292186260,200.0,82.4000015258789,0.0,40.0,1676.0071713924408
1759516905.350943,2025-10-03 18:41:45.350943089,200.0,82.5,0.0,40.0,1676.0659279823303
1759516906.1812036,2025-10-03 18:41:46.181203604,200.0,82.4000015258789,0.0,40.0,1676.8961884975433
1759516934.8523374,2025-10-03 18:42:14.852337360,200.0,82.5,0.0,40.0,1705.567322254181
1759516942.1888974,2025-10-03 18:42:22.188897371,200.0,82.5999984741211,0.0,40.0,1712.903882265091
1759516952.0762358,2025-10-03 18:42:32.076235771,200.0,82.69999694824219,0.0,40.0,1722.791220664978
1759516962.385613,2025-10-03 18:42:42.385612965,200.0,82.80000305175781,0.0,40.0,1733.100597858429
1759516969.860216,2025-10-03 18:42:49.860215902,200.0,82.69999694824219,0.0,40.0,1740.5752007961273
1759516971.057251,2025-10-03 18:42:51.057250977,200.0,82.80000305175781,0.0,40.0,1741.7722358703613
1759516980.1820824,2025-10-03 18:43:00.182082415,200.0,82.69999694824219,0.0,40.0,1750.897067308426
1759516980.243671,2025-10-03 18:43:00.243670940,200.0,82.80000305175781,0.0,40.0,1750.958655834198
1759516980.8386388,2025-10-03 18:43:00.838638783,200.0,82.69999694824219,0.0,40.0,1751.5536236763
1759517007.391116,2025-10-03 18:43:27.391116142,200.0,82.80000305175781,0.0,40.0,1778.1061007976532
1759517007.4510949,2025-10-03 18:43:27.451094866,200.0,82.69999694824219,0.0,40.0,1778.1660797595978
1759517008.2947445,2025-10-03 18:43:28.294744492,200.0,82.80000305175781,0.0,40.0,1779.009729385376
1759517011.9615006,2025-10-03 18:43:31.961500645,200.0,82.69999694824219,0.0,40.0,1782.6764855384827
1759517018.091149,2025-10-03 18:43:38.091149330,200.0,82.80000305175781,0.0,40.0,1788.8061339855194
1759517018.4498842,2025-10-03 18:43:38.449884176,200.0,82.69999694824219,0.0,40.0,1789.164869070053
1759517018.746001,2025-10-03 18:43:38.746001005,200.0,82.80000305175781,0.0,40.0,1789.4609858989716
1759517030.6386254,2025-10-03 18:43:50.638625383,200.0,82.9000015258789,0.0,40.0,1801.353610277176
1759517037.5620065,2025-10-03 18:43:57.562006474,200.0,83.0,0.0,60.0,1808.27699136734
1759517041.9598742,2025-10-03 18:44:01.959874153,200.0,83.0999984741211,0.0,60.0,1812.674859046936
1759517045.9817028,2025-10-03 18:44:05.981702805,200.0,83.19999694824219,0.0,60.0,1816.6966876983643
1759517049.2398202,2025-10-03 18:44:09.239820242,200.0,83.30000305175781,0.0,60.0,1819.954805135727
1759517051.4702744,2025-10-03 18:44:11.470274448,200.0,83.4000015258789,0.0,60.0,1822.1852593421936
1759517053.154394,2025-10-03 18:44:13.154394150,200.0,83.5,0.0,60.0,1823.8693788051605
1759517054.4720612,2025-10-03 18:44:14.472061157,200.0,83.5999984741211,0.0,60.0,1825.1870460510254
1759517055.6850395,2025-10-03 18:44:15.685039520,200.0,83.69999694824219,0.0,60.0,1826.4000244140625
1759517056.8943698,2025-10-03 18:44:16.894369841,200.0,83.80000305175781,0.0,60.0,1827.6093547344208
1759517058.0343883,2025-10-03 18:44:18.034388304,200.0,83.9000015258789,0.0,60.0,1828.7493731975555
1759517059.367745,2025-10-03 18:44:19.367744923,200.0,84.0,0.0,60.0,1830.0827298164368
1759517060.567296,2025-10-03 18:44:20.567296028,200.0,84.0999984741211,0.0,60.0,1831.282280921936
1759517061.887085,2025-10-03 18:44:21.887084961,200.0,84.19999694824219,0.0,60.0,1832.6020698547363
1759517063.5706053,2025-10-03 18:44:23.570605278,200.0,84.30000305175781,0.0,60.0,1834.285590171814
1759517064.8788936,2025-10-03 18:44:24.878893614,200.0,84.4000015258789,0.0,60.0,1835.5938785076141
1759517066.16037,2025-10-03 18:44:26.160370111,200.0,84.5,0.0,60.0,1836.8753550052643
1759517067.0578024,2025-10-03 18:44:27.057802439,200.0,84.5999984741211,0.0,60.0,1837.7727873325348
1759517067.8353033,2025-10-03 18:44:27.835303307,200.0,84.69999694824219,0.0,60.0,1838.5502882003784
1759517069.049417,2025-10-03 18:44:29.049417019,200.0,84.80000305175781,0.0,60.0,1839.7644019126892
1759517069.9574258,2025-10-03 18:44:29.957425833,200.0,84.9000015258789,0.0,60.0,1840.6724107265472
1759517070.7336924,2025-10-03 18:44:30.733692408,200.0,85.0,0.0,60.0,1841.4486773014069
1759517071.8713892,2025-10-03 18:44:31.871389151,200.0,85.0999984741211,0.0,60.0,1842.5863740444183
1759517072.8567998,2025-10-03 18:44:32.856799841,200.0,85.19999694824219,0.0,60.0,1843.571784734726
1759517073.760357,2025-10-03 18:44:33.760356665,200.0,85.30000305175781,0.0,60.0,1844.475341796875
1759517074.661624,2025-10-03 18:44:34.661623955,200.0,85.4000015258789,0.0,60.0,1845.3766088485718
1759517075.681073,2025-10-03 18:44:35.681072950,200.0,85.5,0.0,60.0,1846.396057844162
1759517076.5847554,2025-10-03 18:44:36.584755421,200.0,85.5999984741211,0.0,60.0,1847.2997403144836
1759517077.6606195,2025-10-03 18:44:37.660619497,200.0,85.69999694824219,0.0,60.0,1848.375604391098
1759517078.6763155,2025-10-03 18:44:38.676315546,200.0,85.80000305175781,0.0,60.0,1849.3913004398346
1759517079.8839097,2025-10-03 18:44:39.883909702,200.0,85.9000015258789,0.0,60.0,1850.5988945960999
1759517081.4546444,2025-10-03 18:44:41.454644442,200.0,86.0,0.0,60.0,1852.1696293354034
1759517082.8514414,2025-10-03 18:44:42.851441383,200.0,86.0999984741211,0.0,60.0,1853.5664262771606
1759517084.071107,2025-10-03 18:44:44.071106911,200.0,86.19999694824219,0.0,60.0,1854.7860918045044
1759517085.333398,2025-10-03 18:44:45.333397865,200.0,86.30000305175781,0.0,60.0,1856.0483829975128
1759517086.3548114,2025-10-03 18:44:46.354811430,200.0,86.4000015258789,0.0,60.0,1857.0697963237762
1759517087.2596471,2025-10-03 18:44:47.259647130,200.0,86.5,0.0,60.0,1857.974632024765
1759517088.0918837,2025-10-03 18:44:48.091883659,200.0,86.5999984741211,0.0,60.0,1858.8068685531616
1759517088.754372,2025-10-03 18:44:48.754372120,200.0,86.69999694824219,0.0,60.0,1859.4693567752838
1759517089.545669,2025-10-03 18:44:49.545669079,200.0,86.80000305175781,0.0,60.0,1860.2606539726257
1759517090.265036,2025-10-03 18:44:50.265035868,200.0,86.9000015258789,0.0,60.0,1860.9800209999084
1759517090.876591,2025-10-03 18:44:50.876590967,200.0,87.0,0.0,60.0,1861.5915758609772
1759517091.7846808,2025-10-03 18:44:51.784680843,200.0,87.0999984741211,0.0,60.0,1862.499665737152
1759517092.9827995,2025-10-03 18:44:52.982799530,200.0,87.19999694824219,0.0,60.0,1863.6977844238281
1759517093.8918977,2025-10-03 18:44:53.891897678,200.0,87.30000305175781,0.0,60.0,1864.606882572174
1759517094.8527768,2025-10-03 18:44:54.852776766,200.0,87.4000015258789,0.0,60.0,1865.5677616596222
1759517096.0510423,2025-10-03 18:44:56.051042318,200.0,87.5,0.0,60.0,1866.766027212143
1759517096.9578807,2025-10-03 18:44:56.957880735,200.0,87.5999984741211,0.0,60.0,1867.6728656291962
1759517097.9729977,2025-10-03 18:44:57.972997665,200.0,87.69999694824219,0.0,60.0,1868.687982559204
1759517099.1700673,2025-10-03 18:44:59.170067310,200.0,87.80000305175781,0.0,60.0,1869.885052204132
1759517100.25145,2025-10-03 18:45:00.251450061,200.0,87.9000015258789,0.0,60.0,1870.966434955597
1759517101.263289,2025-10-03 18:45:01.263288974,200.0,88.0,0.0,60.0,1871.9782738685608
1759517102.575111,2025-10-03 18:45:02.575110912,200.0,88.0999984741211,0.0,60.0,1873.2900958061218
1759517103.778062,2025-10-03 18:45:03.778061867,200.0,88.19999694824219,0.0,60.0,1874.4930469989777
1759517105.1567717,2025-10-03 18:45:05.156771660,200.0,88.30000305175781,0.0,60.0,1875.87175655365
1759517106.4690485,2025-10-03 18:45:06.469048500,200.0,88.4000015258789,0.0,60.0,1877.1840333938599
1759517107.7933657,2025-10-03 18:45:07.793365479,200.0,88.5,0.0,60.0,1878.508350610733
1759517108.8683295,2025-10-03 18:45:08.868329525,200.0,88.5999984741211,0.0,60.0,1879.5833144187927
1759517109.8344116,2025-10-03 18:45:09.834411621,200.0,88.69999694824219,0.0,60.0,1880.5493965148926
1759517111.04274,2025-10-03 18:45:11.042740107,200.0,88.80000305175781,0.0,60.0,1881.7577250003815
1759517111.9450383,2025-10-03 18:45:11.945038319,200.0,88.9000015258789,0.0,60.0,1882.6600232124329
1759517112.837348,2025-10-03 18:45:12.837347984,200.0,89.0,0.0,60.0,1883.5523328781128
1759517114.1648045,2025-10-03 18:45:14.164804459,200.0,89.0999984741211,0.0,60.0,1884.879789352417
1759517115.358805,2025-10-03 18:45:15.358804941,200.0,89.19999694824219,0.0,60.0,1886.0737898349762
1759517117.1689,2025-10-03 18:45:17.168900013,200.0,89.30000305175781,0.0,60.0,1887.8838849067688
1759517119.0322554,2025-10-03 18:45:19.032255410,200.0,89.4000015258789,0.0,60.0,1889.747240304947
1759517120.4790616,2025-10-03 18:45:20.479061604,200.0,89.5,0.0,60.0,1891.194046497345
1759517121.3814888,2025-10-03 18:45:21.381488800,200.0,89.5999984741211,0.0,60.0,1892.0964736938477
1759517122.3322167,2025-10-03 18:45:22.332216740,200.0,89.69999694824219,0.0,60.0,1893.0472016334534
1759517123.3547986,2025-10-03 18:45:23.354798555,200.0,89.80000305175781,0.0,60.0,1894.069783449173
1759517124.2728078,2025-10-03 18:45:24.272807837,200.0,89.9000015258789,0.0,60.0,1894.9877927303314
1759517125.7750194,2025-10-03 18:45:25.775019407,200.0,90.0,0.0,60.0,1896.4900043010712
1759517127.1502528,2025-10-03 18:45:27.150252819,200.0,90.0999984741211,0.0,60.0,1897.86523771286
1759517128.7872176,2025-10-03 18:45:28.787217617,200.0,90.1999969482422,0.0,60.0,1899.5022025108337
1759517130.0451288,2025-10-03 18:45:30.045128822,200.0,90.3000030517578,0.0,60.0,1900.7601137161255
1759517131.5449033,2025-10-03 18:45:31.544903278,200.0,90.4000015258789,0.0,60.0,1902.2598881721497
1759517132.976293,2025-10-03 18:45:32.976293087,200.0,90.5,0.0,60.0,1903.6912779808044
1759517134.3550234,2025-10-03 18:45:34.355023384,200.0,90.5999984741211,0.0,60.0,1905.070008277893
1759517135.7400615,2025-10-03 18:45:35.740061522,200.0,90.6999969482422,0.0,60.0,1906.455046415329
1759517136.949534,2025-10-03 18:45:36.949533939,200.0,90.8000030517578,0.0,60.0,1907.6645188331604
1759517137.9687352,2025-10-03 18:45:37.968735218,200.0,90.9000015258789,0.0,60.0,1908.683720111847
1759517139.1748524,2025-10-03 18:45:39.174852371,200.0,91.0,0.0,60.0,1909.8898372650146
1759517140.137296,2025-10-03 18:45:40.137295961,200.0,91.0999984741211,0.0,60.0,1910.8522808551788
1759517141.5317087,2025-10-03 18:45:41.531708717,200.0,91.1999969482422,0.0,60.0,1912.246693611145
1759517143.0325785,2025-10-03 18:45:43.032578468,200.0,91.3000030517578,0.0,60.0,1913.7475633621216
1759517144.350604,2025-10-03 18:45:44.350604057,200.0,91.4000015258789,0.0,60.0,1915.0655889511108
1759517145.556007,2025-10-03 18:45:45.556006670,200.0,91.5,0.0,60.0,1916.2709918022156
1759517146.7639616,2025-10-03 18:45:46.763961554,200.0,91.5999984741211,0.0,60.0,1917.4789464473724
1759517148.0763192,2025-10-03 18:45:48.076319218,200.0,91.6999969482422,0.0,60.0,1918.7913041114807
1759517148.97874,2025-10-03 18:45:48.978739977,200.0,91.8000030517578,0.0,60.0,1919.6937248706818
1759517150.195422,2025-10-03 18:45:50.195421934,200.0,91.9000015258789,0.0,60.0,1920.9104068279266
1759517151.1540594,2025-10-03 18:45:51.154059410,200.0,92.0,0.0,60.0,1921.869044303894
1759517152.3724923,2025-10-03 18:45:52.372492313,200.0,92.0999984741211,0.0,60.0,1923.0874772071838
1759517153.4518888,2025-10-03 18:45:53.451888800,200.0,92.1999969482422,0.0,60.0,1924.1668736934662
1759517155.0707068,2025-10-03 18:45:55.070706844,200.0,92.3000030517578,0.0,60.0,1925.7856917381287
1759517157.253382,2025-10-03 18:45:57.253381968,200.0,92.4000015258789,0.0,60.0,1927.9683668613434
1759517158.7732692,2025-10-03 18:45:58.773269176,200.0,92.5,0.0,60.0,1929.488254070282
1759517160.8731978,2025-10-03 18:46:00.873197794,200.0,92.5999984741211,0.0,60.0,1931.5881826877594
1759517163.2360575,2025-10-03 18:46:03.236057520,200.0,92.6999969482422,0.0,60.0,1933.9510424137115
1759517164.5524042,2025-10-03 18:46:04.552404165,200.0,92.8000030517578,0.0,60.0,1935.2673890590668
1759517165.8375242,2025-10-03 18:46:05.837524176,200.0,92.9000015258789,0.0,60.0,1936.5525090694427
1759517166.9755669,2025-10-03 18:46:06.975566864,200.0,93.0,0.0,60.0,1937.6905517578125
1759517168.1755471,2025-10-03 18:46:08.175547123,200.0,93.0999984741211,0.0,60.0,1938.8905320167542
1759517169.6453123,2025-10-03 18:46:09.645312548,200.0,93.1999969482422,0.0,60.0,1940.360297203064
1759517170.8548503,2025-10-03 18:46:10.854850531,200.0,93.3000030517578,0.0,60.0,1941.5698351860046
1759517171.987038,2025-10-03 18:46:11.987037897,200.0,93.4000015258789,0.0,60.0,1942.7020227909088
1759517173.0775738,2025-10-03 18:46:13.077573776,200.0,93.5,0.0,60.0,1943.792558670044
1759517174.036767,2025-10-03 18:46:14.036767006,200.0,93.5999984741211,0.0,60.0,1944.7517518997192
1759517175.1805704,2025-10-03 18:46:15.180570364,200.0,93.6999969482422,0.0,60.0,1945.8955552577972
1759517176.4450138,2025-10-03 18:46:16.445013762,200.0,93.8000030517578,0.0,60.0,1947.1599986553192
1759517178.0553527,2025-10-03 18:46:18.055352688,200.0,93.9000015258789,0.0,60.0,1948.7703375816345
1759517179.7750096,2025-10-03 18:46:19.775009632,200.0,94.0,0.0,60.0,1950.4899945259094
1759517181.7637355,2025-10-03 18:46:21.763735533,200.0,94.0999984741211,0.0,60.0,1952.4787204265594
1759517184.350362,2025-10-03 18:46:24.350362062,200.0,94.1999969482422,0.0,60.0,1955.065346956253
1759517187.1551683,2025-10-03 18:46:27.155168533,200.0,94.3000030517578,0.0,60.0,1957.8701531887054
1759517190.1608577,2025-10-03 18:46:30.160857677,200.0,94.4000015258789,0.0,60.0,1960.8758425712585
1759517192.246165,2025-10-03 18:46:32.246165037,200.0,94.5,0.0,60.0,1962.961149930954
1759517193.870102,2025-10-03 18:46:33.870101929,200.0,94.5999984741211,0.0,60.0,1964.5850868225098
1759517195.6884415,2025-10-03 18:46:35.688441515,200.0,94.6999969482422,0.0,60.0,1966.4034264087677
1759517197.977282,2025-10-03 18:46:37.977282047,200.0,94.8000030517578,0.0,60.0,1968.6922669410706
1759517199.7709875,2025-10-03 18:46:39.770987749,200.0,94.9000015258789,0.0,60.0,1970.48597240448
1759517201.4671369,2025-10-03 18:46:41.467136860,200.0,95.0,0.0,60.0,1972.1821217536926
1759517203.4396548,2025-10-03 18:46:43.439654827,200.0,95.0999984741211,0.0,60.0,1974.1546397209167
1759517205.8517346,2025-10-03 18:46:45.851734638,200.0,95.1999969482422,0.0,60.0,1976.566719532013
1759517207.8534565,2025-10-03 18:46:47.853456497,200.0,95.3000030517578,0.0,60.0,1978.5684413909912
1759517209.132356,2025-10-03 18:46:49.132355928,200.0,95.4000015258789,0.0,60.0,1979.8473408222198
1759517211.0693092,2025-10-03 18:46:51.069309235,200.0,95.5,0.0,60.0,1981.784294128418
1759517213.06013,2025-10-03 18:46:53.060129881,200.0,95.5999984741211,0.0,60.0,1983.775114774704
1759517214.4455574,2025-10-03 18:46:54.445557356,200.0,95.6999969482422,0.0,60.0,1985.1605422496796
1759517216.2353313,2025-10-03 18:46:56.235331297,200.0,95.8000030517578,0.0,60.0,1986.9503161907196
1759517217.6356585,2025-10-03 18:46:57.635658264,200.0,95.9000015258789,0.0,60.0,1988.3506433963776
1759517220.1429255,2025-10-03 18:47:00.142925501,200.0,96.0,0.0,60.0,1990.8579103946686
1759517224.5477588,2025-10-03 18:47:04.547758818,200.0,96.0999984741211,0.0,60.0,1995.2627437114716
1759517227.735771,2025-10-03 18:47:07.735770941,200.0,96.1999969482422,0.0,60.0,1998.4507558345795
1759517230.987273,2025-10-03 18:47:10.987272978,200.0,96.3000030517578,0.0,60.0,2001.7022578716278
1759517234.5587332,2025-10-03 18:47:14.558733225,200.0,96.4000015258789,0.0,60.0,2005.2737181186676
1759517240.1723754,2025-10-03 18:47:20.172375441,200.0,96.5,0.0,60.0,2010.8873603343964
1759517242.454829,2025-10-03 18:47:22.454828978,200.0,96.5999984741211,0.0,60.0,2013.1698138713837
1759517244.2557356,2025-10-03 18:47:24.255735636,200.0,96.6999969482422,0.0,60.0,2014.9707205295563
1759517247.7323055,2025-10-03 18:47:27.732305527,200.0,96.8000030517578,0.0,60.0,2018.4472904205322
1759517251.6278474,2025-10-03 18:47:31.627847433,200.0,96.9000015258789,0.0,60.0,2022.342832326889
1759517254.7694807,2025-10-03 18:47:34.769480705,200.0,97.0,0.0,60.0,2025.48446559906
1759517256.8785205,2025-10-03 18:47:36.878520250,200.0,97.0999984741211,0.0,60.0,2027.5935053825378
1759517260.8332756,2025-10-03 18:47:40.833275557,200.0,97.1999969482422,0.0,60.0,2031.5482604503632
1759517264.85215,2025-10-03 18:47:44.852149963,200.0,97.3000030517578,0.0,60.0,2035.5671348571777
1759517268.5794587,2025-10-03 18:47:48.579458714,200.0,97.4000015258789,0.0,60.0,2039.2944436073303
1759517271.2267723,2025-10-03 18:47:51.226772308,200.0,97.5,0.0,60.0,2041.9417572021484
1759517274.5292869,2025-10-03 18:47:54.529286861,200.0,97.5999984741211,0.0,60.0,2045.2442717552185
1759517277.1757295,2025-10-03 18:47:57.175729513,200.0,97.6999969482422,0.0,60.0,2047.8907144069672
1759517285.0839727,2025-10-03 18:48:05.083972692,200.0,97.8000030517578,0.0,60.0,2055.7989575862885
1759517286.2870014,2025-10-03 18:48:06.287001371,200.0,97.6999969482422,0.0,60.0,2057.0019862651825
1759517286.5414329,2025-10-03 18:48:06.541432858,200.0,97.8000030517578,0.0,60.0,2057.2564177513123
1759517292.3688784,2025-10-03 18:48:12.368878365,200.0,97.9000015258789,0.0,60.0,2063.083863258362
1759517294.1683545,2025-10-03 18:48:14.168354273,200.0,98.0,0.0,60.0,2064.88333940506
1759517295.9328644,2025-10-03 18:48:15.932864428,200.0,98.0999984741211,0.0,60.0,2066.6478493213654
1759517297.8493464,2025-10-03 18:48:17.849346399,200.0,98.1999969482422,0.0,60.0,2068.564331293106
1759517299.6467428,2025-10-03 18:48:19.646742821,200.0,98.3000030517578,0.0,60.0,2070.3617277145386
1759517301.2849994,2025-10-03 18:48:21.284999371,200.0,98.4000015258789,0.0,60.0,2071.999984264374
1759517302.7366853,2025-10-03 18:48:22.736685276,200.0,98.5,0.0,60.0,2073.4516701698303
1759517304.0653389,2025-10-03 18:48:24.065338850,200.0,98.5999984741211,0.0,60.0,2074.78032374382
1759517310.1277745,2025-10-03 18:48:30.127774477,200.0,98.6999969482422,0.0,60.0,2080.842759370804
1759517313.7283864,2025-10-03 18:48:33.728386402,200.0,98.8000030517578,0.0,60.0,2084.443371295929
1759517315.5531242,2025-10-03 18:48:35.553124189,200.0,98.9000015258789,0.0,60.0,2086.2681090831757
1759517317.1677673,2025-10-03 18:48:37.167767286,200.0,99.0,0.0,60.0,2087.8827521800995
1759517318.936252,2025-10-03 18:48:38.936251879,200.0,99.0999984741211,0.0,60.0,2089.651237010956
1759517320.8402443,2025-10-03 18:48:40.840244293,200.0,99.1999969482422,0.0,60.0,2091.5552291870117
1759517323.773988,2025-10-03 18:48:43.773988008,200.0,99.3000030517578,0.0,60.0,2094.488972902298
1759517327.5512557,2025-10-03 18:48:47.551255703,200.0,99.4000015258789,0.0,60.0,2098.2662405967712
1759517331.1355622,2025-10-03 18:48:51.135562181,200.0,99.5,0.0,60.0,2101.8505470752716
1759517333.8592548,2025-10-03 18:48:53.859254837,200.0,99.5999984741211,0.0,60.0,2104.574239730835
1759517337.32941,2025-10-03 18:48:57.329410076,200.0,99.6999969482422,0.0,60.0,2108.04439496994
1759517346.765125,2025-10-03 18:49:06.765125036,200.0,99.8000030517578,0.0,60.0,2117.4801099300385
1759517350.6512842,2025-10-03 18:49:10.651284218,200.0,99.9000015258789,0.0,60.0,2121.3662691116333
1759517350.9606106,2025-10-03 18:49:10.960610628,200.0,99.8000030517578,0.0,60.0,2121.675595521927
1759517351.082115,2025-10-03 18:49:11.082114935,200.0,99.9000015258789,0.0,60.0,2121.79709982872
1759517351.2642732,2025-10-03 18:49:11.264273166,200.0,99.8000030517578,0.0,60.0,2121.9792580604553
1759517351.6429307,2025-10-03 18:49:11.642930746,200.0,99.9000015258789,0.0,60.0,2122.3579156398773
1759517351.7679205,2025-10-03 18:49:11.767920494,200.0,99.8000030517578,0.0,60.0,2122.4829053878784
1759517352.0827234,2025-10-03 18:49:12.082723379,200.0,99.9000015258789,0.0,60.0,2122.797708272934
1759517352.6397402,2025-10-03 18:49:12.639740229,200.0,99.8000030517578,0.0,60.0,2123.354725122452
1759517353.1323736,2025-10-03 18:49:13.132373571,200.0,99.9000015258789,0.0,60.0,2123.8473584651947
1759517353.2655838,2025-10-03 18:49:13.265583754,200.0,99.8000030517578,0.0,60.0,2123.9805686473846
1759517361.4298122,2025-10-03 18:49:21.429812193,200.0,99.6999969482422,0.0,60.0,2132.1447970867157
1759517361.6710303,2025-10-03 18:49:21.671030283,200.0,99.8000030517578,0.0,60.0,2132.386015176773
1759517361.7306454,2025-10-03 18:49:21.730645418,200.0,99.6999969482422,0.0,60.0,2132.445630311966
1759517363.9362571,2025-10-03 18:49:23.936257124,200.0,99.5999984741211,0.0,60.0,2134.651242017746
1759517365.7294185,2025-10-03 18:49:25.729418516,200.0,99.5,0.0,60.0,2136.444403409958
1759517371.4332392,2025-10-03 18:49:31.433239222,200.0,99.5999984741211,0.0,60.0,2142.1482241153717
1759517373.1496842,2025-10-03 18:49:33.149684191,200.0,99.6999969482422,0.0,60.0,2143.864669084549
1759517374.9699738,2025-10-03 18:49:34.969973803,200.0,99.8000030517578,0.0,60.0,2145.6849586963654
1759517376.68137,2025-10-03 18:49:36.681370020,200.0,99.9000015258789,0.0,60.0,2147.3963549137115
1759517376.7410483,2025-10-03 18:49:36.741048336,200.0,99.8000030517578,0.0,60.0,2147.456033229828
1759517376.9854355,2025-10-03 18:49:36.985435486,200.0,99.9000015258789,0.0,60.0,2147.7004203796387
1759517378.3254492,2025-10-03 18:49:38.325449228,200.0,100.0,0.0,60.0,2149.0404341220856
1759517380.161514,2025-10-03 18:49:40.161514044,200.0,100.0999984741211,0.0,60.0,2150.876498937607
1759517383.4380815,2025-10-03 18:49:43.438081503,200.0,100.1999969482422,0.0,60.0,2154.1530663967133
1759517386.2444963,2025-10-03 18:49:46.244496346,200.0,100.3000030517578,0.0,60.0,2156.959481239319
1759517389.527221,2025-10-03 18:49:49.527220963,200.0,100.4000015258789,0.0,60.0,2160.2422058582306
1759517391.4595995,2025-10-03 18:49:51.459599733,200.0,100.5,0.0,60.0,2162.174584388733
1759517395.0674114,2025-10-03 18:49:55.067411423,200.0,100.5999984741211,0.0,60.0,2165.7823963165283
1759517395.676049,2025-10-03 18:49:55.676048994,200.0,100.5,0.0,60.0,2166.391033887863
1759517396.2753675,2025-10-03 18:49:56.275367737,200.0,100.5999984741211,0.0,60.0,2166.9903523921967
1759517398.3547182,2025-10-03 18:49:58.354718208,200.0,100.6999969482422,0.0,60.0,2169.069703102112
1759517402.0740323,2025-10-03 18:50:02.074032545,200.0,100.8000030517578,0.0,60.0,2172.78901720047
1759517404.5639374,2025-10-03 18:50:04.563937426,200.0,100.9000015258789,0.0,60.0,2175.2789223194122
1759517408.1700175,2025-10-03 18:50:08.170017719,200.0,101.0,0.0,60.0,2178.885002374649
1759517411.6794083,2025-10-03 18:50:11.679408312,200.0,101.0999984741211,0.0,60.0,2182.3943932056427
1759517413.9256933,2025-10-03 18:50:13.925693274,200.0,101.1999969482422,0.0,60.0,2184.640678167343
1759517418.280613,2025-10-03 18:50:18.280612946,200.0,101.3000030517578,0.0,60.0,2188.9955978393555
1759517420.8753414,2025-10-03 18:50:20.875341415,200.0,101.1999969482422,0.0,60.0,2191.590326309204
1759517424.4398878,2025-10-03 18:50:24.439887762,200.0,101.3000030517578,0.0,60.0,2195.1548726558685
1759517426.573857,2025-10-03 18:50:26.573857069,200.0,101.4000015258789,0.0,60.0,2197.2888419628143
1759517430.44919,2025-10-03 18:50:30.449190140,200.0,101.5,0.0,60.0,2201.1641747951508
1759517431.5350156,2025-10-03 18:50:31.535015582,200.0,101.4000015258789,0.0,60.0,2202.250000476837
1759517432.021341,2025-10-03 18:50:32.021341085,200.0,101.5,0.0,60.0,2202.736325979233
1759517433.674296,2025-10-03 18:50:33.674295902,200.0,101.4000015258789,0.0,60.0,2204.389280796051
1759517433.9705527,2025-10-03 18:50:33.970552683,200.0,101.5,0.0,60.0,2204.6855375766754
1759517434.1493478,2025-10-03 18:50:34.149347782,200.0,101.4000015258789,0.0,60.0,2204.864332675934
1759517434.8661363,2025-10-03 18:50:34.866136312,200.0,101.5,0.0,60.0,2205.5811212062836
1759517439.0539274,2025-10-03 18:50:39.053927422,200.0,101.5999984741211,0.0,60.0,2209.7689123153687
1759517442.566221,2025-10-03 18:50:42.566220999,200.0,101.6999969482422,0.0,60.0,2213.281205892563
1759517445.2413557,2025-10-03 18:50:45.241355658,200.0,101.8000030517578,0.0,60.0,2215.9563405513763
1759517449.5325365,2025-10-03 18:50:49.532536268,200.0,101.9000015258789,0.0,60.0,2220.2475214004517
1759517453.4732091,2025-10-03 18:50:53.473209143,200.0,102.0,0.0,60.0,2224.1881940364838
1759517457.3413792,2025-10-03 18:50:57.341379166,200.0,102.0999984741211,0.0,60.0,2228.0563640594482
1759517459.2701726,2025-10-03 18:50:59.270172596,200.0,102.0,0.0,60.0,2229.9851574897766
1759517459.3313923,2025-10-03 18:50:59.331392288,200.0,102.0999984741211,0.0,60.0,2230.046377182007
1759517459.5768037,2025-10-03 18:50:59.576803684,200.0,102.0,0.0,60.0,2230.2917885780334
1759517459.6361952,2025-10-03 18:50:59.636195183,200.0,102.0999984741211,0.0,60.0,2230.351180076599
1759517465.3429585,2025-10-03 18:51:05.342958450,200.0,102.1999969482422,0.0,60.0,2236.057943344116
1759517465.9547317,2025-10-03 18:51:05.954731464,200.0,102.0999984741211,0.0,60.0,2236.6697165966034
1759517466.5670388,2025-10-03 18:51:06.567038774,200.0,102.1999969482422,0.0,60.0,2237.282023668289
1759517469.4524555,2025-10-03 18:51:09.452455521,200.0,102.0999984741211,0.0,60.0,2240.1674404144287
1759517471.1519766,2025-10-03 18:51:11.151976585,200.0,102.1999969482422,0.0,60.0,2241.866961479187
1759517471.2717872,2025-10-03 18:51:11.271787167,200.0,102.0999984741211,0.0,60.0,2241.9867720603943
1759517475.5461867,2025-10-03 18:51:15.546186686,200.0,102.0,0.0,60.0,2246.261171579361
1759517479.537015,2025-10-03 18:51:19.537014961,200.0,102.0999984741211,0.0,60.0,2250.2519998550415
1759517482.8421206,2025-10-03 18:51:22.842120647,200.0,102.1999969482422,0.0,60.0,2253.5571055412292
1759517485.9452646,2025-10-03 18:51:25.945264578,200.0,102.3000030517578,0.0,60.0,2256.6602494716644
1759517489.8197289,2025-10-03 18:51:29.819728851,200.0,102.4000015258789,0.0,60.0,2260.534713745117
1759517489.9380362,2025-10-03 18:51:29.938036203,200.0,102.3000030517578,0.0,60.0,2260.6530210971832
1759517490.433123,2025-10-03 18:51:30.433123112,200.0,102.4000015258789,0.0,60.0,2261.1481080055237
1759517491.349971,2025-10-03 18:51:31.349971056,200.0,102.3000030517578,0.0,60.0,2262.0649559497833
1759517492.073914,2025-10-03 18:51:32.073914051,200.0,102.4000015258789,0.0,60.0,2262.7888989448547
1759517492.3727157,2025-10-03 18:51:32.372715473,200.0,102.3000030517578,0.0,60.0,2263.0877006053925
1759517492.553142,2025-10-03 18:51:32.553142071,200.0,102.4000015258789,0.0,60.0,2263.268126964569
1759517492.6724224,2025-10-03 18:51:32.672422409,200.0,102.3000030517578,0.0,60.0,2263.3874073028564
1759517492.854,2025-10-03 18:51:32.854000092,200.0,102.4000015258789,0.0,60.0,2263.5689849853516
1759517492.9751346,2025-10-03 18:51:32.975134611,200.0,102.3000030517578,0.0,60.0,2263.6901195049286
1759517498.9326932,2025-10-03 18:51:38.932693243,200.0,102.4000015258789,0.0,60.0,2269.6476781368256
1759517502.0706277,2025-10-03 18:51:42.070627689,200.0,102.5,0.0,60.0,2272.7856125831604
1759517505.2647934,2025-10-03 18:51:45.264793396,200.0,102.5999984741211,0.0,60.0,2275.979778289795
1759517508.226559,2025-10-03 18:51:48.226558924,200.0,102.6999969482422,0.0,60.0,2278.94154381752
1759517511.0473974,2025-10-03 18:51:51.047397375,200.0,102.8000030517578,0.0,60.0,2281.7623822689056
1759517513.6615484,2025-10-03 18:51:53.661548376,200.0,102.9000015258789,0.0,60.0,2284.376533269882
1759517525.2385614,2025-10-03 18:52:05.238561392,200.0,103.0,0.0,60.0,2295.9535462856293
1759517530.5706956,2025-10-03 18:52:10.570695639,200.0,102.9000015258789,0.0,60.0,2301.2856805324554
1759517532.4497645,2025-10-03 18:52:12.449764490,200.0,102.8000030517578,0.0,60.0,2303.1647493839264
1759517534.1249926,2025-10-03 18:52:14.124992609,200.0,102.6999969482422,0.0,60.0,2304.839977502823
1759517535.76321,2025-10-03 18:52:15.763210058,200.0,102.5999984741211,0.0,60.0,2306.478194952011
1759517540.520251,2025-10-03 18:52:20.520251036,200.0,102.6999969482422,0.0,60.0,2311.235235929489
1759517544.9327066,2025-10-03 18:52:24.932706594,200.0,102.8000030517578,0.0,60.0,2315.647691488266
1759517546.740063,2025-10-03 18:52:26.740062952,200.0,102.9000015258789,0.0,60.0,2317.4550478458405
1759517550.3244638,2025-10-03 18:52:30.324463844,200.0,103.0,0.0,60.0,2321.039448738098
1759517553.5194478,2025-10-03 18:52:33.519447803,200.0,103.0999984741211,0.0,60.0,2324.234432697296
1759517556.243079,2025-10-03 18:52:36.243078947,200.0,103.1999969482422,0.0,60.0,2326.958063840866
1759517558.0417852,2025-10-03 18:52:38.041785240,200.0,103.3000030517578,0.0,60.0,2328.756770133972
1759517560.5360565,2025-10-03 18:52:40.536056518,200.0,103.4000015258789,0.0,60.0,2331.2510414123535
1759517566.2298071,2025-10-03 18:52:46.229807138,200.0,103.3000030517578,0.0,60.0,2336.944792032242
1759517568.05993,2025-10-03 18:52:48.059930086,200.0,103.1999969482422,0.0,60.0,2338.7749149799347
1759517569.7535832,2025-10-03 18:52:49.753583193,200.0,103.0999984741211,0.0,60.0,2340.468568086624
1759517574.5213344,2025-10-03 18:52:54.521334410,200.0,103.1999969482422,0.0,60.0,2345.2363193035126
1759517576.4421892,2025-10-03 18:52:56.442189217,200.0,103.3000030517578,0.0,60.0,2347.1571741104126
1759517577.9621518,2025-10-03 18:52:57.962151766,200.0,103.4000015258789,0.0,60.0,2348.677136659622
1759517578.1375413,2025-10-03 18:52:58.137541294,200.0,103.3000030517578,0.0,60.0,2348.8525261878967
1759517578.2581563,2025-10-03 18:52:58.258156538,200.0,103.4000015258789,0.0,60.0,2348.97314119339
1759517582.5230937,2025-10-03 18:53:02.523093461,200.0,103.5,0.0,60.0,2353.2380785942078
1759517585.0707798,2025-10-03 18:53:05.070779800,200.0,103.5999984741211,0.0,60.0,2355.785764694214
1759517586.7609725,2025-10-03 18:53:06.760972500,200.0,103.6999969482422,0.0,60.0,2357.4759573936462
1759517591.422222,2025-10-03 18:53:11.422222137,200.0,103.8000030517578,0.0,60.0,2362.1372067928314
1759517598.3302853,2025-10-03 18:53:18.330285311,200.0,103.6999969482422,0.0,60.0,2369.045270204544
1759517598.453029,2025-10-03 18:53:18.453028917,200.0,103.8000030517578,0.0,60.0,2369.1680138111115
1759517599.242777,2025-10-03 18:53:19.242777109,200.0,103.6999969482422,0.0,60.0,2369.957762002945
1759517600.2718337,2025-10-03 18:53:20.271833658,200.0,103.8000030517578,0.0,60.0,2370.986818552017
1759517601.8502092,2025-10-03 18:53:21.850209236,200.0,103.6999969482422,0.0,60.0,2372.565194129944
1759517602.0291862,2025-10-03 18:53:22.029186249,200.0,103.8000030517578,0.0,60.0,2372.744171142578
1759517602.148421,2025-10-03 18:53:22.148421049,200.0,103.6999969482422,0.0,60.0,2372.863405942917
1759517602.9312203,2025-10-03 18:53:22.931220293,200.0,103.8000030517578,0.0,60.0,2373.646205186844
1759517604.571154,2025-10-03 18:53:24.571154118,200.0,103.6999969482422,0.0,60.0,2375.286139011383
1759517607.2202082,2025-10-03 18:53:27.220208168,200.0,103.8000030517578,0.0,60.0,2377.9351930618286
1759517607.3396428,2025-10-03 18:53:27.339642763,200.0,103.6999969482422,0.0,60.0,2378.0546276569366
1759517617.9378488,2025-10-03 18:53:37.937848806,200.0,103.5999984741211,0.0,60.0,2388.65283370018
1759517618.9629295,2025-10-03 18:53:38.962929487,200.0,103.6999969482422,0.0,60.0,2389.677914381027
1759517621.9338665,2025-10-03 18:53:41.933866501,200.0,103.8000030517578,0.0,60.0,2392.6488513946533
1759517624.9258974,2025-10-03 18:53:44.925897360,200.0,103.9000015258789,0.0,60.0,2395.640882253647
1759517627.53511,2025-10-03 18:53:47.535109996,200.0,104.0,0.0,60.0,2398.2500948905945
1759517631.7390995,2025-10-03 18:53:51.739099503,200.0,104.0999984741211,0.0,60.0,2402.4540843963623
1759517635.3336215,2025-10-03 18:53:55.333621740,200.0,104.1999969482422,0.0,60.0,2406.0486063957214
1759517637.9228077,2025-10-03 18:53:57.922807693,200.0,104.3000030517578,0.0,60.0,2408.6377925872803
1759517641.116953,2025-10-03 18:54:01.116952658,200.0,104.4000015258789,0.0,60.0,2411.831937789917
1759517645.1720245,2025-10-03 18:54:05.172024488,200.0,104.5,0.0,60.0,2415.887009382248
1759517646.4467466,2025-10-03 18:54:06.446746588,200.0,104.4000015258789,0.0,60.0,2417.161731481552
1759517646.634423,2025-10-03 18:54:06.634423018,200.0,104.5,0.0,60.0,2417.3494079113007
1759517646.7641532,2025-10-03 18:54:06.764153242,200.0,104.4000015258789,0.0,60.0,2417.47913813591
1759517650.3501525,2025-10-03 18:54:10.350152493,200.0,104.3000030517578,0.0,60.0,2421.065137386322
1759517658.4241948,2025-10-03 18:54:18.424194813,200.0,104.1999969482422,0.0,60.0,2429.1391797065735
1759517665.747825,2025-10-03 18:54:25.747824907,200.0,104.3000030517578,0.0,60.0,2436.4628098011017
1759517670.6614776,2025-10-03 18:54:30.661477566,200.0,104.4000015258789,0.0,60.0,2441.376462459564
1759517680.1513882,2025-10-03 18:54:40.151388168,200.0,104.3000030517578,0.0,60.0,2450.866373062134
1759517692.6537664,2025-10-03 18:54:52.653766394,200.0,104.1999969482422,0.0,60.0,2463.3687512874603
1759517696.2366505,2025-10-03 18:54:56.236650467,200.0,104.0999984741211,0.0,60.0,2466.951635360718
1759517704.273974,2025-10-03 18:55:04.273973942,200.0,104.0,0.0,60.0,2474.988958835602
1759517709.6427245,2025-10-03 18:55:09.642724276,200.0,104.0999984741211,0.0,60.0,2480.3577094078064
1759517710.318296,2025-10-03 18:55:10.318295956,200.0,104.0,0.0,60.0,2481.033280849457
1759517710.6186385,2025-10-03 18:55:10.618638515,200.0,104.0999984741211,0.0,60.0,2481.3336234092712
1759517714.9508135,2025-10-03 18:55:14.950813532,200.0,104.1999969482422,0.0,60.0,2485.6657984256744
1759517717.3163066,2025-10-03 18:55:17.316306591,200.0,104.3000030517578,0.0,60.0,2488.0312914848328
1759517721.3529985,2025-10-03 18:55:21.352998257,200.0,104.4000015258789,0.0,60.0,2492.0679833889008
1759517724.737924,2025-10-03 18:55:24.737924099,200.0,104.5,0.0,60.0,2495.4529089927673
1759517727.4147615,2025-10-03 18:55:27.414761543,200.0,104.4000015258789,0.0,60.0,2498.1297464370728
1759517730.7154295,2025-10-03 18:55:30.715429544,200.0,104.3000030517578,0.0,60.0,2501.4304144382477
1759517754.4686184,2025-10-03 18:55:54.468618393,200.0,104.4000015258789,0.0,60.0,2525.183603286743
1759517770.2241788,2025-10-03 18:56:10.224178791,200.0,104.5,0.0,60.0,2540.939163684845
1759517773.913661,2025-10-03 18:56:13.913661003,200.0,104.5999984741211,0.0,60.0,2544.6286458969116
1759517774.2127998,2025-10-03 18:56:14.212799788,200.0,104.5,0.0,60.0,2544.92778468132
1759517774.455568,2025-10-03 18:56:14.455568075,200.0,104.5999984741211,0.0,60.0,2545.170552968979
1759517778.5595255,2025-10-03 18:56:18.559525728,200.0,104.5,0.0,60.0,2549.274510383606
1759517778.737821,2025-10-03 18:56:18.737821102,200.0,104.5999984741211,0.0,60.0,2549.452805995941
1759517779.4687903,2025-10-03 18:56:19.468790531,200.0,104.5,0.0,60.0,2550.1837751865387
1759517779.64985,2025-10-03 18:56:19.649849892,200.0,104.5999984741211,0.0,60.0,2550.3648347854614
1759517779.711642,2025-10-03 18:56:19.711642027,200.0,104.5,0.0,60.0,2550.4266269207
1759517780.7410705,2025-10-03 18:56:20.741070509,200.0,104.5999984741211,0.0,60.0,2551.4560554027557
1759517781.0381713,2025-10-03 18:56:21.038171291,200.0,104.5,0.0,60.0,2551.75315618515
1759517781.637642,2025-10-03 18:56:21.637641907,200.0,104.5999984741211,0.0,60.0,2552.352626800537
1759517781.814967,2025-10-03 18:56:21.814966679,200.0,104.5,0.0,60.0,2552.529951810837
1759517782.233408,2025-10-03 18:56:22.233407974,200.0,104.5999984741211,0.0,60.0,2552.948392868042
1759517787.1381662,2025-10-03 18:56:27.138166189,200.0,104.5,0.0,60.0,2557.8531510829926
1759517790.8211632,2025-10-03 18:56:30.821163177,200.0,104.5999984741211,0.0,60.0,2561.536148071289
1759517794.054895,2025-10-03 18:56:34.054894924,200.0,104.6999969482422,0.0,60.0,2564.7698798179626
1759517797.1483486,2025-10-03 18:56:37.148348570,200.0,104.8000030517578,0.0,60.0,2567.863333463669
1759517803.642234,2025-10-03 18:56:43.642234087,200.0,104.6999969482422,0.0,60.0,2574.357218980789
1759517812.7705705,2025-10-03 18:56:52.770570278,200.0,104.8000030517578,0.0,60.0,2583.485555410385
1759517816.7663348,2025-10-03 18:56:56.766334772,200.0,104.9000015258789,0.0,60.0,2587.481319665909
1759517825.8483047,2025-10-03 18:57:05.848304749,200.0,105.0,0.0,60.0,2596.563289642334
1759517826.4598906,2025-10-03 18:57:06.459890604,200.0,104.9000015258789,0.0,60.0,2597.174875497818
1759517826.5218346,2025-10-03 18:57:06.521834612,200.0,105.0,0.0,60.0,2597.2368195056915
1759517826.820661,2025-10-03 18:57:06.820661068,200.0,104.9000015258789,0.0,60.0,2597.5356459617615
1759517828.3150334,2025-10-03 18:57:08.315033436,200.0,105.0,0.0,60.0,2599.0300183296204
1759517828.7364278,2025-10-03 18:57:08.736427784,200.0,104.9000015258789,0.0,60.0,2599.451412677765
1759517828.921819,2025-10-03 18:57:08.921818972,200.0,105.0,0.0,60.0,2599.6368038654327
1759517829.528864,2025-10-03 18:57:09.528863906,200.0,104.9000015258789,0.0,60.0,2600.243848800659
1759517831.0379205,2025-10-03 18:57:11.037920475,200.0,105.0,0.0,60.0,2601.752905368805
1759517833.6366751,2025-10-03 18:57:13.636675119,200.0,105.0999984741211,0.0,60.0,2604.351660013199
1759517839.7485588,2025-10-03 18:57:19.748558760,200.0,105.1999969482422,0.0,60.0,2610.463543653488
1759517847.2570314,2025-10-03 18:57:27.257031441,200.0,105.0999984741211,0.0,60.0,2617.9720163345337
1759517867.412891,2025-10-03 18:57:47.412890673,200.0,105.1999969482422,0.0,60.0,2638.127875804901
1759517868.928666,2025-10-03 18:57:48.928666115,200.0,105.3000030517578,0.0,60.0,2639.643651008606
1759517871.230867,2025-10-03 18:57:51.230866671,200.0,105.4000015258789,0.0,60.0,2641.945851802826
1759517875.7116828,2025-10-03 18:57:55.711682796,200.0,105.5,0.0,60.0,2646.426667690277
1759517876.1404555,2025-10-03 18:57:56.140455723,200.0,105.4000015258789,0.0,60.0,2646.855440378189
1759517883.9152172,2025-10-03 18:58:03.915217161,200.0,105.3000030517578,0.0,60.0,2654.6302020549774
1759517884.0352807,2025-10-03 18:58:04.035280704,200.0,105.4000015258789,0.0,60.0,2654.750265598297
1759517884.2173004,2025-10-03 18:58:04.217300415,200.0,105.3000030517578,0.0,60.0,2654.932285308838
1759517886.2213576,2025-10-03 18:58:06.221357584,200.0,105.4000015258789,0.0,60.0,2656.9363424777985
1759517895.0498211,2025-10-03 18:58:15.049821138,200.0,105.3000030517578,0.0,60.0,2665.764806032181
1759517897.535206,2025-10-03 18:58:17.535206078,200.0,105.4000015258789,0.0,60.0,2668.250190973282
1759517898.7348597,2025-10-03 18:58:18.734859467,200.0,105.3000030517578,0.0,60.0,2669.44984459877
1759517898.9134407,2025-10-03 18:58:18.913440704,200.0,105.4000015258789,0.0,60.0,2669.6284255981445
1759517902.119511,2025-10-03 18:58:22.119510889,200.0,105.3000030517578,0.0,60.0,2672.834495782852
1759517906.3165028,2025-10-03 18:58:26.316502810,200.0,105.4000015258789,0.0,60.0,2677.0314877033234
1759517909.4105043,2025-10-03 18:58:29.410504341,200.0,105.5,0.0,60.0,2680.1254892349243
1759517910.0052035,2025-10-03 18:58:30.005203485,200.0,105.4000015258789,0.0,60.0,2680.7201883792877
1759517910.2430046,2025-10-03 18:58:30.243004560,200.0,105.5,0.0,60.0,2680.9579894542694
1759517919.4295168,2025-10-03 18:58:39.429516792,200.0,105.5999984741211,0.0,60.0,2690.144501686096
1759517924.149212,2025-10-03 18:58:44.149211884,200.0,105.5,0.0,60.0,2694.8641967773438
1759517934.117904,2025-10-03 18:58:54.117903948,200.0,105.4000015258789,0.0,60.0,2704.832888841629
1759517944.2326312,2025-10-03 18:59:04.232631207,200.0,105.5,0.0,60.0,2714.9476161003113
1759517944.3525903,2025-10-03 18:59:04.352590322,200.0,105.4000015258789,0.0,60.0,2715.0675752162933
1759517944.654997,2025-10-03 18:59:04.654997110,200.0,105.5,0.0,60.0,2715.3699820041656
1759517949.12741,2025-10-03 18:59:09.127409935,200.0,105.4000015258789,0.0,60.0,2719.8423948287964
1759517955.3088737,2025-10-03 18:59:15.308873653,200.0,105.3000030517578,0.0,60.0,2726.0238585472107
1759517979.6493354,2025-10-03 18:59:39.649335384,200.0,105.4000015258789,0.0,60.0,2750.3643202781677
1759517982.7319963,2025-10-03 18:59:42.731996298,200.0,105.5,0.0,60.0,2753.446981191635
1759517985.915712,2025-10-03 18:59:45.915712118,200.0,105.5999984741211,0.0,60.0,2756.6306970119476
1759517998.4316373,2025-10-03 18:59:58.431637287,200.0,105.5,0.0,60.0,2769.1466221809387
1759517998.728324,2025-10-03 18:59:58.728323936,200.0,105.5999984741211,0.0,60.0,2769.4433088302612
1759517998.9096382,2025-10-03 18:59:58.909638166,200.0,105.5,0.0,60.0,2769.6246230602264
1759518002.9562025,2025-10-03 19:00:02.956202507,200.0,105.4000015258789,0.0,60.0,2773.671187400818
1759518005.1388848,2025-10-03 19:00:05.138884783,200.0,105.3000030517578,0.0,60.0,2775.85386967659
1759518009.3072827,2025-10-03 19:00:09.307282686,200.0,105.4000015258789,0.0,60.0,2780.0222675800323
1759518015.259125,2025-10-03 19:00:15.259124994,200.0,105.5,0.0,60.0,2785.974109888077
1759518016.11151,2025-10-03 19:00:16.111510038,200.0,105.4000015258789,0.0,60.0,2786.8264949321747
1759518017.128533,2025-10-03 19:00:17.128532887,200.0,105.5,0.0,60.0,2787.843517780304
1759518017.3192413,2025-10-03 19:00:17.319241285,200.0,105.4000015258789,0.0,60.0,2788.034226179123
1759518017.4408152,2025-10-03 19:00:17.440815210,200.0,105.5,0.0,60.0,2788.1558001041412
1759518024.045105,2025-10-03 19:00:24.045104980,200.0,105.5999984741211,0.0,60.0,2794.7600898742676
1759518030.0964203,2025-10-03 19:00:30.096420527,200.0,105.5,0.0,60.0,2800.8114051818848
1759518048.2112172,2025-10-03 19:00:48.211217165,200.0,105.5999984741211,0.0,60.0,2818.926202058792
1759518066.241747,2025-10-03 19:01:06.241746664,200.0,105.5,0.0,60.0,2836.9567317962646
1759518068.1064768,2025-10-03 19:01:08.106476784,200.0,105.4000015258789,0.0,60.0,2838.8214616775513
1759518070.0307815,2025-10-03 19:01:10.030781746,200.0,105.3000030517578,0.0,60.0,2840.745766401291
1759518074.4447746,2025-10-03 19:01:14.444774628,200.0,105.1999969482422,0.0,60.0,2845.1597595214844
1759518076.9022448,2025-10-03 19:01:16.902244806,200.0,105.0999984741211,0.0,60.0,2847.6172297000885
1759518082.1339498,2025-10-03 19:01:22.133949757,200.0,105.1999969482422,0.0,60.0,2852.848934650421
1759518082.2555835,2025-10-03 19:01:22.255583524,200.0,105.0999984741211,0.0,60.0,2852.970568418503
1759518091.9466534,2025-10-03 19:01:31.946653366,200.0,105.1999969482422,0.0,60.0,2862.6616382598877
1759518095.5306911,2025-10-03 19:01:35.530691147,200.0,105.3000030517578,0.0,60.0,2866.2456760406494
1759518097.5145853,2025-10-03 19:01:37.514585257,200.0,105.4000015258789,0.0,60.0,2868.2295701503754
1759518100.7293851,2025-10-03 19:01:40.729385138,200.0,105.5,0.0,60.0,2871.444370031357
1759518110.5041986,2025-10-03 19:01:50.504198551,200.0,105.5999984741211,0.0,60.0,2881.219183444977
1759518110.6248066,2025-10-03 19:01:50.624806643,200.0,105.5,0.0,60.0,2881.339791536331
1759518111.1017463,2025-10-03 19:01:51.101746321,200.0,105.5999984741211,0.0,60.0,2881.8167312145233
1759518111.2219336,2025-10-03 19:01:51.221933603,200.0,105.5,0.0,60.0,2881.9369184970856
1759518112.0273955,2025-10-03 19:01:52.027395487,200.0,105.5999984741211,0.0,60.0,2882.7423803806305
1759518136.84946,2025-10-03 19:02:16.849460125,200.0,105.5,0.0,60.0,2907.5644447803497
1759518139.0305612,2025-10-03 19:02:19.030561209,200.0,105.4000015258789,0.0,60.0,2909.745546102524
1759518140.847627,2025-10-03 19:02:20.847626925,200.0,105.3000030517578,0.0,60.0,2911.5626118183136
1759518143.342265,2025-10-03 19:02:23.342264652,200.0,105.1999969482422,0.0,60.0,2914.0572497844696
1759518147.829889,2025-10-03 19:02:27.829889059,200.0,105.0999984741211,0.0,60.0,2918.5448739528656
1759518147.9477377,2025-10-03 19:02:27.947737694,200.0,105.1999969482422,0.0,60.0,2918.6627225875854
1759518151.836818,2025-10-03 19:02:31.836817980,200.0,105.3000030517578,0.0,60.0,2922.5518028736115
1759518153.7483032,2025-10-03 19:02:33.748303175,200.0,105.4000015258789,0.0,60.0,2924.4632880687714
1759518155.6253538,2025-10-03 19:02:35.625353813,200.0,105.5,0.0,60.0,2926.34033870697
1759518158.3364358,2025-10-03 19:02:38.336435795,200.0,105.5999984741211,0.0,60.0,2929.051420688629
1759518160.999224,2025-10-03 19:02:40.999223948,200.0,105.6999969482422,0.0,60.0,2931.714208841324
1759518163.796907,2025-10-03 19:02:43.796906948,200.0,105.8000030517578,0.0,60.0,2934.5118918418884
1759518166.9469206,2025-10-03 19:02:46.946920633,200.0,105.9000015258789,0.0,60.0,2937.661905527115
1759518170.2178524,2025-10-03 19:02:50.217852354,200.0,106.0,0.0,60.0,2940.9328372478485
1759518175.314919,2025-10-03 19:02:55.314918995,200.0,105.9000015258789,0.0,60.0,2946.0299038887024
1759518177.9220672,2025-10-03 19:02:57.922067165,200.0,105.8000030517578,0.0,60.0,2948.6370520591736
1759518183.70407,2025-10-03 19:03:03.704069853,200.0,105.6999969482422,0.0,60.0,2954.4190549850464
1759518204.5008602,2025-10-03 19:03:24.500860214,200.0,105.5999984741211,0.0,60.0,2975.215845108032
1759518220.022681,2025-10-03 19:03:40.022680998,200.0,105.5,0.0,60.0,2990.7376658916473
1759518223.742496,2025-10-03 19:03:43.742496014,200.0,105.4000015258789,0.0,60.0,2994.45748090744
1759518223.802732,2025-10-03 19:03:43.802731991,200.0,105.5,0.0,60.0,2994.517716884613
1759518224.098784,2025-10-03 19:03:44.098783970,200.0,105.4000015258789,0.0,60.0,2994.813768863678
1759518225.3177202,2025-10-03 19:03:45.317720175,200.0,105.5,0.0,60.0,2996.0327050685883
1759518225.496086,2025-10-03 19:03:45.496086121,200.0,105.4000015258789,0.0,60.0,2996.2110707759857
1759518235.9479082,2025-10-03 19:03:55.947908163,200.0,105.5,0.0,60.0,3006.6628930568695
1759518236.0077534,2025-10-03 19:03:56.007753372,200.0,105.4000015258789,0.0,60.0,3006.722738265991
1759518244.0128803,2025-10-03 19:04:04.012880325,200.0,105.5,0.0,60.0,3014.727865219116
1759518244.7998872,2025-10-03 19:04:04.799887180,200.0,105.4000015258789,0.0,60.0,3015.514872074127
1759518252.100319,2025-10-03 19:04:12.100318670,200.0,105.5,0.0,60.0,3022.8153038024902
1759518252.2235715,2025-10-03 19:04:12.223571539,200.0,105.4000015258789,0.0,60.0,3022.938556432724
1759518252.4047835,2025-10-03 19:04:12.404783726,200.0,105.5,0.0,60.0,3023.119768381119
1759518252.5241232,2025-10-03 19:04:12.524123192,200.0,105.4000015258789,0.0,60.0,3023.2391080856323
1759518252.8229234,2025-10-03 19:04:12.822923422,200.0,105.5,0.0,60.0,3023.5379083156586
1759518253.2973754,2025-10-03 19:04:13.297375441,200.0,105.4000015258789,0.0,60.0,3024.0123603343964
1759518253.4195397,2025-10-03 19:04:13.419539690,200.0,105.5,0.0,60.0,3024.1345245838165
1759518253.6020863,2025-10-03 19:04:13.602086306,200.0,105.4000015258789,0.0,60.0,3024.317071199417
1759518254.035838,2025-10-03 19:04:14.035838127,200.0,105.5,0.0,60.0,3024.7508227825165
1759518254.2162547,2025-10-03 19:04:14.216254711,200.0,105.4000015258789,0.0,60.0,3024.93123960495
1759518254.6369123,2025-10-03 19:04:14.636912346,200.0,105.5,0.0,60.0,3025.351897239685
1759518255.003691,2025-10-03 19:04:15.003690958,200.0,105.4000015258789,0.0,60.0,3025.718675851822
1759518263.8327885,2025-10-03 19:04:23.832788467,200.0,105.3000030517578,0.0,60.0,3034.547773361206
1759518268.3356574,2025-10-03 19:04:28.335657358,200.0,105.4000015258789,0.0,60.0,3039.0506422519684
1759518271.7339084,2025-10-03 19:04:31.733908415,200.0,105.5,0.0,60.0,3042.4488933086395
1759518284.8994565,2025-10-03 19:04:44.899456501,200.0,105.4000015258789,0.0,60.0,3055.614441394806
1759518287.0136116,2025-10-03 19:04:47.013611555,200.0,105.3000030517578,0.0,60.0,3057.7285964488983
1759518290.5938666,2025-10-03 19:04:50.593866587,200.0,105.1999969482422,0.0,60.0,3061.308851480484
1759518291.014794,2025-10-03 19:04:51.014793873,200.0,105.3000030517578,0.0,60.0,3061.7297790050507
1759518291.3123574,2025-10-03 19:04:51.312357426,200.0,105.1999969482422,0.0,60.0,3062.0273423194885
1759518293.4327374,2025-10-03 19:04:53.432737350,200.0,105.3000030517578,0.0,60.0,3064.1477222442627
1759518298.4414067,2025-10-03 19:04:58.441406727,200.0,105.1999969482422,0.0,60.0,3069.156391620636
1759518300.495686,2025-10-03 19:05:00.495686054,200.0,105.0999984741211,0.0,60.0,3071.2106709480286
1759518304.7986891,2025-10-03 19:05:04.798689127,200.0,105.1999969482422,0.0,60.0,3075.513674020767
1759518307.842171,2025-10-03 19:05:07.842170954,200.0,105.3000030517578,0.0,60.0,3078.5571558475494
1759518313.7145722,2025-10-03 19:05:13.714572191,200.0,105.4000015258789,0.0,60.0,3084.4295570850372
1759518321.647682,2025-10-03 19:05:21.647681952,200.0,105.5,0.0,60.0,3092.3626668453217
1759518327.699293,2025-10-03 19:05:27.699292660,200.0,105.5999984741211,0.0,60.0,3098.414277791977
1759518333.1995866,2025-10-03 19:05:33.199586630,200.0,105.6999969482422,0.0,60.0,3103.9145715236664
1759518342.0984454,2025-10-03 19:05:42.098445415,200.0,105.5999984741211,0.0,60.0,3112.8134303092957
1759518345.4119852,2025-10-03 19:05:45.411985159,200.0,105.6999969482422,0.0,60.0,3116.126970052719
1759518345.537204,2025-10-03 19:05:45.537204027,200.0,105.5999984741211,0.0,60.0,3116.2521889209747
1759518345.718602,2025-10-03 19:05:45.718601942,200.0,105.6999969482422,0.0,60.0,3116.433586835861
1759518345.84076,2025-10-03 19:05:45.840759993,200.0,105.5999984741211,0.0,60.0,3116.5557448863983
1759518346.1412609,2025-10-03 19:05:46.141260862,200.0,105.6999969482422,0.0,60.0,3116.8562457561493
1759518350.938969,2025-10-03 19:05:50.938968658,200.0,105.5999984741211,0.0,60.0,3121.6539537906647
1759518353.898064,2025-10-03 19:05:53.898064137,200.0,105.5,0.0,60.0,3124.6130487918854
1759518357.9327545,2025-10-03 19:05:57.932754517,200.0,105.5999984741211,0.0,60.0,3128.6477394104004
1759518358.296494,2025-10-03 19:05:58.296494007,200.0,105.5,0.0,60.0,3129.0114789009094
1759518358.5969088,2025-10-03 19:05:58.596908808,200.0,105.5999984741211,0.0,60.0,3129.3118937015533
1759518361.6163557,2025-10-03 19:06:01.616355658,200.0,105.5,0.0,60.0,3132.3313405513763
1759518368.3154268,2025-10-03 19:06:08.315426826,200.0,105.4000015258789,0.0,60.0,3139.030411720276
1759518368.4348886,2025-10-03 19:06:08.434888601,200.0,105.5,0.0,60.0,3139.149873495102
1759518375.8405218,2025-10-03 19:06:15.840521812,200.0,105.5999984741211,0.0,60.0,3146.555506706238
1759518377.83514,2025-10-03 19:06:17.835139990,200.0,105.5,0.0,60.0,3148.5501248836517
1759518377.896864,2025-10-03 19:06:17.896863937,200.0,105.5999984741211,0.0,60.0,3148.6118488311768
1759518380.0177028,2025-10-03 19:06:20.017702818,200.0,105.5,0.0,60.0,3150.7326877117157
1759518394.0084257,2025-10-03 19:06:34.008425474,200.0,105.4000015258789,0.0,60.0,3164.7234106063843
1759518401.8986907,2025-10-03 19:06:41.898690701,200.0,105.5,0.0,60.0,3172.61367559433
1759518404.1964092,2025-10-03 19:06:44.196409225,200.0,105.5999984741211,0.0,60.0,3174.9113941192627
1759518404.437896,2025-10-03 19:06:44.437896013,200.0,105.5,0.0,60.0,3175.1528809070587
1759518404.4964924,2025-10-03 19:06:44.496492386,200.0,105.5999984741211,0.0,60.0,3175.211477279663
1759518419.1084168,2025-10-03 19:06:59.108416796,200.0,105.5,0.0,60.0,3189.8234016895294
1759518422.495019,2025-10-03 19:07:02.495018959,200.0,105.5999984741211,0.0,60.0,3193.2100038528442
1759518422.7447026,2025-10-03 19:07:02.744702578,200.0,105.5,0.0,60.0,3193.4596874713898
1759518422.92637,2025-10-03 19:07:02.926369905,200.0,105.5999984741211,0.0,60.0,3193.6413547992706
1759518427.6146486,2025-10-03 19:07:07.614648581,200.0,105.5,0.0,60.0,3198.32963347435
1759518430.808078,2025-10-03 19:07:10.808078051,200.0,105.5999984741211,0.0,60.0,3201.5230629444122
1759518436.3148758,2025-10-03 19:07:16.314875841,200.0,105.6999969482422,0.0,60.0,3207.0298607349396
1759518436.4953802,2025-10-03 19:07:16.495380163,200.0,105.5999984741211,0.0,60.0,3207.2103650569916
1759518436.6174896,2025-10-03 19:07:16.617489576,200.0,105.6999969482422,0.0,60.0,3207.3324744701385
1759518437.8426208,2025-10-03 19:07:17.842620850,200.0,105.5999984741211,0.0,60.0,3208.557605743408
1759518441.1373775,2025-10-03 19:07:21.137377501,200.0,105.5,0.0,60.0,3211.852362394333
1759518441.2071445,2025-10-03 19:07:21.207144260,200.0,105.5999984741211,0.0,60.0,3211.922129392624
1759518441.390951,2025-10-03 19:07:21.390950918,200.0,105.5,0.0,60.0,3212.1059358119965
1759518445.5121706,2025-10-03 19:07:25.512170553,200.0,105.4000015258789,0.0,60.0,3216.227155447006
1759518449.2280412,2025-10-03 19:07:29.228041172,200.0,105.3000030517578,0.0,60.0,3219.9430260658264
1759518454.6210823,2025-10-03 19:07:34.621082544,200.0,105.4000015258789,0.0,60.0,3225.336067199707
1759518456.1976838,2025-10-03 19:07:36.197683811,200.0,105.3000030517578,0.0,60.0,3226.9126687049866
1759518460.527479,2025-10-03 19:07:40.527478933,200.0,105.1999969482422,0.0,60.0,3231.242463827133
1759518462.2883942,2025-10-03 19:07:42.288394213,200.0,105.0999984741211,0.0,60.0,3233.0033791065216
1759518464.1047616,2025-10-03 19:07:44.104761600,200.0,105.0,0.0,60.0,3234.819746494293
1759518473.3171322,2025-10-03 19:07:53.317132235,200.0,105.0999984741211,0.0,60.0,3244.032117128372
1759518480.03472,2025-10-03 19:08:00.034719944,200.0,105.1999969482422,0.0,60.0,3250.749704837799
1759518480.2168334,2025-10-03 19:08:00.216833353,200.0,105.0999984741211,0.0,60.0,3250.9318182468414
1759518480.3407805,2025-10-03 19:08:00.340780258,200.0,105.1999969482422,0.0,60.0,3251.055765390396
1759518483.7112153,2025-10-03 19:08:03.711215258,200.0,105.3000030517578,0.0,60.0,3254.4262001514435
1759518483.8925984,2025-10-03 19:08:03.892598391,200.0,105.1999969482422,0.0,60.0,3254.607583284378
1759518484.0124972,2025-10-03 19:08:04.012497187,200.0,105.3000030517578,0.0,60.0,3254.7274820804596
1759518487.091532,2025-10-03 19:08:07.091531992,200.0,105.1999969482422,0.0,60.0,3257.8065168857574
1759518496.1257062,2025-10-03 19:08:16.125706195,200.0,105.3000030517578,0.0,60.0,3266.84069108963
1759518498.1110568,2025-10-03 19:08:18.111056805,200.0,105.4000015258789,0.0,60.0,3268.826041698456
1759518501.5878518,2025-10-03 19:08:21.587851763,200.0,105.5,0.0,60.0,3272.3028366565704
1759518501.714568,2025-10-03 19:08:21.714567900,200.0,105.4000015258789,0.0,60.0,3272.429552793503
1759518502.0130985,2025-10-03 19:08:22.013098478,200.0,105.5,0.0,60.0,3272.728083372116
1759518504.7138376,2025-10-03 19:08:24.713837624,200.0,105.4000015258789,0.0,60.0,3275.428822517395
1759518504.8312864,2025-10-03 19:08:24.831286430,200.0,105.5,0.0,60.0,3275.5462713241577
1759518514.6034348,2025-10-03 19:08:34.603434801,200.0,105.5999984741211,0.0,60.0,3285.3184196949005
1759518522.1860132,2025-10-03 19:08:42.186013222,200.0,105.6999969482422,0.0,60.0,3292.9009981155396
1759518522.434671,2025-10-03 19:08:42.434670925,200.0,105.5999984741211,0.0,60.0,3293.149655818939
1759518523.4077904,2025-10-03 19:08:43.407790422,200.0,105.6999969482422,0.0,60.0,3294.1227753162384
1759518523.7086637,2025-10-03 19:08:43.708663464,200.0,105.5999984741211,0.0,60.0,3294.42364859581
1759518524.1281066,2025-10-03 19:08:44.128106593,200.0,105.6999969482422,0.0,60.0,3294.8430914878845
1759518531.2847552,2025-10-03 19:08:51.284755230,200.0,105.5999984741211,0.0,60.0,3301.999740123749
1759518535.0376692,2025-10-03 19:08:55.037669182,200.0,105.5,0.0,60.0,3305.7526540756226
1759518535.2814558,2025-10-03 19:08:55.281455755,200.0,105.5999984741211,0.0,60.0,3305.9964406490326
1759518535.7042444,2025-10-03 19:08:55.704244375,200.0,105.5,0.0,60.0,3306.4192292690277
1759518539.428465,2025-10-03 19:08:59.428464890,200.0,105.4000015258789,0.0,60.0,3310.143449783325
1759518541.5026648,2025-10-03 19:09:01.502664804,200.0,105.3000030517578,0.0,60.0,3312.2176496982574
1759518543.4861295,2025-10-03 19:09:03.486129522,200.0,105.1999969482422,0.0,60.0,3314.2011144161224
1759518544.038489,2025-10-03 19:09:04.038489342,200.0,105.3000030517578,0.0,60.0,3314.753473997116
1759518546.4038813,2025-10-03 19:09:06.403881311,200.0,105.4000015258789,0.0,60.0,3317.1188662052155
1759518548.2253144,2025-10-03 19:09:08.225314379,200.0,105.5,0.0,60.0,3318.9402992725372
1759518552.099409,2025-10-03 19:09:12.099409103,200.0,105.5999984741211,0.0,60.0,3322.8143939971924
1759518552.220221,2025-10-03 19:09:12.220221043,200.0,105.5,0.0,60.0,3322.935205936432
1759518552.3990734,2025-10-03 19:09:12.399073362,200.0,105.5999984741211,0.0,60.0,3323.1140582561493
1759518556.415419,2025-10-03 19:09:16.415419340,200.0,105.6999969482422,0.0,60.0,3327.130403995514
1759518568.6993089,2025-10-03 19:09:28.699308872,200.0,105.8000030517578,0.0,60.0,3339.4142937660217
1759518578.3939965,2025-10-03 19:09:38.393996477,200.0,105.6999969482422,0.0,60.0,3349.108981370926
1759518581.8924422,2025-10-03 19:09:41.892442226,200.0,105.5999984741211,0.0,60.0,3352.6074271202087
1759518594.0273724,2025-10-03 19:09:54.027372360,200.0,105.6999969482422,0.0,60.0,3364.7423572540283
1759518594.08747,2025-10-03 19:09:54.087470055,200.0,105.5999984741211,0.0,60.0,3364.8024549484253
1759518595.6215005,2025-10-03 19:09:55.621500254,200.0,105.6999969482422,0.0,60.0,3366.336485385895
1759518603.6062052,2025-10-03 19:10:03.606205225,200.0,105.8000030517578,0.0,60.0,3374.3211901187897
1759518623.530784,2025-10-03 19:10:23.530783892,200.0,105.9000015258789,0.0,60.0,3394.2457687854767
1759518623.7160287,2025-10-03 19:10:23.716028690,200.0,105.8000030517578,0.0,60.0,3394.431013584137
1759518625.223183,2025-10-03 19:10:25.223182917,200.0,105.9000015258789,0.0,60.0,3395.93816781044
1759518633.284094,2025-10-03 19:10:33.284093857,200.0,106.0,0.0,60.0,3403.999078989029
1759518633.7815158,2025-10-03 19:10:33.781515837,200.0,105.9000015258789,0.0,60.0,3404.4965007305145
1759518633.900566,2025-10-03 19:10:33.900566101,200.0,106.0,0.0,60.0,3404.615550994873
1759518642.125051,2025-10-03 19:10:42.125051022,200.0,106.0999984741211,0.0,60.0,3412.8400359153748
1759518654.7259014,2025-10-03 19:10:54.725901365,200.0,106.1999969482422,0.0,60.0,3425.440886259079
1759518657.612117,2025-10-03 19:10:57.612117052,200.0,106.3000030517578,0.0,60.0,3428.327101945877
1759518661.3015258,2025-10-03 19:11:01.301525831,200.0,106.4000015258789,0.0,60.0,3432.0165107250214
1759518665.6813226,2025-10-03 19:11:05.681322575,200.0,106.5,0.0,60.0,3436.3963074684143
1759518669.899437,2025-10-03 19:11:09.899436951,200.0,106.5999984741211,0.0,60.0,3440.6144218444824
1759518687.6064267,2025-10-03 19:11:27.606426716,200.0,106.6999969482422,0.0,60.0,3458.3214116096497
1759518687.7269087,2025-10-03 19:11:27.726908684,200.0,106.5999984741211,0.0,60.0,3458.4418935775757
1759518688.028727,2025-10-03 19:11:28.028727055,200.0,106.6999969482422,0.0,60.0,3458.743711948395
1759518691.2290957,2025-10-03 19:11:31.229095697,200.0,106.8000030517578,0.0,60.0,3461.944080591202
1759518699.022708,2025-10-03 19:11:39.022707939,200.0,106.6999969482422,0.0,60.0,3469.737692832947
1759518717.7291265,2025-10-03 19:11:57.729126453,200.0,106.5999984741211,0.0,60.0,3488.4441113471985
1759518717.9063,2025-10-03 19:11:57.906300068,200.0,106.6999969482422,0.0,60.0,3488.6212849617004
1759518718.2053196,2025-10-03 19:11:58.205319643,200.0,106.5999984741211,0.0,60.0,3488.9203045368195
1759518718.3255064,2025-10-03 19:11:58.325506449,200.0,106.6999969482422,0.0,60.0,3489.0404913425446
1759518718.8150325,2025-10-03 19:11:58.815032482,200.0,106.5999984741211,0.0,60.0,3489.530017375946
1759518719.1124706,2025-10-03 19:11:59.112470627,200.0,106.6999969482422,0.0,60.0,3489.82745552063
1759518719.2335846,2025-10-03 19:11:59.233584642,200.0,106.5999984741211,0.0,60.0,3489.948569536209
1759518719.7179985,2025-10-03 19:11:59.717998266,200.0,106.6999969482422,0.0,60.0,3490.4329833984375
1759518723.4392114,2025-10-03 19:12:03.439211369,200.0,106.8000030517578,0.0,60.0,3494.1541962623596
1759518738.1166966,2025-10-03 19:12:18.116696596,200.0,106.9000015258789,0.0,60.0,3508.8316814899445
1759518741.5170166,2025-10-03 19:12:21.517016649,200.0,107.0,0.0,60.0,3512.232001543045
1759518744.3154569,2025-10-03 19:12:24.315456867,200.0,106.9000015258789,0.0,60.0,3515.030441761017
1759518745.0994563,2025-10-03 19:12:25.099456549,200.0,107.0,0.0,60.0,3515.814441204071
1759518745.2212565,2025-10-03 19:12:25.221256256,200.0,106.9000015258789,0.0,60.0,3515.936241388321
1759518745.8254745,2025-10-03 19:12:25.825474501,200.0,107.0,0.0,60.0,3516.540459394455
1759518746.4213912,2025-10-03 19:12:26.421391249,200.0,106.9000015258789,0.0,60.0,3517.136376142502
1759518746.603306,2025-10-03 19:12:26.603306055,200.0,107.0,0.0,60.0,3517.318290948868
1759518746.8998067,2025-10-03 19:12:26.899806738,200.0,106.9000015258789,0.0,60.0,3517.6147916316986
1759518747.0189989,2025-10-03 19:12:27.018998861,200.0,107.0,0.0,60.0,3517.7339837551117
1759518747.320991,2025-10-03 19:12:27.320991039,200.0,106.9000015258789,0.0,60.0,3518.035975933075
1759518747.8813806,2025-10-03 19:12:27.881380558,200.0,107.0,0.0,60.0,3518.5963654518127
1759518749.696331,2025-10-03 19:12:29.696331024,200.0,106.9000015258789,0.0,60.0,3520.4113159179688
1759518750.0085545,2025-10-03 19:12:30.008554459,200.0,107.0,0.0,60.0,3520.723539352417
1759518750.128928,2025-10-03 19:12:30.128927945,200.0,106.9000015258789,0.0,60.0,3520.8439128398895
1759518754.5840547,2025-10-03 19:12:34.584054708,200.0,106.8000030517578,0.0,60.0,3525.2990396022797
1759518757.9952445,2025-10-03 19:12:37.995244503,200.0,106.6999969482422,0.0,60.0,3528.71022939682
1759518766.6128454,2025-10-03 19:12:46.612845421,200.0,106.8000030517578,0.0,60.0,3537.3278303146362
1759518775.8305774,2025-10-03 19:12:55.830577374,200.0,106.6999969482422,0.0,60.0,3546.5455622673035
1759518779.2912605,2025-10-03 19:12:59.291260481,200.0,106.8000030517578,0.0,60.0,3550.0062453746796
1759518794.2995925,2025-10-03 19:13:14.299592257,200.0,106.9000015258789,0.0,60.0,3565.0145773887634
1759518806.0031714,2025-10-03 19:13:26.003171444,200.0,107.0,0.0,60.0,3576.718156337738
1759518807.5973682,2025-10-03 19:13:27.597368240,200.0,106.9000015258789,0.0,60.0,3578.3123531341553
1759518808.3769507,2025-10-03 19:13:28.376950741,200.0,107.0,0.0,60.0,3579.091935634613
1759518809.0986588,2025-10-03 19:13:29.098658800,200.0,106.9000015258789,0.0,60.0,3579.813643693924
1759518809.2783682,2025-10-03 19:13:29.278368235,200.0,107.0,0.0,60.0,3579.9933531284332
1759518809.3981051,2025-10-03 19:13:29.398105145,200.0,106.9000015258789,0.0,60.0,3580.1130900382996
1759518809.5787885,2025-10-03 19:13:29.578788280,200.0,107.0,0.0,60.0,3580.2937734127045
1759518810.757131,2025-10-03 19:13:30.757131100,200.0,106.9000015258789,0.0,60.0,3581.4721159934998
1759518811.2013326,2025-10-03 19:13:31.201332569,200.0,107.0,0.0,60.0,3581.916317462921
1759518811.5004735,2025-10-03 19:13:31.500473499,200.0,106.9000015258789,0.0,60.0,3582.215458393097
1759518812.1001296,2025-10-03 19:13:32.100129604,200.0,107.0,0.0,60.0,3582.8151144981384
1759518813.0708723,2025-10-03 19:13:33.070872307,200.0,106.9000015258789,0.0,60.0,3583.7858572006226
1759518813.3270802,2025-10-03 19:13:33.327080250,200.0,107.0,0.0,60.0,3584.042065143585
1759518813.393265,2025-10-03 19:13:33.393265009,200.0,106.9000015258789,0.0,60.0,3584.108249902725
1759518813.8964894,2025-10-03 19:13:33.896489382,200.0,107.0,0.0,60.0,3584.611474275589
1759518814.0154164,2025-10-03 19:13:34.015416384,200.0,106.9000015258789,0.0,60.0,3584.730401277542
1759518817.9716542,2025-10-03 19:13:37.971654177,200.0,106.8000030517578,0.0,60.0,3588.686639070511
1759518827.692485,2025-10-03 19:13:47.692485332,200.0,106.6999969482422,0.0,60.0,3598.4074699878693
1759518836.770534,2025-10-03 19:13:56.770534039,200.0,106.8000030517578,0.0,60.0,3607.4855189323425
1759518840.5141177,2025-10-03 19:14:00.514117717,200.0,106.9000015258789,0.0,60.0,3611.2291026115417
1759518844.5233974,2025-10-03 19:14:04.523397446,200.0,107.0,0.0,60.0,3615.2383823394775
1759518853.696768,2025-10-03 19:14:13.696768045,200.0,106.9000015258789,0.0,60.0,3624.4117529392242
1759518857.984943,2025-10-03 19:14:17.984942913,200.0,106.8000030517578,0.0,60.0,3628.6999278068542
1759518864.327859,2025-10-03 19:14:24.327858925,200.0,106.6999969482422,0.0,60.0,3635.0428438186646
1759518868.7279017,2025-10-03 19:14:28.727901697,200.0,106.5999984741211,0.0,60.0,3639.4428865909576
1759518873.8148596,2025-10-03 19:14:33.814859629,200.0,106.5,0.0,60.0,3644.529844522476
1759518880.4793437,2025-10-03 19:14:40.479343653,200.0,106.4000015258789,0.0,60.0,3651.194328546524
1759518882.7096727,2025-10-03 19:14:42.709672689,200.0,106.3000030517578,0.0,60.0,3653.4246575832367
1759518884.5800183,2025-10-03 19:14:44.580018520,200.0,106.1999969482422,0.0,60.0,3655.2950031757355
1759518890.3918436,2025-10-03 19:14:50.391843557,200.0,106.0999984741211,0.0,60.0,3661.1068284511566
1759518894.41663,2025-10-03 19:14:54.416630030,200.0,106.1999969482422,0.0,60.0,3665.131614923477
1759518895.3207145,2025-10-03 19:14:55.320714474,200.0,106.0999984741211,0.0,60.0,3666.035699367523
1759518895.49849,2025-10-03 19:14:55.498490095,200.0,106.1999969482422,0.0,60.0,3666.2134749889374
1759518902.3131535,2025-10-03 19:15:02.313153505,200.0,106.3000030517578,0.0,60.0,3673.028138399124
1759518902.371206,2025-10-03 19:15:02.371206045,200.0,106.1999969482422,0.0,60.0,3673.0861909389496
1759518902.6738105,2025-10-03 19:15:02.673810482,200.0,106.3000030517578,0.0,60.0,3673.388795375824
1759518902.9803393,2025-10-03 19:15:02.980339289,200.0,106.1999969482422,0.0,60.0,3673.6953241825104
1759518903.2283795,2025-10-03 19:15:03.228379488,200.0,106.3000030517578,0.0,60.0,3673.94336438179
1759518903.2970202,2025-10-03 19:15:03.297020197,200.0,106.1999969482422,0.0,60.0,3674.0120050907135
1759518906.7914422,2025-10-03 19:15:06.791442156,200.0,106.0999984741211,0.0,60.0,3677.506427049637
1759518909.014038,2025-10-03 19:15:09.014038086,200.0,106.0,0.0,60.0,3679.7290229797363
1759518916.7001994,2025-10-03 19:15:16.700199366,200.0,105.9000015258789,0.0,60.0,3687.4151842594147
1759518918.1936116,2025-10-03 19:15:18.193611622,200.0,106.0,0.0,60.0,3688.9085965156555
1759518918.316191,2025-10-03 19:15:18.316190958,200.0,105.9000015258789,0.0,60.0,3689.031175851822
1759518918.4973075,2025-10-03 19:15:18.497307539,200.0,106.0,0.0,60.0,3689.212292432785
1759518922.7913797,2025-10-03 19:15:22.791379452,200.0,106.0999984741211,0.0,60.0,3693.506364583969
1759518933.4120214,2025-10-03 19:15:33.412021399,200.0,106.0,0.0,60.0,3704.127006292343
1759518936.911835,2025-10-03 19:15:36.911834955,200.0,105.9000015258789,0.0,60.0,3707.6268198490143
1759518943.782547,2025-10-03 19:15:43.782546997,200.0,105.8000030517578,0.0,60.0,3714.497531890869
1759518944.3905654,2025-10-03 19:15:44.390565395,200.0,105.9000015258789,0.0,60.0,3715.105550289154
1759518946.5743196,2025-10-03 19:15:46.574319601,200.0,105.8000030517578,0.0,60.0,3717.289304494858
1759518949.2797716,2025-10-03 19:15:49.279771566,200.0,105.6999969482422,0.0,60.0,3719.99475646019
1759518958.4806895,2025-10-03 19:15:58.480689526,200.0,105.5999984741211,0.0,60.0,3729.195674419403
1759518973.7747643,2025-10-03 19:16:13.774764299,200.0,105.5,0.0,20.0,3744.4897491931915
1759518976.0151596,2025-10-03 19:16:16.015159607,200.0,105.4000015258789,0.0,20.0,3746.7301445007324
1759518977.468071,2025-10-03 19:16:17.468070984,200.0,105.3000030517578,0.0,20.0,3748.1830558776855
1759518978.375779,2025-10-03 19:16:18.375778913,200.0,105.1999969482422,0.0,20.0,3749.0907638072968
1759518979.7058845,2025-10-03 19:16:19.705884457,200.0,105.0999984741211,0.0,20.0,3750.4208693504333
1759518980.7927735,2025-10-03 19:16:20.792773724,200.0,105.0,0.0,20.0,3751.5077583789825
1759518981.8232057,2025-10-03 19:16:21.823205709,200.0,104.9000015258789,0.0,20.0,3752.538190603256
1759518982.7963135,2025-10-03 19:16:22.796313524,200.0,104.8000030517578,0.0,20.0,3753.511298418045
1759518983.8842783,2025-10-03 19:16:23.884278297,200.0,104.6999969482422,0.0,20.0,3754.599263191223
1759518984.909743,2025-10-03 19:16:24.909743071,200.0,104.5999984741211,0.0,20.0,3755.6247279644012
1759518985.6877112,2025-10-03 19:16:25.687711239,200.0,104.5,0.0,20.0,3756.40269613266
1759518986.5746813,2025-10-03 19:16:26.574681282,200.0,104.4000015258789,0.0,20.0,3757.2896661758423
1759518987.368359,2025-10-03 19:16:27.368359089,200.0,104.3000030517578,0.0,20.0,3758.0833439826965
1759518988.295962,2025-10-03 19:16:28.295962095,200.0,104.1999969482422,0.0,20.0,3759.0109469890594
1759518989.0730803,2025-10-03 19:16:29.073080540,200.0,104.0999984741211,0.0,20.0,3759.7880651950836
1759518989.9819589,2025-10-03 19:16:29.981958866,200.0,104.0,0.0,20.0,3760.696943759918
1759518990.8907075,2025-10-03 19:16:30.890707731,200.0,103.9000015258789,0.0,20.0,3761.605692386627
1759518991.4984856,2025-10-03 19:16:31.498485565,200.0,103.8000030517578,0.0,20.0,3762.2134704589844
1759518992.1663718,2025-10-03 19:16:32.166371822,200.0,103.6999969482422,0.0,20.0,3762.881356716156
1759518992.7719593,2025-10-03 19:16:32.771959305,200.0,103.5999984741211,0.0,20.0,3763.4869441986084
1759518993.384421,2025-10-03 19:16:33.384421349,200.0,103.5,0.0,20.0,3764.099406003952
1759518994.0097692,2025-10-03 19:16:34.009769201,200.0,103.4000015258789,0.0,20.0,3764.7247540950775
1759518994.3698452,2025-10-03 19:16:34.369845152,200.0,103.3000030517578,0.0,20.0,3765.0848300457
1759518994.9131577,2025-10-03 19:16:34.913157701,200.0,103.1999969482422,0.0,20.0,3765.628142595291
1759518995.4663725,2025-10-03 19:16:35.466372490,200.0,103.0999984741211,0.0,20.0,3766.181357383728
1759518996.0715888,2025-10-03 19:16:36.071588755,200.0,103.0,0.0,20.0,3766.7865736484528
1759518996.684383,2025-10-03 19:16:36.684382677,200.0,102.9000015258789,0.0,20.0,3767.3993678092957
1759518997.293275,2025-10-03 19:16:37.293275118,200.0,102.8000030517578,0.0,20.0,3768.008260011673
1759518997.771403,2025-10-03 19:16:37.771403074,200.0,102.6999969482422,0.0,20.0,3768.4863879680634
1759518998.312763,2025-10-03 19:16:38.312762976,200.0,102.5999984741211,0.0,20.0,3769.0277478694916
1759518998.9791873,2025-10-03 19:16:38.979187250,200.0,102.5,0.0,20.0,3769.694172143936
1759518999.5758443,2025-10-03 19:16:39.575844526,200.0,102.4000015258789,0.0,20.0,3770.290829181671
1759519000.1953557,2025-10-03 19:16:40.195355654,200.0,102.3000030517578,0.0,20.0,3770.9103405475616
1759519000.977803,2025-10-03 19:16:40.977802992,200.0,102.1999969482422,0.0,20.0,3771.692787885666
1759519001.7101066,2025-10-03 19:16:41.710106611,200.0,102.0999984741211,0.0,20.0,3772.4250915050507
1759519002.5124466,2025-10-03 19:16:42.512446642,200.0,102.0,0.0,20.0,3773.227431535721
1759519003.3010654,2025-10-03 19:16:43.301065445,200.0,101.9000015258789,0.0,20.0,3774.016050338745
1759519004.219092,2025-10-03 19:16:44.219092131,200.0,101.8000030517578,0.0,20.0,3774.9340767860413
1759519004.9932296,2025-10-03 19:16:44.993229628,200.0,101.6999969482422,0.0,20.0,3775.708214521408
1759519005.8988411,2025-10-03 19:16:45.898841143,200.0,101.5999984741211,0.0,20.0,3776.6138260364532
1759519006.500332,2025-10-03 19:16:46.500331879,200.0,101.5,0.0,20.0,3777.2153170108795
1759519007.1140864,2025-10-03 19:16:47.114086390,200.0,101.4000015258789,0.0,20.0,3777.8290712833405
1759519007.7153423,2025-10-03 19:16:47.715342283,200.0,101.3000030517578,0.0,20.0,3778.4303271770477
1759519008.195924,2025-10-03 19:16:48.195924044,200.0,101.1999969482422,0.0,20.0,3778.910908937454
1759519008.7920427,2025-10-03 19:16:48.792042732,200.0,101.0999984741211,0.0,20.0,3779.5070276260376
1759519009.2741492,2025-10-03 19:16:49.274149179,200.0,101.0,0.0,20.0,3779.9891340732574
1759519009.8681488,2025-10-03 19:16:49.868148804,200.0,100.9000015258789,0.0,20.0,3780.5831336975098
1759519010.2948763,2025-10-03 19:16:50.294876337,200.0,100.8000030517578,0.0,20.0,3781.00986123085
1759519010.901754,2025-10-03 19:16:50.901753902,200.0,100.6999969482422,0.0,20.0,3781.616738796234
1759519011.5015433,2025-10-03 19:16:51.501543282,200.0,100.5999984741211,0.0,20.0,3782.2165281772614
1759519011.9820013,2025-10-03 19:16:51.982001305,200.0,100.5,0.0,20.0,3782.6969861984253
1759519012.4114902,2025-10-03 19:16:52.411490202,200.0,100.4000015258789,0.0,20.0,3783.126475095749
1759519012.891093,2025-10-03 19:16:52.891093016,200.0,100.3000030517578,0.0,20.0,3783.6060779094696
1759519013.3720818,2025-10-03 19:16:53.372081757,200.0,100.1999969482422,0.0,20.0,3784.0870666503906
1759519013.8683753,2025-10-03 19:16:53.868375301,200.0,100.0999984741211,0.0,20.0,3784.58336019516
1759519014.2905283,2025-10-03 19:16:54.290528536,200.0,100.0,0.0,20.0,3785.005513191223
1759519014.8905892,2025-10-03 19:16:54.890589237,200.0,99.9000015258789,0.0,20.0,3785.605574131012
1759519015.369818,2025-10-03 19:16:55.369817972,200.0,99.8000030517578,0.0,20.0,3786.084802865982
1759519016.088077,2025-10-03 19:16:56.088077068,200.0,99.6999969482422,0.0,20.0,3786.8030619621277
1759519016.697636,2025-10-03 19:16:56.697636127,200.0,99.5999984741211,0.0,20.0,3787.412620782852
1759519017.3091297,2025-10-03 19:16:57.309129715,200.0,99.5,0.0,20.0,3788.0241146087646
1759519017.9125752,2025-10-03 19:16:57.912575245,200.0,99.4000015258789,0.0,20.0,3788.6275601387024
1759519018.587424,2025-10-03 19:16:58.587424040,200.0,99.3000030517578,0.0,20.0,3789.3024089336395
1759519019.3790164,2025-10-03 19:16:59.379016399,200.0,99.1999969482422,0.0,20.0,3790.0940012931824
1759519019.9740102,2025-10-03 19:16:59.974010229,200.0,99.0999984741211,0.0,20.0,3790.6889951229095
1759519020.589563,2025-10-03 19:17:00.589562893,200.0,99.0,0.0,20.0,3791.3045477867126
1759519021.19621,2025-10-03 19:17:01.196209908,200.0,98.9000015258789,0.0,20.0,3791.9111948013306
1759519021.808398,2025-10-03 19:17:01.808398008,200.0,98.8000030517578,0.0,20.0,3792.5233829021454
1759519022.4649746,2025-10-03 19:17:02.464974642,200.0,98.6999969482422,0.0,20.0,3793.1799595355988
1759519023.367987,2025-10-03 19:17:03.367986679,200.0,98.5999984741211,0.0,20.0,3794.0829718112946
1759519023.97544,2025-10-03 19:17:03.975440025,200.0,98.5,0.0,20.0,3794.6904249191284
1759519024.9096372,2025-10-03 19:17:04.909637213,200.0,98.4000015258789,0.0,20.0,3795.624622106552
1759519025.5110164,2025-10-03 19:17:05.511016369,200.0,98.3000030517578,0.0,20.0,3796.226001262665
1759519026.1202104,2025-10-03 19:17:06.120210409,200.0,98.1999969482422,0.0,20.0,3796.8351953029633
1759519026.7789538,2025-10-03 19:17:06.778953791,200.0,98.0999984741211,0.0,20.0,3797.4939386844635
1759519027.3974435,2025-10-03 19:17:07.397443533,200.0,98.0,0.0,20.0,3798.1124284267426
1759519028.0173965,2025-10-03 19:17:08.017396450,200.0,97.9000015258789,0.0,20.0,3798.7323813438416
1759519028.5710557,2025-10-03 19:17:08.571055651,200.0,97.8000030517578,0.0,20.0,3799.28604054451
1759519029.166122,2025-10-03 19:17:09.166121960,200.0,97.6999969482422,0.0,20.0,3799.881106853485
1759519029.776177,2025-10-03 19:17:09.776176929,200.0,97.5999984741211,0.0,20.0,3800.4911618232727
1759519030.3882377,2025-10-03 19:17:10.388237715,200.0,97.5,0.0,20.0,3801.1032226085663
1759519031.0040624,2025-10-03 19:17:11.004062414,200.0,97.4000015258789,0.0,20.0,3801.719047307968
1759519031.615039,2025-10-03 19:17:11.615039349,200.0,97.3000030517578,0.0,20.0,3802.3300240039825
1759519032.1667848,2025-10-03 19:17:12.166784763,200.0,97.1999969482422,0.0,20.0,3802.881769657135
1759519032.772221,2025-10-03 19:17:12.772221088,200.0,97.0999984741211,0.0,20.0,3803.4872059822083
1759519033.3780887,2025-10-03 19:17:13.378088713,200.0,97.0,0.0,20.0,3804.093073606491
1759519034.0904436,2025-10-03 19:17:14.090443611,200.0,96.9000015258789,0.0,20.0,3804.805428504944
1759519035.0033967,2025-10-03 19:17:15.003396749,200.0,96.8000030517578,0.0,20.0,3805.7183816432953
1759519035.9976308,2025-10-03 19:17:15.997630835,200.0,96.6999969482422,0.0,20.0,3806.7126157283783
1759519036.8939447,2025-10-03 19:17:16.893944740,200.0,96.5999984741211,0.0,20.0,3807.6089296340942
1759519037.797433,2025-10-03 19:17:17.797432661,200.0,96.5,0.0,20.0,3808.512417793274
1759519038.593974,2025-10-03 19:17:18.593974113,200.0,96.4000015258789,0.0,20.0,3809.308959007263
1759519039.2025354,2025-10-03 19:17:19.202535391,200.0,96.3000030517578,0.0,20.0,3809.9175202846527
1759519039.8642037,2025-10-03 19:17:19.864203453,200.0,96.1999969482422,0.0,20.0,3810.5791885852814
1759519040.2926955,2025-10-03 19:17:20.292695522,200.0,96.0999984741211,0.0,20.0,3811.007680416107
1759519040.7735178,2025-10-03 19:17:20.773517847,200.0,96.0,0.0,20.0,3811.48850274086
1759519041.2003214,2025-10-03 19:17:21.200321436,200.0,95.9000015258789,0.0,20.0,3811.915306329727
1759519041.692875,2025-10-03 19:17:21.692874670,200.0,95.8000030517578,0.0,20.0,3812.407859802246
1759519042.2979264,2025-10-03 19:17:22.297926426,200.0,95.6999969482422,0.0,20.0,3813.0129113197327
1759519042.7169983,2025-10-03 19:17:22.716998339,200.0,95.5999984741211,0.0,20.0,3813.431983232498
1759519043.0205765,2025-10-03 19:17:23.020576477,200.0,95.5,0.0,20.0,3813.7355613708496
1759519043.5837584,2025-10-03 19:17:23.583758354,200.0,95.4000015258789,0.0,20.0,3814.298743247986
1759519044.0645387,2025-10-03 19:17:24.064538716,200.0,95.3000030517578,0.0,20.0,3814.7795236110687
1759519044.6708796,2025-10-03 19:17:24.670879602,200.0,95.1999969482422,0.0,20.0,3815.385864496231
1759519045.213988,2025-10-03 19:17:25.213988066,200.0,95.0999984741211,0.0,20.0,3815.9289729595184
1759519045.8154082,2025-10-03 19:17:25.815408230,200.0,95.0,0.0,20.0,3816.5303931236267
1759519046.5882945,2025-10-03 19:17:26.588294506,200.0,94.9000015258789,0.0,20.0,3817.303279399872
1759519047.268442,2025-10-03 19:17:27.268441916,200.0,94.8000030517578,0.0,20.0,3817.983426809311
1759519048.1683404,2025-10-03 19:17:28.168340445,200.0,94.6999969482422,0.0,20.0,3818.8833253383636
1759519049.0882492,2025-10-03 19:17:29.088249207,200.0,94.5999984741211,0.0,20.0,3819.803234100342
1759519049.8690493,2025-10-03 19:17:29.869049311,200.0,94.5,0.0,20.0,3820.584034204483
1759519050.5865805,2025-10-03 19:17:30.586580515,200.0,94.4000015258789,0.0,20.0,3821.3015654087067
1759519051.3057518,2025-10-03 19:17:31.305751801,200.0,94.3000030517578,0.0,20.0,3822.020736694336
1759519052.1074128,2025-10-03 19:17:32.107412815,200.0,94.1999969482422,0.0,20.0,3822.822397708893
1759519052.7741735,2025-10-03 19:17:32.774173498,200.0,94.0999984741211,0.0,20.0,3823.4891583919525
1759519053.6121564,2025-10-03 19:17:33.612156391,200.0,94.0,0.0,20.0,3824.3271412849426
1759519054.2734652,2025-10-03 19:17:34.273465157,200.0,93.9000015258789,0.0,20.0,3824.988450050354
1759519054.8702643,2025-10-03 19:17:34.870264292,200.0,93.8000030517578,0.0,20.0,3825.585249185562
1759519055.6116345,2025-10-03 19:17:35.611634254,200.0,93.6999969482422,0.0,20.0,3826.326619386673
1759519056.2120266,2025-10-03 19:17:36.212026596,200.0,93.5999984741211,0.0,20.0,3826.927011489868
1759519056.989786,2025-10-03 19:17:36.989786148,200.0,93.5,0.0,20.0,3827.7047708034515
1759519057.720732,2025-10-03 19:17:37.720731974,200.0,93.4000015258789,0.0,20.0,3828.435716867447
1759519058.2670376,2025-10-03 19:17:38.267037630,200.0,93.3000030517578,0.0,20.0,3828.98202252388
1759519059.0727854,2025-10-03 19:17:39.072785378,200.0,93.1999969482422,0.0,20.0,3829.7877702713013
1759519059.7939763,2025-10-03 19:17:39.793976545,200.0,93.0999984741211,0.0,20.0,3830.508961200714
1759519060.5130608,2025-10-03 19:17:40.513060808,200.0,93.0,0.0,20.0,3831.2280457019806
1759519061.3673613,2025-10-03 19:17:41.367361307,200.0,92.9000015258789,0.0,20.0,3832.082346200943
1759519062.216263,2025-10-03 19:17:42.216263056,200.0,92.8000030517578,0.0,20.0,3832.9312479496
1759519062.8771996,2025-10-03 19:17:42.877199650,200.0,92.6999969482422,0.0,20.0,3833.5921845436096
1759519063.663262,2025-10-03 19:17:43.663262129,200.0,92.5999984741211,0.0,20.0,3834.37824678421
1759519064.3892093,2025-10-03 19:17:44.389209270,200.0,92.5,0.0,20.0,3835.104194164276
1759519064.8653688,2025-10-03 19:17:44.865368843,200.0,92.4000015258789,0.0,20.0,3835.5803537368774
1759519065.599214,2025-10-03 19:17:45.599214077,200.0,92.3000030517578,0.0,20.0,3836.3141989707947
1759519066.206745,2025-10-03 19:17:46.206744671,200.0,92.1999969482422,0.0,20.0,3836.9217298030853
1759519066.8200934,2025-10-03 19:17:46.820093393,200.0,92.0999984741211,0.0,20.0,3837.5350782871246
1759519067.4707992,2025-10-03 19:17:47.470799208,200.0,92.0,0.0,20.0,3838.185784101486
1759519068.37493,2025-10-03 19:17:48.374930143,200.0,91.9000015258789,0.0,20.0,3839.0899147987366
1759519069.2902863,2025-10-03 19:17:49.290286303,200.0,91.8000030517578,0.0,20.0,3840.0052711963654
1759519069.8950074,2025-10-03 19:17:49.895007372,200.0,91.6999969482422,0.0,20.0,3840.6099922657013
1759519070.791385,2025-10-03 19:17:50.791384935,200.0,91.5999984741211,0.0,20.0,3841.506369829178
1759519071.6943092,2025-10-03 19:17:51.694309235,200.0,91.5,0.0,20.0,3842.409294128418
1759519072.2941265,2025-10-03 19:17:52.294126511,200.0,91.4000015258789,0.0,20.0,3843.009111404419
1759519072.9658055,2025-10-03 19:17:52.965805531,200.0,91.3000030517578,0.0,20.0,3843.680790424347
1759519073.5725098,2025-10-03 19:17:53.572509766,200.0,91.1999969482422,0.0,20.0,3844.287494659424
1759519074.4879825,2025-10-03 19:17:54.487982512,200.0,91.0999984741211,0.0,20.0,3845.202967405319
1759519075.3830223,2025-10-03 19:17:55.383022308,200.0,91.0,0.0,20.0,3846.0980072021484
1759519076.1859984,2025-10-03 19:17:56.185998440,200.0,90.9000015258789,0.0,20.0,3846.9009833335876
1759519076.7216537,2025-10-03 19:17:56.721653700,200.0,90.8000030517578,0.0,20.0,3847.4366385936737
1759519077.6214533,2025-10-03 19:17:57.621453285,200.0,90.6999969482422,0.0,20.0,3848.336438179016
1759519078.4940066,2025-10-03 19:17:58.494006634,200.0,90.5999984741211,0.0,20.0,3849.2089915275574
1759519079.2908328,2025-10-03 19:17:59.290832758,200.0,90.5,0.0,20.0,3850.0058176517487
1759519080.02209,2025-10-03 19:18:00.022089958,200.0,90.4000015258789,0.0,20.0,3850.7370748519897
1759519080.5745783,2025-10-03 19:18:00.574578285,200.0,90.3000030517578,0.0,20.0,3851.289563179016
1759519081.3699915,2025-10-03 19:18:01.369991541,200.0,90.1999969482422,0.0,20.0,3852.0849764347076
1759519081.909861,2025-10-03 19:18:01.909861326,200.0,90.0999984741211,0.0,20.0,3852.624845981598
1759519082.5064907,2025-10-03 19:18:02.506490707,200.0,90.0,0.0,20.0,3853.2214756011963
1759519083.0670197,2025-10-03 19:18:03.067019701,200.0,89.9000015258789,0.0,20.0,3853.782004594803
1759519083.672291,2025-10-03 19:18:03.672291040,200.0,89.80000305175781,0.0,20.0,3854.3872759342194
1759519084.2917724,2025-10-03 19:18:04.291772366,200.0,89.69999694824219,0.0,20.0,3855.006757259369
1759519084.774694,2025-10-03 19:18:04.774693966,200.0,89.5999984741211,0.0,20.0,3855.4896788597107
1759519085.3936226,2025-10-03 19:18:05.393622637,200.0,89.5,0.0,20.0,3856.108607530594
1759519086.0651245,2025-10-03 19:18:06.065124511,200.0,89.4000015258789,0.0,20.0,3856.7801094055176
1759519086.684732,2025-10-03 19:18:06.684731960,200.0,89.30000305175781,0.0,20.0,3857.3997168540955
1759519087.367743,2025-10-03 19:18:07.367743015,200.0,89.19999694824219,0.0,20.0,3858.082727909088
1759519088.280861,2025-10-03 19:18:08.280860662,200.0,89.0999984741211,0.0,20.0,3858.9958457946777
1759519088.770055,2025-10-03 19:18:08.770055056,200.0,89.0,0.0,20.0,3859.485039949417
1759519089.502063,2025-10-03 19:18:09.502063036,200.0,88.9000015258789,0.0,20.0,3860.217047929764
1759519090.410516,2025-10-03 19:18:10.410516024,200.0,88.80000305175781,0.0,20.0,3861.1255009174347
1759519091.210755,2025-10-03 19:18:11.210755110,200.0,88.69999694824219,0.0,20.0,3861.925740003586
1759519092.062565,2025-10-03 19:18:12.062565088,200.0,88.5999984741211,0.0,20.0,3862.777549982071
1759519092.7871163,2025-10-03 19:18:12.787116289,200.0,88.5,0.0,20.0,3863.5021011829376
1759519093.776649,2025-10-03 19:18:13.776648998,200.0,88.4000015258789,0.0,20.0,3864.4916338920593
1759519094.5747814,2025-10-03 19:18:14.574781418,200.0,88.30000305175781,0.0,20.0,3865.2897663116455
1759519095.3090332,2025-10-03 19:18:15.309033155,200.0,88.19999694824219,0.0,20.0,3866.02401804924
1759519096.0897908,2025-10-03 19:18:16.089790821,200.0,88.0999984741211,0.0,20.0,3866.8047757148743
1759519096.7715504,2025-10-03 19:18:16.771550417,200.0,88.0,0.0,20.0,3867.4865353107452
1759519097.5060349,2025-10-03 19:18:17.506034851,200.0,87.9000015258789,0.0,20.0,3868.221019744873
1759519098.713047,2025-10-03 19:18:18.713047028,200.0,87.80000305175781,0.0,20.0,3869.4280319213867
1759519099.4917214,2025-10-03 19:18:19.491721392,200.0,87.69999694824219,0.0,20.0,3870.2067062854767
1759519100.165071,2025-10-03 19:18:20.165071011,200.0,87.5999984741211,0.0,20.0,3870.8800559043884
1759519101.0173795,2025-10-03 19:18:21.017379522,200.0,87.5,0.0,20.0,3871.7323644161224
1759519101.6204095,2025-10-03 19:18:21.620409489,200.0,87.4000015258789,0.0,20.0,3872.335394382477
1759519102.1703193,2025-10-03 19:18:22.170319319,200.0,87.30000305175781,0.0,20.0,3872.88530421257
1759519102.5967634,2025-10-03 19:18:22.596763372,200.0,87.19999694824219,0.0,20.0,3873.31174826622
1759519103.0133443,2025-10-03 19:18:23.013344526,200.0,87.0999984741211,0.0,20.0,3873.728329181671
1759519103.520162,2025-10-03 19:18:23.520161867,200.0,87.0,0.0,20.0,3874.235146999359
1759519104.0697465,2025-10-03 19:18:24.069746494,200.0,86.9000015258789,0.0,20.0,3874.784731388092
1759519104.8057995,2025-10-03 19:18:24.805799723,200.0,86.80000305175781,0.0,20.0,3875.5207843780518
1759519105.406536,2025-10-03 19:18:25.406536102,200.0,86.69999694824219,0.0,20.0,3876.1215209960938
1759519106.3082664,2025-10-03 19:18:26.308266401,200.0,86.5999984741211,0.0,20.0,3877.0232512950897
1759519107.1073284,2025-10-03 19:18:27.107328415,200.0,86.5,0.0,20.0,3877.822313308716
1759519107.9094431,2025-10-03 19:18:27.909443140,200.0,86.4000015258789,0.0,20.0,3878.6244280338287
1759519108.969007,2025-10-03 19:18:28.969007015,200.0,86.30000305175781,0.0,20.0,3879.683991909027
1759519109.7042432,2025-10-03 19:18:29.704243183,200.0,86.19999694824219,0.0,20.0,3880.419228076935
1759519110.2615087,2025-10-03 19:18:30.261508703,200.0,86.0999984741211,0.0,20.0,3880.9764935970306
1759519111.1756425,2025-10-03 19:18:31.175642252,200.0,86.0,0.0,20.0,3881.890627384186
1759519112.08469,2025-10-03 19:18:32.084689856,200.0,85.9000015258789,0.0,20.0,3882.799674987793
1759519112.8736372,2025-10-03 19:18:32.873637199,200.0,85.80000305175781,0.0,20.0,3883.5886220932007
1759519113.414121,2025-10-03 19:18:33.414120913,200.0,85.69999694824219,0.0,20.0,3884.1291058063507
1759519114.5201118,2025-10-03 19:18:34.520111799,200.0,85.5999984741211,0.0,20.0,3885.235096693039
1759519115.4956348,2025-10-03 19:18:35.495634794,200.0,85.5,0.0,20.0,3886.210619688034
1759519116.583017,2025-10-03 19:18:36.583017111,200.0,85.4000015258789,0.0,20.0,3887.2980020046234
1759519117.4955456,2025-10-03 19:18:37.495545626,200.0,85.30000305175781,0.0,20.0,3888.2105305194855
1759519118.4731216,2025-10-03 19:18:38.473121643,200.0,85.19999694824219,0.0,20.0,3889.1881065368652
1759519119.3774683,2025-10-03 19:18:39.377468348,200.0,85.0999984741211,0.0,20.0,3890.0924532413483
1759519120.4033737,2025-10-03 19:18:40.403373480,200.0,85.0,0.0,20.0,3891.1183586120605
1759519121.26413,2025-10-03 19:18:41.264129877,200.0,84.9000015258789,0.0,20.0,3891.979115009308
1759519122.1841342,2025-10-03 19:18:42.184134245,200.0,84.80000305175781,0.0,20.0,3892.8991191387177
1759519123.0990756,2025-10-03 19:18:43.099075556,200.0,84.69999694824219,0.0,20.0,3893.8140604496
1759519124.007642,2025-10-03 19:18:44.007642031,200.0,84.5999984741211,0.0,20.0,3894.7226269245148
1759519124.9739306,2025-10-03 19:18:44.973930597,200.0,84.5,0.0,20.0,3895.688915491104
1759519126.0683248,2025-10-03 19:18:46.068324804,200.0,84.4000015258789,0.0,20.0,3896.783309698105
1759519127.106109,2025-10-03 19:18:47.106108665,200.0,84.30000305175781,0.0,20.0,3897.8210937976837
1759519128.2129767,2025-10-03 19:18:48.212976694,200.0,84.19999694824219,0.0,20.0,3898.927961587906
1759519128.8884723,2025-10-03 19:18:48.888472319,200.0,84.0999984741211,0.0,20.0,3899.603457212448
1759519129.6190026,2025-10-03 19:18:49.619002581,200.0,84.0,0.0,20.0,3900.3339874744415
1759519130.47217,2025-10-03 19:18:50.472169876,200.0,83.9000015258789,0.0,20.0,3901.187155008316
1759519131.2705758,2025-10-03 19:18:51.270575762,200.0,83.80000305175781,0.0,20.0,3901.985560655594
1759519132.000774,2025-10-03 19:18:52.000774145,200.0,83.69999694824219,0.0,20.0,3902.7157588005066
1759519132.7867098,2025-10-03 19:18:52.786709785,200.0,83.5999984741211,0.0,20.0,3903.5016946792603
1759519133.4610007,2025-10-03 19:18:53.461000681,200.0,83.5,0.0,20.0,3904.1759855747223
1759519134.5131445,2025-10-03 19:18:54.513144255,200.0,83.4000015258789,0.0,20.0,3905.228129386902
1759519135.309594,2025-10-03 19:18:55.309593916,200.0,83.30000305175781,0.0,20.0,3906.024578809738
1759519136.1657891,2025-10-03 19:18:56.165789127,200.0,83.19999694824219,0.0,20.0,3906.8807740211487
1759519137.2046933,2025-10-03 19:18:57.204693317,200.0,83.0999984741211,0.0,20.0,3907.919678211212
1759519138.3883505,2025-10-03 19:18:58.388350487,200.0,83.0,0.0,20.0,3909.103335380554
1759519139.181225,2025-10-03 19:18:59.181225061,200.0,82.9000015258789,0.0,20.0,3909.8962099552155
1759519140.5135972,2025-10-03 19:19:00.513597250,200.0,82.80000305175781,0.0,20.0,3911.2285821437836
1759519141.490213,2025-10-03 19:19:01.490212679,200.0,82.69999694824219,0.0,20.0,3912.2051978111267
1759519142.5849988,2025-10-03 19:19:02.584998846,200.0,82.5999984741211,0.0,20.0,3913.299983739853
1759519143.9197965,2025-10-03 19:19:03.919796467,200.0,82.5,0.0,20.0,3914.634781360626
1759519144.900945,2025-10-03 19:19:04.900944948,200.0,82.4000015258789,0.0,20.0,3915.6159298419952
1759519146.610121,2025-10-03 19:19:06.610121012,200.0,82.30000305175781,0.0,20.0,3917.325105905533
1759519147.7629075,2025-10-03 19:19:07.762907743,200.0,82.19999694824219,0.0,20.0,3918.4778923988342
1759519149.4160616,2025-10-03 19:19:09.416061640,200.0,82.0999984741211,0.0,20.0,3920.1310465335846
1759519150.5766149,2025-10-03 19:19:10.576614857,200.0,82.0,0.0,20.0,3921.291599750519
1759519151.5628283,2025-10-03 19:19:11.562828302,200.0,81.9000015258789,0.0,20.0,3922.2778131961823
1759519152.6733725,2025-10-03 19:19:12.673372507,200.0,81.80000305175781,0.0,20.0,3923.388357400894
1759519153.5847895,2025-10-03 19:19:13.584789515,200.0,81.69999694824219,0.0,20.0,3924.2997744083405
1759519154.7942026,2025-10-03 19:19:14.794202566,200.0,81.5999984741211,0.0,20.0,3925.5091874599457
1759519155.5970757,2025-10-03 19:19:15.597075701,200.0,81.5,0.0,20.0,3926.3120605945587
1759519156.684836,2025-10-03 19:19:16.684836149,200.0,81.4000015258789,0.0,20.0,3927.399820804596
1759519157.901165,2025-10-03 19:19:17.901165009,200.0,81.30000305175781,0.0,20.0,3928.6161499023438
1759519158.888813,2025-10-03 19:19:18.888813019,200.0,81.19999694824219,0.0,20.0,3929.6037979125977
1759519159.806147,2025-10-03 19:19:19.806147099,200.0,81.0999984741211,0.0,20.0,3930.52113199234
1759519160.7728431,2025-10-03 19:19:20.772843122,200.0,81.0,0.0,20.0,3931.487828016281
1759519161.8655322,2025-10-03 19:19:21.865532160,200.0,80.9000015258789,0.0,20.0,3932.580517053604
1759519162.7929063,2025-10-03 19:19:22.792906523,200.0,80.80000305175781,0.0,20.0,3933.507891178131
1759519163.7644012,2025-10-03 19:19:23.764401197,200.0,80.69999694824219,0.0,20.0,3934.4793860912323
1759519164.9664855,2025-10-03 19:19:24.966485500,200.0,80.5999984741211,0.0,20.0,3935.6814703941345
1759519166.006234,2025-10-03 19:19:26.006233931,200.0,80.5,0.0,20.0,3936.7212188243866
1759519167.392512,2025-10-03 19:19:27.392512083,200.0,80.4000015258789,0.0,20.0,3938.1074969768524
1759519168.6083488,2025-10-03 19:19:28.608348846,200.0,80.30000305175781,0.0,20.0,3939.3233337402344
1759519169.8692384,2025-10-03 19:19:29.869238377,200.0,80.19999694824219,0.0,20.0,3940.5842232704163
1759519170.9868195,2025-10-03 19:19:30.986819744,200.0,80.0999984741211,0.0,20.0,3941.7018043994904
1759519172.0687726,2025-10-03 19:19:32.068772554,200.0,80.0,0.0,20.0,3942.7837574481964
1759519172.9861982,2025-10-03 19:19:32.986198187,200.0,79.9000015258789,0.0,20.0,3943.701183080673
1759519173.9064064,2025-10-03 19:19:33.906406403,200.0,79.80000305175781,0.0,20.0,3944.6213912963867
1759519174.516868,2025-10-03 19:19:34.516867875,200.0,79.69999694824219,0.0,20.0,3945.2318530082703
1759519175.616387,2025-10-03 19:19:35.616386652,200.0,79.5999984741211,0.0,20.0,3946.33137178421
1759519176.2876532,2025-10-03 19:19:36.287653208,200.0,79.5,0.0,20.0,3947.0026381015778
1759519177.218454,2025-10-03 19:19:37.218454123,200.0,79.4000015258789,0.0,20.0,3947.9334387779236
1759519178.0795822,2025-10-03 19:19:38.079582214,200.0,79.30000305175781,0.0,20.0,3948.7945671081543
1759519179.680905,2025-10-03 19:19:39.680905104,200.0,79.19999694824219,0.0,20.0,3950.3958899974823
1759519181.0725763,2025-10-03 19:19:41.072576523,200.0,79.0999984741211,0.0,20.0,3951.7875611782074
1759519182.0633993,2025-10-03 19:19:42.063399315,200.0,79.0,0.0,20.0,3952.778384208679
1759519183.283141,2025-10-03 19:19:43.283140659,200.0,78.9000015258789,0.0,20.0,3953.9981257915497
1759519184.6062546,2025-10-03 19:19:44.606254578,200.0,78.80000305175781,0.0,20.0,3955.3212394714355
1759519186.0900054,2025-10-03 19:19:46.090005398,200.0,78.69999694824219,0.0,20.0,3956.8049902915955
1759519188.4742866,2025-10-03 19:19:48.474286556,200.0,78.5999984741211,0.0,20.0,3959.1892714500427
1759519190.895814,2025-10-03 19:19:50.895813942,200.0,78.5,0.0,20.0,3961.6107988357544
1759519192.889318,2025-10-03 19:19:52.889317989,200.0,78.4000015258789,0.0,20.0,3963.604302883148
1759519194.7093492,2025-10-03 19:19:54.709349155,200.0,78.30000305175781,0.0,20.0,3965.424334049225
1759519196.7799463,2025-10-03 19:19:56.779946327,200.0,78.19999694824219,0.0,20.0,3967.4949312210083
1759519198.6138904,2025-10-03 19:19:58.613890409,200.0,78.0999984741211,0.0,20.0,3969.3288753032684
1759519200.2057672,2025-10-03 19:20:00.205767155,200.0,78.0,0.0,20.0,3970.9207520484924
1759519201.30077,2025-10-03 19:20:01.300770044,200.0,77.9000015258789,0.0,20.0,3972.0157549381256
1759519202.276126,2025-10-03 19:20:02.276126146,200.0,77.80000305175781,0.0,20.0,3972.991110801697
1759519203.5967455,2025-10-03 19:20:03.596745729,200.0,77.69999694824219,0.0,20.0,3974.3117303848267
1759519204.6853137,2025-10-03 19:20:04.685313702,200.0,77.5999984741211,0.0,20.0,3975.4002985954285
1759519205.584905,2025-10-03 19:20:05.584904909,200.0,77.5,0.0,20.0,3976.2998898029327
1759519206.804916,2025-10-03 19:20:06.804916143,200.0,77.4000015258789,0.0,20.0,3977.5199007987976
1759519208.0882585,2025-10-03 19:20:08.088258505,200.0,77.30000305175781,0.0,20.0,3978.8032433986664
1759519209.664238,2025-10-03 19:20:09.664237976,200.0,77.19999694824219,0.0,20.0,3980.379222869873
1759519211.1790812,2025-10-03 19:20:11.179081202,200.0,77.0999984741211,0.0,20.0,3981.894066095352
1759519212.560726,2025-10-03 19:20:12.560725927,200.0,77.0,0.0,20.0,3983.2757108211517
1759519213.589918,2025-10-03 19:20:13.589918137,200.0,76.9000015258789,0.0,20.0,3984.304902791977
1759519214.498381,2025-10-03 19:20:14.498380661,200.0,76.80000305175781,0.0,20.0,3985.213365793228
1759519215.4000769,2025-10-03 19:20:15.400076866,200.0,76.69999694824219,0.0,20.0,3986.1150617599487
1759519216.0713725,2025-10-03 19:20:16.071372271,200.0,76.5999984741211,0.0,20.0,3986.7863574028015
1759519216.9069202,2025-10-03 19:20:16.906920195,200.0,76.5,0.0,20.0,3987.6219050884247
1759519217.5850875,2025-10-03 19:20:17.585087538,200.0,76.4000015258789,0.0,20.0,3988.3000724315643
1759519218.3701122,2025-10-03 19:20:18.370112181,200.0,76.30000305175781,0.0,20.0,3989.0850970745087
1759519219.0838926,2025-10-03 19:20:19.083892584,200.0,76.19999694824219,0.0,20.0,3989.798877477646
1759519219.805693,2025-10-03 19:20:19.805692911,200.0,76.0999984741211,0.0,20.0,3990.520677804947
1759519220.7078876,2025-10-03 19:20:20.707887650,200.0,76.0,0.0,20.0,3991.422872543335
1759519221.7998683,2025-10-03 19:20:21.799868345,200.0,75.9000015258789,0.0,20.0,3992.5148532390594
1759519223.0670087,2025-10-03 19:20:23.067008734,200.0,75.80000305175781,0.0,20.0,3993.781993627548
1759519224.7002163,2025-10-03 19:20:24.700216293,200.0,75.69999694824219,0.0,20.0,3995.415201187134
1759519226.382492,2025-10-03 19:20:26.382492065,200.0,75.5999984741211,0.0,20.0,3997.0974769592285
1759519227.90246,2025-10-03 19:20:27.902459860,200.0,75.5,0.0,20.0,3998.6174449920654
1759519229.4598906,2025-10-03 19:20:29.459890604,200.0,75.4000015258789,0.0,20.0,4000.174875497818
1759519231.5579448,2025-10-03 19:20:31.557944775,200.0,75.30000305175781,0.0,20.0,4002.2729296684265
1759519234.762843,2025-10-03 19:20:34.762842655,200.0,75.19999694824219,0.0,20.0,4005.4778277873993
1759519237.1729264,2025-10-03 19:20:37.172926426,200.0,75.0999984741211,0.0,20.0,4007.8879113197327
1759519237.7119205,2025-10-03 19:20:37.711920500,200.0,75.19999694824219,0.0,20.0,4008.4269053936005
1759519237.773231,2025-10-03 19:20:37.773231030,200.0,75.0999984741211,0.0,20.0,4008.4882159233093
1759519241.4100063,2025-10-03 19:20:41.410006523,200.0,75.0,0.0,20.0,4012.1249911785126
1759519243.2910137,2025-10-03 19:20:43.291013479,200.0,74.9000015258789,0.0,20.0,4014.00599861145
1759519244.8141875,2025-10-03 19:20:44.814187527,200.0,74.80000305175781,0.0,20.0,4015.5291724205017
1759519246.4090483,2025-10-03 19:20:46.409048319,200.0,74.69999694824219,0.0,20.0,4017.1240332126617
1759519247.7782416,2025-10-03 19:20:47.778241634,200.0,74.5999984741211,0.0,20.0,4018.4932265281677
1759519249.1024263,2025-10-03 19:20:49.102426291,200.0,74.5,0.0,20.0,4019.817411184311
1759519250.856147,2025-10-03 19:20:50.856147051,200.0,74.4000015258789,0.0,20.0,4021.5711319446564
1759519252.3845031,2025-10-03 19:20:52.384503126,200.0,74.30000305175781,0.0,20.0,4023.0994880199432
1759519253.909771,2025-10-03 19:20:53.909770966,200.0,74.19999694824219,0.0,20.0,4024.624755859375
1759519256.1061032,2025-10-03 19:20:56.106103182,200.0,74.0999984741211,0.0,20.0,4026.821088075638
1759519257.9610696,2025-10-03 19:20:57.961069584,200.0,74.0,0.0,20.0,4028.6760544776917
1759519259.791312,2025-10-03 19:20:59.791311979,200.0,73.9000015258789,0.0,20.0,4030.5062968730927
1759519260.9902356,2025-10-03 19:21:00.990235567,200.0,73.80000305175781,0.0,20.0,4031.7052204608917
1759519262.5630765,2025-10-03 19:21:02.563076496,200.0,73.69999694824219,0.0,20.0,4033.278061389923
1759519264.0032585,2025-10-03 19:21:04.003258467,200.0,73.5999984741211,0.0,20.0,4034.7182433605194
1759519265.7580955,2025-10-03 19:21:05.758095503,200.0,73.5,0.0,20.0,4036.473080396652
1759519267.3819125,2025-10-03 19:21:07.381912470,200.0,73.4000015258789,0.0,20.0,4038.0968973636627
1759519269.5719326,2025-10-03 19:21:09.571932554,200.0,73.30000305175781,0.0,20.0,4040.286917448044
1759519271.2575529,2025-10-03 19:21:11.257552862,200.0,73.19999694824219,0.0,20.0,4041.972537755966
1759519272.595521,2025-10-03 19:21:12.595520973,200.0,73.0999984741211,0.0,20.0,4043.3105058670044
1759519273.5046346,2025-10-03 19:21:13.504634618,200.0,73.0,0.0,20.0,4044.219619512558
1759519275.0645683,2025-10-03 19:21:15.064568281,200.0,72.9000015258789,0.0,20.0,4045.7795531749725
1759519276.455259,2025-10-03 19:21:16.455259085,200.0,72.80000305175781,0.0,20.0,4047.1702439785004
1759519278.2105818,2025-10-03 19:21:18.210581779,200.0,72.69999694824219,0.0,20.0,4048.925566673279
1759519279.9798262,2025-10-03 19:21:19.979826212,200.0,72.5999984741211,0.0,20.0,4050.694811105728
1759519282.8148825,2025-10-03 19:21:22.814882517,200.0,72.5,0.0,20.0,4053.52986741066
1759519285.1019733,2025-10-03 19:21:25.101973295,200.0,72.4000015258789,0.0,20.0,4055.8169581890106
1759519286.2583573,2025-10-03 19:21:26.258357286,200.0,72.30000305175781,0.0,20.0,4056.973342180252
1759519287.3596787,2025-10-03 19:21:27.359678745,200.0,72.19999694824219,0.0,20.0,4058.0746636390686
1759519288.5732086,2025-10-03 19:21:28.573208570,200.0,72.0999984741211,0.0,20.0,4059.288193464279
1759519289.9590323,2025-10-03 19:21:29.959032536,200.0,72.0,0.0,20.0,4060.6740171909332
1759519291.5579796,2025-10-03 19:21:31.557979584,200.0,71.9000015258789,0.0,20.0,4062.272964477539
1759519293.3713048,2025-10-03 19:21:33.371304750,200.0,71.80000305175781,0.0,20.0,4064.0862896442413
1759519294.9989665,2025-10-03 19:21:34.998966455,200.0,71.69999694824219,0.0,20.0,4065.7139513492584
1759519296.0722003,2025-10-03 19:21:36.072200298,200.0,71.5999984741211,0.0,20.0,4066.787185192108
1759519297.1052992,2025-10-03 19:21:37.105299234,200.0,71.5,0.0,20.0,4067.820284128189
1759519298.2552683,2025-10-03 19:21:38.255268335,200.0,71.4000015258789,0.0,20.0,4068.9702532291412
1759519299.288034,2025-10-03 19:21:39.288033962,200.0,71.30000305175781,0.0,20.0,4070.0030188560486
1759519300.458506,2025-10-03 19:21:40.458505869,200.0,71.19999694824219,0.0,20.0,4071.173491001129
1759519301.900217,2025-10-03 19:21:41.900217056,200.0,71.0999984741211,0.0,20.0,4072.6152019500732
1759519303.1612313,2025-10-03 19:21:43.161231279,200.0,71.0,0.0,20.0,4073.876216173172
1759519305.705413,2025-10-03 19:21:45.705413103,200.0,70.9000015258789,0.0,20.0,4076.4203979969025
1759519309.8690755,2025-10-03 19:21:49.869075537,200.0,70.80000305175781,0.0,20.0,4080.5840604305267
1759519312.676737,2025-10-03 19:21:52.676737070,200.0,70.69999694824219,0.0,20.0,4083.3917219638824
1759519315.4120345,2025-10-03 19:21:55.412034273,200.0,70.5999984741211,0.0,20.0,4086.127019405365
1759519319.3822124,2025-10-03 19:21:59.382212400,200.0,70.5,0.0,20.0,4090.0971972942352
1759519322.1835077,2025-10-03 19:22:02.183507681,200.0,70.4000015258789,0.0,20.0,4092.8984925746918
1759519323.992502,2025-10-03 19:22:03.992501974,200.0,70.30000305175781,0.0,20.0,4094.7074868679047
1759519325.5707502,2025-10-03 19:22:05.570750237,200.0,70.19999694824219,0.0,20.0,4096.28573513031
1759519327.0821202,2025-10-03 19:22:07.082120180,200.0,70.0999984741211,0.0,20.0,4097.797105073929
1759519329.0952315,2025-10-03 19:22:09.095231533,200.0,70.0,0.0,20.0,4099.810216426849
1759519331.0841274,2025-10-03 19:22:11.084127426,200.0,69.9000015258789,0.0,20.0,4101.799112319946
1759519334.6980534,2025-10-03 19:22:14.698053360,200.0,69.80000305175781,0.0,20.0,4105.413038253784
1759519337.177789,2025-10-03 19:22:17.177788973,200.0,69.69999694824219,0.0,20.0,4107.892773866653
1759519339.6042757,2025-10-03 19:22:19.604275703,200.0,69.5999984741211,0.0,20.0,4110.319260597229
1759519341.0981345,2025-10-03 19:22:21.098134518,200.0,69.5,0.0,20.0,4111.8131194114685
1759519342.5595734,2025-10-03 19:22:22.559573412,200.0,69.4000015258789,0.0,20.0,4113.27455830574
1759519343.5841196,2025-10-03 19:22:23.584119558,200.0,69.30000305175781,0.0,20.0,4114.299104452133
1759519346.0703075,2025-10-03 19:22:26.070307493,200.0,69.19999694824219,0.0,20.0,4116.785292387009
1759519351.2981408,2025-10-03 19:22:31.298140764,200.0,69.0999984741211,0.0,20.0,4122.013125658035
1759519351.477635,2025-10-03 19:22:31.477634668,200.0,69.19999694824219,0.0,20.0,4122.192619800568
1759519351.5977223,2025-10-03 19:22:31.597722292,200.0,69.0999984741211,0.0,20.0,4122.312707185745
1759519351.8045733,2025-10-03 19:22:31.804573298,200.0,69.19999694824219,0.0,20.0,4122.519558191299
1759519351.865758,2025-10-03 19:22:31.865757942,200.0,69.0999984741211,0.0,20.0,4122.5807428359985
1759519360.2635195,2025-10-03 19:22:40.263519526,200.0,69.0,0.0,20.0,4130.978504419327
1759519360.383001,2025-10-03 19:22:40.383001089,200.0,69.0999984741211,0.0,20.0,4131.097985982895
1759519360.5612693,2025-10-03 19:22:40.561269283,200.0,69.0,0.0,20.0,4131.2762541770935
1759519365.9987557,2025-10-03 19:22:45.998755693,200.0,68.9000015258789,0.0,20.0,4136.7137405872345
1759519368.9988022,2025-10-03 19:22:48.998802185,200.0,68.80000305175781,0.0,20.0,4139.713787078857
1759519374.7727373,2025-10-03 19:22:54.772737265,200.0,68.69999694824219,0.0,20.0,4145.487722158432
1759519378.0567522,2025-10-03 19:22:58.056752205,200.0,68.5999984741211,0.0,20.0,4148.771737098694
1759519379.6765995,2025-10-03 19:22:59.676599503,200.0,68.5,0.0,20.0,4150.391584396362
1759519381.3573587,2025-10-03 19:23:01.357358694,200.0,68.4000015258789,0.0,20.0,4152.072343587875
1759519383.6015072,2025-10-03 19:23:03.601507187,200.0,68.30000305175781,0.0,20.0,4154.3164920806885
1759519386.5742764,2025-10-03 19:23:06.574276447,200.0,68.19999694824219,0.0,20.0,4157.289261341095
1759519388.8012462,2025-10-03 19:23:08.801246166,200.0,68.0999984741211,0.0,20.0,4159.516231060028
1759519390.370152,2025-10-03 19:23:10.370151997,200.0,68.0,0.0,20.0,4161.085136890411
1759519391.760833,2025-10-03 19:23:11.760833025,200.0,67.9000015258789,0.0,20.0,4162.4758179187775
1759519393.997914,2025-10-03 19:23:13.997914076,200.0,67.80000305175781,0.0,20.0,4164.71289896965
1759519396.0935905,2025-10-03 19:23:16.093590260,200.0,67.69999694824219,0.0,20.0,4166.808575391769
1759519398.392001,2025-10-03 19:23:18.392000675,200.0,67.5999984741211,0.0,20.0,4169.106985807419
1759519400.693973,2025-10-03 19:23:20.693973064,200.0,67.5,0.0,20.0,4171.408957958221
1759519402.9954827,2025-10-03 19:23:22.995482683,200.0,67.4000015258789,0.0,20.0,4173.710467576981
1759519405.5938072,2025-10-03 19:23:25.593807220,200.0,67.30000305175781,0.0,20.0,4176.308792114258
1759519408.3834903,2025-10-03 19:23:28.383490324,200.0,67.19999694824219,0.0,20.0,4179.098475217819
1759519411.452569,2025-10-03 19:23:31.452569008,200.0,67.0999984741211,0.0,20.0,4182.167553901672
1759519411.7036562,2025-10-03 19:23:31.703656197,200.0,67.19999694824219,0.0,20.0,4182.418641090393
1759519411.765253,2025-10-03 19:23:31.765253067,200.0,67.0999984741211,0.0,20.0,4182.480237960815
1759519413.7043445,2025-10-03 19:23:33.704344511,200.0,67.0,0.0,20.0,4184.419329404831
1759519415.3954678,2025-10-03 19:23:35.395467758,200.0,66.9000015258789,0.0,20.0,4186.1104526519775
1759519417.8744044,2025-10-03 19:23:37.874404430,200.0,66.80000305175781,0.0,20.0,4188.589389324188
1759519424.3695488,2025-10-03 19:23:44.369548798,200.0,66.69999694824219,0.0,20.0,4195.084533691406
1759519424.5574346,2025-10-03 19:23:44.557434559,200.0,66.80000305175781,0.0,20.0,4195.272419452667
1759519424.678009,2025-10-03 19:23:44.678009033,200.0,66.69999694824219,0.0,20.0,4195.392993927002
1759519432.186771,2025-10-03 19:23:52.186770678,200.0,66.5999984741211,0.0,20.0,4202.901755809784
1759519438.294631,2025-10-03 19:23:58.294631004,200.0,66.5,0.0,20.0,4209.009615898132
1759519438.356122,2025-10-03 19:23:58.356122017,200.0,66.5999984741211,0.0,20.0,4209.071106910706
1759519438.606651,2025-10-03 19:23:58.606651068,200.0,66.5,0.0,20.0,4209.321635961533
1759519442.0569727,2025-10-03 19:24:02.056972742,200.0,66.4000015258789,0.0,20.0,4212.7719576358795
1759519448.0526106,2025-10-03 19:24:08.052610636,200.0,66.30000305175781,0.0,20.0,4218.767595529556
1759519454.4639022,2025-10-03 19:24:14.463902235,200.0,66.19999694824219,0.0,20.0,4225.17888712883
1759519457.3583524,2025-10-03 19:24:17.358352423,200.0,66.0999984741211,0.0,20.0,4228.073337316513
1759519461.95469,2025-10-03 19:24:21.954689980,200.0,66.0,0.0,20.0,4232.669674873352
1759519468.278009,2025-10-03 19:24:28.278008938,200.0,65.9000015258789,0.0,20.0,4238.9929938316345
1759519468.573563,2025-10-03 19:24:28.573563099,200.0,66.0,0.0,20.0,4239.288547992706
1759519468.9961247,2025-10-03 19:24:28.996124744,200.0,65.9000015258789,0.0,20.0,4239.711109638214
1759519469.300706,2025-10-03 19:24:29.300705910,200.0,66.0,0.0,20.0,4240.015690803528
1759519469.864539,2025-10-03 19:24:29.864538670,200.0,65.9000015258789,0.0,20.0,4240.579523801804
1759519470.1015303,2025-10-03 19:24:30.101530313,200.0,66.0,0.0,20.0,4240.816515207291
1759519470.404802,2025-10-03 19:24:30.404802084,200.0,65.9000015258789,0.0,20.0,4241.119786977768
1759519474.4899864,2025-10-03 19:24:34.489986420,200.0,65.80000305175781,0.0,20.0,4245.204971313477
1759519477.0000062,2025-10-03 19:24:37.000006199,200.0,65.69999694824219,0.0,20.0,4247.714991092682
1759519478.9802792,2025-10-03 19:24:38.980279207,200.0,65.5999984741211,0.0,20.0,4249.695264101028
1759519481.055467,2025-10-03 19:24:41.055466890,200.0,65.5,0.0,20.0,4251.770451784134
1759519482.0932074,2025-10-03 19:24:42.093207359,200.0,65.4000015258789,0.0,20.0,4252.808192253113
1759519483.0641458,2025-10-03 19:24:43.064145803,200.0,65.30000305175781,0.0,20.0,4253.77913069725
1759519484.5902133,2025-10-03 19:24:44.590213299,200.0,65.19999694824219,0.0,20.0,4255.305198192596
1759519485.980498,2025-10-03 19:24:45.980498075,200.0,65.0999984741211,0.0,20.0,4256.695482969284
1759519487.8697937,2025-10-03 19:24:47.869793653,200.0,65.0,0.0,20.0,4258.584778547287
1759519487.989077,2025-10-03 19:24:47.989077091,200.0,65.0999984741211,0.0,20.0,4258.704061985016
1759519488.170879,2025-10-03 19:24:48.170878887,200.0,65.0,0.0,20.0,4258.885863780975
1759519490.2910156,2025-10-03 19:24:50.291015625,200.0,64.9000015258789,0.0,20.0,4261.006000518799
1759519496.0762298,2025-10-03 19:24:56.076229811,200.0,64.80000305175781,0.0,20.0,4266.791214704514
1759519499.7645085,2025-10-03 19:24:59.764508486,200.0,64.69999694824219,0.0,20.0,4270.479493379593
1759519499.884666,2025-10-03 19:24:59.884665966,200.0,64.80000305175781,0.0,20.0,4270.599650859833
1759519505.354385,2025-10-03 19:25:05.354384899,200.0,64.69999694824219,0.0,20.0,4276.069369792938
1759519510.7979927,2025-10-03 19:25:10.797992706,200.0,64.5999984741211,0.0,20.0,4281.512977600098
1759519513.6932878,2025-10-03 19:25:13.693287849,200.0,64.5,0.0,20.0,4284.408272743225
1759519515.6494603,2025-10-03 19:25:15.649460316,200.0,64.4000015258789,0.0,20.0,4286.364445209503
1759519524.067625,2025-10-03 19:25:24.067625046,200.0,64.30000305175781,0.0,20.0,4294.782609939575
1759519526.368581,2025-10-03 19:25:26.368581057,200.0,64.19999694824219,0.0,20.0,4297.083565950394
1759519528.2522123,2025-10-03 19:25:28.252212524,200.0,64.0999984741211,0.0,20.0,4298.967197179794
1759519530.3806791,2025-10-03 19:25:30.380679131,200.0,64.0,0.0,20.0,4301.095664024353
1759519532.495179,2025-10-03 19:25:32.495178938,200.0,63.900001525878906,0.0,20.0,4303.210163831711
1759519535.6536827,2025-10-03 19:25:35.653682709,200.0,63.79999923706055,0.0,20.0,4306.368667602539
1759519540.2850697,2025-10-03 19:25:40.285069466,200.0,63.70000076293945,0.0,20.0,4311.000054597855
1759519540.4745147,2025-10-03 19:25:40.474514723,200.0,63.79999923706055,0.0,20.0,4311.189499616623
1759519540.770423,2025-10-03 19:25:40.770422935,200.0,63.70000076293945,0.0,20.0,4311.485407829285
1759519540.892691,2025-10-03 19:25:40.892690897,200.0,63.79999923706055,0.0,20.0,4311.607675790787
1759519541.073141,2025-10-03 19:25:41.073141336,200.0,63.70000076293945,0.0,20.0,4311.788125991821
1759519546.8858404,2025-10-03 19:25:46.885840416,200.0,63.59999847412109,0.0,20.0,4317.600825309753
1759519551.194283,2025-10-03 19:25:51.194283009,200.0,63.5,0.0,20.0,4321.909267902374
1759519553.3771846,2025-10-03 19:25:53.377184629,200.0,63.400001525878906,0.0,20.0,4324.092169523239
1759519555.187722,2025-10-03 19:25:55.187721968,200.0,63.29999923706055,0.0,20.0,4325.902706861496
1759519556.4031854,2025-10-03 19:25:56.403185368,200.0,63.20000076293945,0.0,20.0,4327.118170261383
1759519557.851631,2025-10-03 19:25:57.851630926,200.0,63.09999847412109,0.0,20.0,4328.566615819931
1759519559.9571462,2025-10-03 19:25:59.957146168,200.0,63.0,0.0,20.0,4330.672131061554
1759519560.699999,2025-10-03 19:26:00.699999332,200.0,63.09999847412109,0.0,20.0,4331.414983987808
1759519560.760383,2025-10-03 19:26:00.760382652,200.0,63.0,0.0,20.0,4331.4753677845
1759519568.2790024,2025-10-03 19:26:08.279002428,200.0,62.900001525878906,0.0,20.0,4338.993987321854
1759519574.0536351,2025-10-03 19:26:14.053635120,200.0,62.79999923706055,0.0,20.0,4344.768620014191
1759519574.3528402,2025-10-03 19:26:14.352840185,200.0,62.900001525878906,0.0,20.0,4345.067825078964
1759519574.650483,2025-10-03 19:26:14.650482655,200.0,62.79999923706055,0.0,20.0,4345.365467786789
1759519578.6975994,2025-10-03 19:26:18.697599411,200.0,62.70000076293945,0.0,20.0,4349.41258430481
1759519582.4717762,2025-10-03 19:26:22.471776247,200.0,62.59999847412109,0.0,20.0,4353.186761140823
1759519582.7729352,2025-10-03 19:26:22.772935152,200.0,62.70000076293945,0.0,20.0,4353.487920045853
1759519582.9505966,2025-10-03 19:26:22.950596571,200.0,62.59999847412109,0.0,20.0,4353.6655814647675
1759519587.6701615,2025-10-03 19:26:27.670161486,200.0,62.5,0.0,20.0,4358.385146379471
1759519587.8522036,2025-10-03 19:26:27.852203608,200.0,62.59999847412109,0.0,20.0,4358.567188501358
1759519587.9727948,2025-10-03 19:26:27.972794771,200.0,62.5,0.0,20.0,4358.687779664993
1759519590.990777,2025-10-03 19:26:30.990777016,200.0,62.400001525878906,0.0,20.0,4361.705761909485
1759519593.8003223,2025-10-03 19:26:33.800322533,200.0,62.29999923706055,0.0,20.0,4364.515307188034
1759519601.3863115,2025-10-03 19:26:41.386311531,200.0,62.20000076293945,0.0,20.0,4372.101296424866
1759519602.1650915,2025-10-03 19:26:42.165091515,200.0,62.29999923706055,0.0,20.0,4372.880076408386
1759519602.2927132,2025-10-03 19:26:42.292713165,200.0,62.20000076293945,0.0,20.0,4373.007698059082
1759519602.4694796,2025-10-03 19:26:42.469479561,200.0,62.29999923706055,0.0,20.0,4373.184464454651
1759519604.4730315,2025-10-03 19:26:44.473031521,200.0,62.20000076293945,0.0,20.0,4375.188016414642
1759519606.58611,2025-10-03 19:26:46.586110115,200.0,62.09999847412109,0.0,20.0,4377.30109500885
1759519608.470832,2025-10-03 19:26:48.470832109,200.0,62.0,0.0,20.0,4379.18581700325
1759519612.3014266,2025-10-03 19:26:52.301426649,200.0,61.900001525878906,0.0,20.0,4383.0164115428925
1759519621.8510275,2025-10-03 19:27:01.851027489,200.0,61.79999923706055,0.0,20.0,4392.566012382507
1759519624.8710406,2025-10-03 19:27:04.871040583,200.0,61.900001525878906,0.0,20.0,4395.586025476456
1759519625.295617,2025-10-03 19:27:05.295617104,200.0,61.79999923706055,0.0,20.0,4396.0106019973755
1759519625.546002,2025-10-03 19:27:05.546002150,200.0,61.900001525878906,0.0,20.0,4396.260986804962
1759519634.3851092,2025-10-03 19:27:14.385109186,200.0,61.79999923706055,0.0,20.0,4405.100094079971
1759519644.3884604,2025-10-03 19:27:24.388460398,200.0,61.900001525878906,0.0,20.0,4415.103445291519
1759519644.4469674,2025-10-03 19:27:24.446967363,200.0,61.79999923706055,0.0,20.0,4415.161952257156
1759519644.566853,2025-10-03 19:27:24.566853046,200.0,61.900001525878906,0.0,20.0,4415.281837940216
1759519644.745196,2025-10-03 19:27:24.745195866,200.0,61.79999923706055,0.0,20.0,4415.4601809978485
1759519644.8703704,2025-10-03 19:27:24.870370388,200.0,61.900001525878906,0.0,20.0,4415.58535528183
1759519649.369889,2025-10-03 19:27:29.369889021,200.0,61.79999923706055,0.0,20.0,4420.084873914719
1759519653.0729454,2025-10-03 19:27:33.072945356,200.0,61.70000076293945,0.0,20.0,4423.787930250168
1759519656.4803233,2025-10-03 19:27:36.480323315,200.0,61.59999847412109,0.0,20.0,4427.195308208466
1759519659.0638535,2025-10-03 19:27:39.063853741,200.0,61.5,0.0,20.0,4429.778838396072
1759519661.5613728,2025-10-03 19:27:41.561372757,200.0,61.400001525878906,0.0,20.0,4432.276357650757
1759519668.980833,2025-10-03 19:27:48.980833054,200.0,61.5,0.0,20.0,4439.695817947388
1759519670.3818808,2025-10-03 19:27:50.381880760,200.0,61.400001525878906,0.0,20.0,4441.096865653992
1759519675.0665572,2025-10-03 19:27:55.066557169,200.0,61.29999923706055,0.0,20.0,4445.781542062759
1759519677.5600872,2025-10-03 19:27:57.560087204,200.0,61.20000076293945,0.0,20.0,4448.275072097778
1759519682.771314,2025-10-03 19:28:02.771313906,200.0,61.09999847412109,0.0,20.0,4453.486298799515
1759519684.7728302,2025-10-03 19:28:04.772830248,200.0,61.20000076293945,0.0,20.0,4455.487815141678
1759519684.8916304,2025-10-03 19:28:04.891630411,200.0,61.09999847412109,0.0,20.0,4455.606615304947
1759519692.7672424,2025-10-03 19:28:12.767242432,200.0,61.0,0.0,20.0,4463.482227325439
1759519695.4972796,2025-10-03 19:28:15.497279644,200.0,60.900001525878906,0.0,20.0,4466.212264537811
1759519698.2877982,2025-10-03 19:28:18.287798166,200.0,60.79999923706055,0.0,20.0,4469.002783060074
1759519701.5915017,2025-10-03 19:28:21.591501713,200.0,60.70000076293945,0.0,20.0,4472.306486606598
1759519705.245499,2025-10-03 19:28:25.245498657,200.0,60.59999847412109,0.0,20.0,4475.960483789444
1759519708.9628522,2025-10-03 19:28:28.962852240,200.0,60.5,0.0,20.0,4479.677837133408
1759519713.6608565,2025-10-03 19:28:33.660856485,200.0,60.400001525878906,0.0,20.0,4484.375841379166
1759519715.9793675,2025-10-03 19:28:35.979367495,200.0,60.29999923706055,0.0,20.0,4486.694352388382
1759519718.288661,2025-10-03 19:28:38.288661003,200.0,60.20000076293945,0.0,20.0,4489.003645896912
1759519718.4667523,2025-10-03 19:28:38.466752529,200.0,60.29999923706055,0.0,20.0,4489.1817371845245
1759519718.5875666,2025-10-03 19:28:38.587566614,200.0,60.20000076293945,0.0,20.0,4489.30255150795
1759519726.1014535,2025-10-03 19:28:46.101453543,200.0,60.29999923706055,0.0,20.0,4496.816438436508
1759519737.9887135,2025-10-03 19:28:57.988713503,200.0,60.20000076293945,0.0,20.0,4508.703698396683
1759519743.1824138,2025-10-03 19:29:03.182413816,200.0,60.09999847412109,0.0,20.0,4513.897398710251
1759519745.0418196,2025-10-03 19:29:05.041819572,200.0,60.0,0.0,20.0,4515.756804466248
1759519747.473007,2025-10-03 19:29:07.473006964,200.0,59.900001525878906,0.0,20.0,4518.187991857529
1759519773.4504955,2025-10-03 19:29:33.450495720,200.0,59.79999923706055,0.0,20.0,4544.16548037529
1759519773.7589004,2025-10-03 19:29:33.758900404,200.0,59.900001525878906,0.0,20.0,4544.473885297775
1759519774.3643525,2025-10-03 19:29:34.364352465,200.0,59.79999923706055,0.0,20.0,4545.079337358475
1759519775.943668,2025-10-03 19:29:35.943668127,200.0,59.900001525878906,0.0,20.0,4546.65865278244
1759519776.3656757,2025-10-03 19:29:36.365675688,200.0,59.79999923706055,0.0,20.0,4547.080660581589
1759519776.8549955,2025-10-03 19:29:36.854995489,200.0,59.900001525878906,0.0,20.0,4547.569980382919
1759519777.580238,2025-10-03 19:29:37.580238104,200.0,59.79999923706055,0.0,20.0,4548.295222997665
1759519778.1921134,2025-10-03 19:29:38.192113400,200.0,59.900001525878906,0.0,20.0,4548.907098293304
1759519778.4881654,2025-10-03 19:29:38.488165379,200.0,59.79999923706055,0.0,20.0,4549.203150272369
1759519779.0376964,2025-10-03 19:29:39.037696362,200.0,59.900001525878906,0.0,20.0,4549.752681255341
1759519779.2743847,2025-10-03 19:29:39.274384737,200.0,59.79999923706055,0.0,20.0,4549.989369630814
1759519779.3400931,2025-10-03 19:29:39.340093136,200.0,59.900001525878906,0.0,20.0,4550.055078029633
1759519779.5775511,2025-10-03 19:29:39.577551126,200.0,59.79999923706055,0.0,20.0,4550.292536020279
1759519779.8744018,2025-10-03 19:29:39.874401808,200.0,59.900001525878906,0.0,20.0,4550.589386701584
1759519780.000669,2025-10-03 19:29:40.000669003,200.0,59.79999923706055,0.0,20.0,4550.715653896332
1759519788.7938862,2025-10-03 19:29:48.793886185,200.0,59.70000076293945,0.0,20.0,4559.508871078491
1759519789.6902354,2025-10-03 19:29:49.690235376,200.0,59.79999923706055,0.0,20.0,4560.405220270157
1759519789.9931486,2025-10-03 19:29:49.993148565,200.0,59.70000076293945,0.0,20.0,4560.708133459091
1759519790.2993965,2025-10-03 19:29:50.299396515,200.0,59.79999923706055,0.0,20.0,4561.014381408691
1759519790.3610024,2025-10-03 19:29:50.361002445,200.0,59.70000076293945,0.0,20.0,4561.07598733902
1759519790.5458224,2025-10-03 19:29:50.545822382,200.0,59.79999923706055,0.0,20.0,4561.260807275772
1759519790.6730275,2025-10-03 19:29:50.673027515,200.0,59.70000076293945,0.0,20.0,4561.38801240921
1759519790.8629053,2025-10-03 19:29:50.862905264,200.0,59.79999923706055,0.0,20.0,4561.5778901577
1759519807.6322467,2025-10-03 19:30:07.632246733,200.0,59.900001525878906,0.0,20.0,4578.347231626511
1759519808.1900058,2025-10-03 19:30:08.190005779,200.0,59.79999923706055,0.0,20.0,4578.904990673065
1759519811.9465268,2025-10-03 19:30:11.946526766,200.0,59.70000076293945,0.0,20.0,4582.661511659622
1759519821.4784548,2025-10-03 19:30:21.478454828,200.0,59.59999847412109,0.0,20.0,4592.193439722061
1759519823.478083,2025-10-03 19:30:23.478082657,200.0,59.70000076293945,0.0,20.0,4594.193067789078
1759519823.6575944,2025-10-03 19:30:23.657594442,200.0,59.59999847412109,0.0,20.0,4594.372579336166
1759519823.7785728,2025-10-03 19:30:23.778572798,200.0,59.70000076293945,0.0,20.0,4594.493557691574
1759519823.9673314,2025-10-03 19:30:23.967331409,200.0,59.59999847412109,0.0,20.0,4594.682316303253
1759519828.5466232,2025-10-03 19:30:28.546623230,200.0,59.5,0.0,20.0,4599.261608123779
1759519829.15741,2025-10-03 19:30:29.157409906,200.0,59.59999847412109,0.0,20.0,4599.872394800186
1759519829.277493,2025-10-03 19:30:29.277493000,200.0,59.5,0.0,20.0,4599.992477893829
1759519832.839707,2025-10-03 19:30:32.839706898,200.0,59.400001525878906,0.0,20.0,4603.554691791534
1759519833.0838718,2025-10-03 19:30:33.083871841,200.0,59.5,0.0,20.0,4603.7988567352295
1759519833.3790534,2025-10-03 19:30:33.379053354,200.0,59.400001525878906,0.0,20.0,4604.094038248062
1759519858.282864,2025-10-03 19:30:58.282864094,200.0,59.29999923706055,0.0,20.0,4628.997848987579
1759519858.5807514,2025-10-03 19:30:58.580751419,200.0,59.400001525878906,0.0,20.0,4629.295736312866
1759519871.3620987,2025-10-03 19:31:11.362098694,200.0,59.29999923706055,0.0,20.0,4642.0770835876465
1759519871.481138,2025-10-03 19:31:11.481137991,200.0,59.400001525878906,0.0,20.0,4642.19612288475
1759519871.6625729,2025-10-03 19:31:11.662572861,200.0,59.29999923706055,0.0,20.0,4642.377557754517
1759519876.370927,2025-10-03 19:31:16.370927095,200.0,59.20000076293945,0.0,20.0,4647.085911989212
1759519879.3801231,2025-10-03 19:31:19.380123138,200.0,59.09999847412109,0.0,20.0,4650.095108032227
1759519882.1669216,2025-10-03 19:31:22.166921616,200.0,59.0,0.0,20.0,4652.881906509399
1759519887.5757058,2025-10-03 19:31:27.575705767,200.0,58.900001525878906,0.0,20.0,4658.290690660477
1759519901.6442184,2025-10-03 19:31:41.644218445,200.0,59.0,0.0,20.0,4672.359203338623
1759519901.8861463,2025-10-03 19:31:41.886146545,200.0,58.900001525878906,0.0,20.0,4672.60113120079
1759519907.845352,2025-10-03 19:31:47.845351934,200.0,59.0,0.0,20.0,4678.560336828232
1759519908.9446087,2025-10-03 19:31:48.944608688,200.0,58.900001525878906,0.0,20.0,4679.659593582153
1759519909.0630362,2025-10-03 19:31:49.063036203,200.0,59.0,0.0,20.0,4679.778021097183
1759519911.9603732,2025-10-03 19:31:51.960373163,200.0,58.900001525878906,0.0,20.0,4682.675358057022
1759519912.0804565,2025-10-03 19:31:52.080456257,200.0,59.0,0.0,20.0,4682.795441389084
1759519914.8668077,2025-10-03 19:31:54.866807699,200.0,58.900001525878906,0.0,20.0,4685.581792593002
1759519915.0579598,2025-10-03 19:31:55.057959795,200.0,59.0,0.0,20.0,4685.772944688797
1759519916.8769834,2025-10-03 19:31:56.876983404,200.0,58.900001525878906,0.0,20.0,4687.591968297958
1759519921.4606347,2025-10-03 19:32:01.460634708,200.0,58.79999923706055,0.0,20.0,4692.175619602203
1759519924.0738533,2025-10-03 19:32:04.073853254,200.0,58.900001525878906,0.0,20.0,4694.788838148117
1759519930.3728914,2025-10-03 19:32:10.372891426,200.0,58.79999923706055,0.0,20.0,4701.087876319885
1759519934.4370737,2025-10-03 19:32:14.437073469,200.0,58.70000076293945,0.0,20.0,4705.152058601379
1759519937.9541771,2025-10-03 19:32:17.954177141,200.0,58.59999847412109,0.0,20.0,4708.669162034988
1759519941.3637605,2025-10-03 19:32:21.363760471,200.0,58.5,0.0,20.0,4712.078745365143
1759519944.460497,2025-10-03 19:32:24.460496664,200.0,58.400001525878906,0.0,20.0,4715.175481796265
1759519953.8508563,2025-10-03 19:32:33.850856304,200.0,58.5,0.0,20.0,4724.5658411979675
1759519956.4451551,2025-10-03 19:32:36.445155144,200.0,58.59999847412109,0.0,20.0,4727.160140037537
1759519957.3580236,2025-10-03 19:32:37.358023643,200.0,58.5,0.0,20.0,4728.0730085372925
1759519957.6578848,2025-10-03 19:32:37.657884836,200.0,58.59999847412109,0.0,20.0,4728.372869729996
1759519957.8395598,2025-10-03 19:32:37.839559793,200.0,58.5,0.0,20.0,4728.554544687271
1759519957.961136,2025-10-03 19:32:37.961136103,200.0,58.59999847412109,0.0,20.0,4728.676120996475
1759519958.7580771,2025-10-03 19:32:38.758077145,200.0,58.5,0.0,20.0,4729.473062038422
1759519963.174995,2025-10-03 19:32:43.174994946,200.0,58.400001525878906,0.0,20.0,4733.889979839325
1759519963.3603885,2025-10-03 19:32:43.360388517,200.0,58.5,0.0,20.0,4734.075373411179
1759519963.6592138,2025-10-03 19:32:43.659213781,200.0,58.400001525878906,0.0,20.0,4734.374198675156
1759519966.559312,2025-10-03 19:32:46.559312105,200.0,58.29999923706055,0.0,20.0,4737.274296998978
1759519978.078052,2025-10-03 19:32:58.078052044,200.0,58.400001525878906,0.0,20.0,4748.793036937714
1759519982.371229,2025-10-03 19:33:02.371228933,200.0,58.5,0.0,20.0,4753.086213827133
1759519982.434045,2025-10-03 19:33:02.434045076,200.0,58.400001525878906,0.0,20.0,4753.149029970169
1759519982.673243,2025-10-03 19:33:02.673243046,200.0,58.5,0.0,20.0,4753.388227939606
1759519982.7328403,2025-10-03 19:33:02.732840300,200.0,58.400001525878906,0.0,20.0,4753.447825193405
1759519983.0311854,2025-10-03 19:33:03.031185389,200.0,58.5,0.0,20.0,4753.746170282364
1759519983.269855,2025-10-03 19:33:03.269855022,200.0,58.400001525878906,0.0,20.0,4753.984839916229
1759519989.7545826,2025-10-03 19:33:09.754582644,200.0,58.29999923706055,0.0,20.0,4760.469567537308
1759519999.2871282,2025-10-03 19:33:19.287128210,200.0,58.20000076293945,0.0,20.0,4770.002113103867
1759520003.537239,2025-10-03 19:33:23.537239075,200.0,58.09999847412109,0.0,20.0,4774.252223968506
1759520004.3296778,2025-10-03 19:33:24.329677820,200.0,58.20000076293945,0.0,20.0,4775.0446627140045
1759520004.4539175,2025-10-03 19:33:24.453917503,200.0,58.09999847412109,0.0,20.0,4775.168902397156
1759520004.6457622,2025-10-03 19:33:24.645762205,200.0,58.20000076293945,0.0,20.0,4775.360747098923
1759520005.07097,2025-10-03 19:33:25.070970058,200.0,58.09999847412109,0.0,20.0,4775.78595495224
1759520005.557877,2025-10-03 19:33:25.557877064,200.0,58.20000076293945,0.0,20.0,4776.27286195755
1759520010.5756347,2025-10-03 19:33:30.575634718,200.0,58.29999923706055,0.0,20.0,4781.29061961174
1759520010.874589,2025-10-03 19:33:30.874588966,200.0,58.20000076293945,0.0,20.0,4781.5895738601685
1759520011.0573633,2025-10-03 19:33:31.057363272,200.0,58.29999923706055,0.0,20.0,4781.772348165512
1759520011.357472,2025-10-03 19:33:31.357471943,200.0,58.20000076293945,0.0,20.0,4782.0724568367
1759520011.4843078,2025-10-03 19:33:31.484307766,200.0,58.29999923706055,0.0,20.0,4782.1992926597595
1759520023.7715566,2025-10-03 19:33:43.771556616,200.0,58.400001525878906,0.0,20.0,4794.486541509628
1759520025.157635,2025-10-03 19:33:45.157634974,200.0,58.29999923706055,0.0,20.0,4795.872619867325
1759520025.281067,2025-10-03 19:33:45.281066895,200.0,58.400001525878906,0.0,20.0,4795.99605178833
1759520025.5320203,2025-10-03 19:33:45.532020330,200.0,58.29999923706055,0.0,20.0,4796.247005224228
1759520039.5511923,2025-10-03 19:33:59.551192284,200.0,58.20000076293945,0.0,20.0,4810.266177177429
1759520048.6425705,2025-10-03 19:34:08.642570257,200.0,58.29999923706055,0.0,20.0,4819.357555389404
1759520049.259451,2025-10-03 19:34:09.259450674,200.0,58.20000076293945,0.0,20.0,4819.974435806274
1759520049.3882396,2025-10-03 19:34:09.388239622,200.0,58.29999923706055,0.0,20.0,4820.103224515915
1759520051.578681,2025-10-03 19:34:11.578680992,200.0,58.20000076293945,0.0,20.0,4822.293665885925
1759520051.7585888,2025-10-03 19:34:11.758588791,200.0,58.29999923706055,0.0,20.0,4822.473573684692
1759520051.877046,2025-10-03 19:34:11.877046108,200.0,58.20000076293945,0.0,20.0,4822.592031002045
1759520052.353624,2025-10-03 19:34:12.353624105,200.0,58.29999923706055,0.0,20.0,4823.068608999252
1759520052.727013,2025-10-03 19:34:12.727013350,200.0,58.20000076293945,0.0,20.0,4823.441998004913
1759520059.9763043,2025-10-03 19:34:19.976304531,200.0,58.09999847412109,0.0,20.0,4830.691289186478
1759520060.039169,2025-10-03 19:34:20.039169073,200.0,58.20000076293945,0.0,20.0,4830.754153966904
1759520060.3341026,2025-10-03 19:34:20.334102631,200.0,58.09999847412109,0.0,20.0,4831.049087524414
1759520060.4520168,2025-10-03 19:34:20.452016830,200.0,58.20000076293945,0.0,20.0,4831.167001724243
1759520060.7612438,2025-10-03 19:34:20.761243820,200.0,58.09999847412109,0.0,20.0,4831.476228713989
1759520065.1807358,2025-10-03 19:34:25.180735826,200.0,58.20000076293945,0.0,20.0,4835.895720720291
1759520070.1421976,2025-10-03 19:34:30.142197609,200.0,58.09999847412109,0.0,20.0,4840.857182502747
1759520070.3879864,2025-10-03 19:34:30.387986422,200.0,58.20000076293945,0.0,20.0,4841.102971315384
1759520070.868795,2025-10-03 19:34:30.868794680,200.0,58.09999847412109,0.0,20.0,4841.583779811859
1759520071.0518377,2025-10-03 19:34:31.051837683,200.0,58.20000076293945,0.0,20.0,4841.766822576523
1759520071.9592824,2025-10-03 19:34:31.959282398,200.0,58.09999847412109,0.0,20.0,4842.674267292023
1759520079.8599286,2025-10-03 19:34:39.859928608,200.0,58.0,0.0,20.0,4850.5749135017395
1759520094.248007,2025-10-03 19:34:54.248007059,200.0,58.09999847412109,0.0,20.0,4864.962991952896
1759520095.163422,2025-10-03 19:34:55.163422108,200.0,58.0,0.0,20.0,4865.878407001495
1759520095.2861085,2025-10-03 19:34:55.286108255,200.0,58.09999847412109,0.0,20.0,4866.001093387604
1759520095.8272326,2025-10-03 19:34:55.827232599,200.0,58.0,0.0,20.0,4866.542217493057
1759520096.068661,2025-10-03 19:34:56.068660975,200.0,58.09999847412109,0.0,20.0,4866.783645868301
1759520099.1506755,2025-10-03 19:34:59.150675535,200.0,58.0,0.0,20.0,4869.865660429001
1759520099.4509203,2025-10-03 19:34:59.450920343,200.0,58.09999847412109,0.0,20.0,4870.165905237198
1759520099.7583046,2025-10-03 19:34:59.758304596,200.0,58.0,0.0,20.0,4870.473289489746
1759520101.0771475,2025-10-03 19:35:01.077147722,200.0,58.09999847412109,0.0,20.0,4871.7921323776245
1759520101.269212,2025-10-03 19:35:01.269212008,200.0,58.0,0.0,20.0,4871.984196901321
1759520101.9386458,2025-10-03 19:35:01.938645840,200.0,58.09999847412109,0.0,20.0,4872.65363073349
1759520117.7512972,2025-10-03 19:35:17.751297235,200.0,58.20000076293945,0.0,20.0,4888.466282129288
1759520117.868479,2025-10-03 19:35:17.868479013,200.0,58.09999847412109,0.0,20.0,4888.583463907242
1759520118.0464215,2025-10-03 19:35:18.046421528,200.0,58.20000076293945,0.0,20.0,4888.761406421661
1759520124.248717,2025-10-03 19:35:24.248717070,200.0,58.09999847412109,0.0,20.0,4894.963701963425
1759520124.846563,2025-10-03 19:35:24.846563101,200.0,58.20000076293945,0.0,20.0,4895.561547994614
1759520125.151868,2025-10-03 19:35:25.151868105,200.0,58.09999847412109,0.0,20.0,4895.8668529987335
1759520140.4849634,2025-10-03 19:35:40.484963417,200.0,58.0,0.0,20.0,4911.199948310852
1759520140.546238,2025-10-03 19:35:40.546237946,200.0,58.09999847412109,0.0,20.0,4911.2612228393555
1759520140.7268264,2025-10-03 19:35:40.726826429,200.0,58.0,0.0,20.0,4911.441811323166
1759520143.5723572,2025-10-03 19:35:43.572357178,200.0,58.09999847412109,0.0,20.0,4914.287342071533
1759520144.3536706,2025-10-03 19:35:44.353670597,200.0,58.0,0.0,20.0,4915.068655490875
1759520144.475948,2025-10-03 19:35:44.475948095,200.0,58.09999847412109,0.0,20.0,4915.1909329891205
1759520157.051718,2025-10-03 19:35:57.051717997,200.0,58.20000076293945,0.0,20.0,4927.766702890396
1759520165.1830492,2025-10-03 19:36:05.183049202,200.0,58.29999923706055,0.0,20.0,4935.898034095764
1759520165.2484283,2025-10-03 19:36:05.248428345,200.0,58.20000076293945,0.0,20.0,4935.963413238525
1759520165.3725548,2025-10-03 19:36:05.372554779,200.0,58.29999923706055,0.0,20.0,4936.087539672852
1759520165.971067,2025-10-03 19:36:05.971066952,200.0,58.20000076293945,0.0,20.0,4936.6860518455505
1759520166.4549818,2025-10-03 19:36:06.454981804,200.0,58.29999923706055,0.0,20.0,4937.169966697693
1759520167.074406,2025-10-03 19:36:07.074406147,200.0,58.20000076293945,0.0,20.0,4937.789390802383
1759520167.3721151,2025-10-03 19:36:07.372115135,200.0,58.29999923706055,0.0,20.0,4938.087100028992
1759520167.7376006,2025-10-03 19:36:07.737600565,200.0,58.20000076293945,0.0,20.0,4938.4525854587555
1759520168.0424757,2025-10-03 19:36:08.042475700,200.0,58.29999923706055,0.0,20.0,4938.757460594177
1759520172.9263272,2025-10-03 19:36:12.926327229,200.0,58.20000076293945,0.0,20.0,4943.641312122345
1759520173.16617,2025-10-03 19:36:13.166170120,200.0,58.29999923706055,0.0,20.0,4943.8811547756195
1759520223.3266404,2025-10-03 19:37:03.326640368,200.0,58.400001525878906,0.0,20.0,4994.041625261307
1759520231.9279747,2025-10-03 19:37:11.927974701,200.0,58.29999923706055,0.0,20.0,5002.642959594727
1759520244.7810044,2025-10-03 19:37:24.781004429,200.0,58.20000076293945,0.0,20.0,5015.495989322662
1759520245.32501,2025-10-03 19:37:25.325010061,200.0,58.29999923706055,0.0,20.0,5016.039994955063
1759520245.4438758,2025-10-03 19:37:25.443875790,200.0,58.20000076293945,0.0,20.0,5016.158860683441
1759520245.6214526,2025-10-03 19:37:25.621452570,200.0,58.29999923706055,0.0,20.0,5016.33643746376
1759520246.063714,2025-10-03 19:37:26.063714027,200.0,58.20000076293945,0.0,20.0,5016.778698921204
1759520247.465115,2025-10-03 19:37:27.465115070,200.0,58.29999923706055,0.0,20.0,5018.180099964142
1759520248.7266977,2025-10-03 19:37:28.726697683,200.0,58.20000076293945,0.0,20.0,5019.441682577133
1759520254.2500374,2025-10-03 19:37:34.250037432,200.0,58.29999923706055,0.0,20.0,5024.965022325516
1759520254.4270227,2025-10-03 19:37:34.427022696,200.0,58.20000076293945,0.0,20.0,5025.14200758934
1759520256.659808,2025-10-03 19:37:36.659807920,200.0,58.29999923706055,0.0,20.0,5027.374792814255
1759520257.022799,2025-10-03 19:37:37.022799015,200.0,58.20000076293945,0.0,20.0,5027.737783908844
1759520260.4773476,2025-10-03 19:37:40.477347612,200.0,58.29999923706055,0.0,20.0,5031.19233250618
1759520261.271016,2025-10-03 19:37:41.271016121,200.0,58.20000076293945,0.0,20.0,5031.986000776291
1759520261.3314228,2025-10-03 19:37:41.331422806,200.0,58.29999923706055,0.0,20.0,5032.046407699585
1759520261.6332989,2025-10-03 19:37:41.633298874,200.0,58.20000076293945,0.0,20.0,5032.3482837677
1759520261.9444327,2025-10-03 19:37:41.944432735,200.0,58.29999923706055,0.0,20.0,5032.659417629242
1759520262.244842,2025-10-03 19:37:42.244842052,200.0,58.20000076293945,0.0,20.0,5032.9598269462585
1759520262.8406155,2025-10-03 19:37:42.840615749,200.0,58.29999923706055,0.0,20.0,5033.555600404739
1759520296.6290102,2025-10-03 19:38:16.629010201,200.0,58.400001525878906,0.0,20.0,5067.343995094299
1759520296.929566,2025-10-03 19:38:16.929566145,200.0,58.29999923706055,0.0,20.0,5067.6445508003235
1759520297.349317,2025-10-03 19:38:17.349317074,200.0,58.400001525878906,0.0,20.0,5068.064301967621
1759520297.4713953,2025-10-03 19:38:17.471395254,200.0,58.29999923706055,0.0,20.0,5068.186380147934
1759520312.361407,2025-10-03 19:38:32.361407042,200.0,58.400001525878906,0.0,20.0,5083.0763919353485
1759520318.279938,2025-10-03 19:38:38.279937983,200.0,58.5,0.0,20.0,5088.994922876358
1759520319.969423,2025-10-03 19:38:39.969423056,200.0,58.400001525878906,0.0,20.0,5090.684407949448
1759520325.4372623,2025-10-03 19:38:45.437262297,200.0,58.29999923706055,0.0,20.0,5096.1522471904755
1759520325.560781,2025-10-03 19:38:45.560781002,200.0,58.400001525878906,0.0,20.0,5096.2757658958435
1759520325.859995,2025-10-03 19:38:45.859994888,200.0,58.29999923706055,0.0,20.0,5096.5749797821045
1759520340.1505,2025-10-03 19:39:00.150500059,200.0,58.20000076293945,0.0,20.0,5110.865484952927
1759520349.0478134,2025-10-03 19:39:09.047813416,200.0,58.09999847412109,0.0,20.0,5119.762798309326
1759520351.534561,2025-10-03 19:39:11.534560919,200.0,58.0,0.0,20.0,5122.249545812607
1759520357.9425066,2025-10-03 19:39:17.942506552,200.0,58.09999847412109,0.0,20.0,5128.657491445541
1759520376.6595457,2025-10-03 19:39:36.659545660,200.0,58.0,0.0,20.0,5147.374530553818
1759520376.8435707,2025-10-03 19:39:36.843570709,200.0,58.09999847412109,0.0,20.0,5147.558555603027
1759520377.151128,2025-10-03 19:39:37.151128054,200.0,58.0,0.0,20.0,5147.866112947464
1759520377.2696898,2025-10-03 19:39:37.269689798,200.0,58.09999847412109,0.0,20.0,5147.984674692154
1759520377.4464908,2025-10-03 19:39:37.446490765,200.0,58.0,0.0,20.0,5148.161475658417
1759520378.0453498,2025-10-03 19:39:38.045349836,200.0,58.09999847412109,0.0,20.0,5148.760334730148
1759520378.3460107,2025-10-03 19:39:38.346010685,200.0,58.0,0.0,20.0,5149.060995578766
1759520389.066685,2025-10-03 19:39:49.066684961,200.0,57.900001525878906,0.0,20.0,5159.781669855118
1759520392.8167431,2025-10-03 19:39:52.816743135,200.0,57.79999923706055,0.0,20.0,5163.531728029251
1759520393.4228055,2025-10-03 19:39:53.422805548,200.0,57.900001525878906,0.0,20.0,5164.137790441513
1759520393.6599865,2025-10-03 19:39:53.659986496,200.0,57.79999923706055,0.0,20.0,5164.3749713897705
1759520393.719685,2025-10-03 19:39:53.719685078,200.0,57.900001525878906,0.0,20.0,5164.434669971466
1759520393.960213,2025-10-03 19:39:53.960212946,200.0,57.79999923706055,0.0,20.0,5164.675197839737
1759520401.048261,2025-10-03 19:40:01.048260927,200.0,57.900001525878906,0.0,20.0,5171.763245820999
1759520401.664314,2025-10-03 19:40:01.664314032,200.0,57.79999923706055,0.0,20.0,5172.3792989254
1759520409.6182034,2025-10-03 19:40:09.618203402,200.0,57.900001525878906,0.0,20.0,5180.333188295364
1759520413.5359592,2025-10-03 19:40:13.535959243,200.0,57.79999923706055,0.0,20.0,5184.250944137573
1759520417.4626834,2025-10-03 19:40:17.462683439,200.0,57.70000076293945,0.0,20.0,5188.177668333054
1759520420.6700215,2025-10-03 19:40:20.670021534,200.0,57.59999847412109,0.0,20.0,5191.385006427765
1759520424.6218405,2025-10-03 19:40:24.621840477,200.0,57.5,0.0,20.0,5195.336825370789
1759520424.8643346,2025-10-03 19:40:24.864334583,200.0,57.59999847412109,0.0,20.0,5195.579319477081
1759520428.9437177,2025-10-03 19:40:28.943717480,200.0,57.5,0.0,20.0,5199.658702611923
1759520436.4239502,2025-10-03 19:40:36.423950195,200.0,57.59999847412109,0.0,20.0,5207.138935089111
1759520436.5435383,2025-10-03 19:40:36.543538332,200.0,57.5,0.0,20.0,5207.258523225784
1759520437.771617,2025-10-03 19:40:37.771616936,200.0,57.59999847412109,0.0,20.0,5208.486601829529
1759520440.1294923,2025-10-03 19:40:40.129492283,200.0,57.5,0.0,20.0,5210.844477176666
1759520442.039023,2025-10-03 19:40:42.039022923,200.0,57.59999847412109,0.0,20.0,5212.754007816315
1759520442.2193997,2025-10-03 19:40:42.219399691,200.0,57.5,0.0,20.0,5212.934384584427
1759520444.264726,2025-10-03 19:40:44.264725924,200.0,57.59999847412109,0.0,20.0,5214.979710817337
1759520445.0487037,2025-10-03 19:40:45.048703671,200.0,57.5,0.0,20.0,5215.7636885643005
1759520448.923375,2025-10-03 19:40:48.923374891,200.0,57.400001525878906,0.0,20.0,5219.63835978508
1759520453.9175615,2025-10-03 19:40:53.917561531,200.0,57.29999923706055,0.0,20.0,5224.632546424866
1759520454.163268,2025-10-03 19:40:54.163268089,200.0,57.400001525878906,0.0,20.0,5224.878252983093
1759520456.3415427,2025-10-03 19:40:56.341542721,200.0,57.29999923706055,0.0,20.0,5227.0565276145935
1759520458.7280967,2025-10-03 19:40:58.728096724,200.0,57.400001525878906,0.0,20.0,5229.443081617355
1759520459.3264017,2025-10-03 19:40:59.326401472,200.0,57.29999923706055,0.0,20.0,5230.041386604309
1759520461.8380332,2025-10-03 19:41:01.838033199,200.0,57.400001525878906,0.0,20.0,5232.553018093109
1759520467.7519329,2025-10-03 19:41:07.751932859,200.0,57.5,0.0,20.0,5238.46691775322
1759520469.1440644,2025-10-03 19:41:09.144064426,200.0,57.400001525878906,0.0,20.0,5239.859049320221
1759520469.4433508,2025-10-03 19:41:09.443350792,200.0,57.5,0.0,20.0,5240.15833568573
1759520469.5638282,2025-10-03 19:41:09.563828230,200.0,57.400001525878906,0.0,20.0,5240.278813123703
1759520473.4644887,2025-10-03 19:41:13.464488745,200.0,57.29999923706055,0.0,20.0,5244.179473638535
1759520485.7631423,2025-10-03 19:41:25.763142347,200.0,57.20000076293945,0.0,20.0,5256.478127241135
1759520486.4287288,2025-10-03 19:41:26.428728819,200.0,57.29999923706055,0.0,20.0,5257.143713712692
1759520487.2146716,2025-10-03 19:41:27.214671612,200.0,57.20000076293945,0.0,20.0,5257.929656505585
1759520487.3414812,2025-10-03 19:41:27.341481209,200.0,57.29999923706055,0.0,20.0,5258.0564661026
1759520487.5301435,2025-10-03 19:41:27.530143499,200.0,57.20000076293945,0.0,20.0,5258.245128393173
1759520487.968508,2025-10-03 19:41:27.968508005,200.0,57.29999923706055,0.0,20.0,5258.683492898941
1759520488.2704446,2025-10-03 19:41:28.270444632,200.0,57.20000076293945,0.0,20.0,5258.985429525375
1759520492.8369265,2025-10-03 19:41:32.836926460,200.0,57.09999847412109,0.0,20.0,5263.551911354065
1759520493.022011,2025-10-03 19:41:33.022011042,200.0,57.20000076293945,0.0,20.0,5263.73699593544
1759520500.0520914,2025-10-03 19:41:40.052091360,200.0,57.09999847412109,0.0,20.0,5270.767076253891
1759520507.5534372,2025-10-03 19:41:47.553437233,200.0,57.0,0.0,20.0,5278.26842212677
1759520517.559543,2025-10-03 19:41:57.559542894,200.0,57.09999847412109,0.0,20.0,5288.274527788162
1759520522.0496497,2025-10-03 19:42:02.049649477,200.0,57.20000076293945,0.0,20.0,5292.764634609222
1759520530.6584425,2025-10-03 19:42:10.658442497,200.0,57.09999847412109,0.0,20.0,5301.373427391052
1759520545.1499918,2025-10-03 19:42:25.149991751,200.0,57.20000076293945,0.0,20.0,5315.864976644516
1759520545.635007,2025-10-03 19:42:25.635006905,200.0,57.09999847412109,0.0,20.0,5316.349991798401
1759520546.8153548,2025-10-03 19:42:26.815354824,200.0,57.20000076293945,0.0,20.0,5317.530339717865
1759520561.2438998,2025-10-03 19:42:41.243899822,200.0,57.29999923706055,0.0,20.0,5331.958884716034
1759520570.0614738,2025-10-03 19:42:50.061473846,200.0,57.400001525878906,0.0,20.0,5340.776458740234
1759520570.4314573,2025-10-03 19:42:50.431457281,200.0,57.29999923706055,0.0,20.0,5341.1464421749115
1759520570.808777,2025-10-03 19:42:50.808777332,200.0,57.400001525878906,0.0,20.0,5341.523761987686
1759520575.0582483,2025-10-03 19:42:55.058248281,200.0,57.29999923706055,0.0,20.0,5345.773233175278
1759520575.3598874,2025-10-03 19:42:55.359887362,200.0,57.400001525878906,0.0,20.0,5346.074872255325
1759520575.5415597,2025-10-03 19:42:55.541559458,200.0,57.29999923706055,0.0,20.0,5346.256544589996
1759520582.018654,2025-10-03 19:43:02.018653870,200.0,57.400001525878906,0.0,20.0,5352.733639001846
1759520582.1385727,2025-10-03 19:43:02.138572693,200.0,57.29999923706055,0.0,20.0,5352.85355758667
1759520583.0518851,2025-10-03 19:43:03.051885128,200.0,57.400001525878906,0.0,20.0,5353.76687002182
1759520583.6575491,2025-10-03 19:43:03.657549143,200.0,57.29999923706055,0.0,20.0,5354.372534036636
1759520587.3651376,2025-10-03 19:43:07.365137577,200.0,57.400001525878906,0.0,20.0,5358.080122470856
1759520587.555073,2025-10-03 19:43:07.555073023,200.0,57.29999923706055,0.0,20.0,5358.270057916641
1759520588.537065,2025-10-03 19:43:08.537065029,200.0,57.400001525878906,0.0,20.0,5359.252049922943
1759520590.242105,2025-10-03 19:43:10.242105007,200.0,57.29999923706055,0.0,20.0,5360.9570899009705
1759520590.6676407,2025-10-03 19:43:10.667640686,200.0,57.400001525878906,0.0,20.0,5361.382625579834
1759520590.8447917,2025-10-03 19:43:10.844791651,200.0,57.29999923706055,0.0,20.0,5361.559776544571
1759520590.9679575,2025-10-03 19:43:10.967957497,200.0,57.400001525878906,0.0,20.0,5361.682942390442
1759520591.1560686,2025-10-03 19:43:11.156068563,200.0,57.29999923706055,0.0,20.0,5361.87105345726
1759520591.3412106,2025-10-03 19:43:11.341210604,200.0,57.400001525878906,0.0,20.0,5362.056195497513
1759520591.648536,2025-10-03 19:43:11.648535967,200.0,57.29999923706055,0.0,20.0,5362.363520860672
1759520591.9537842,2025-10-03 19:43:11.953784227,200.0,57.400001525878906,0.0,20.0,5362.66876912117
1759520592.1349702,2025-10-03 19:43:12.134970188,200.0,57.29999923706055,0.0,20.0,5362.84995508194
1759520592.2650888,2025-10-03 19:43:12.265088797,200.0,57.400001525878906,0.0,20.0,5362.980073690414
1759520606.4339602,2025-10-03 19:43:26.433960199,200.0,57.29999923706055,0.0,20.0,5377.148945093155
1759520609.2388968,2025-10-03 19:43:29.238896847,200.0,57.20000076293945,0.0,20.0,5379.95388174057
1759520611.9348176,2025-10-03 19:43:31.934817553,200.0,57.09999847412109,0.0,20.0,5382.649802446365
1759520612.2509544,2025-10-03 19:43:32.250954390,200.0,57.20000076293945,0.0,20.0,5382.965939283371
1759520612.3107865,2025-10-03 19:43:32.310786486,200.0,57.09999847412109,0.0,20.0,5383.025771379471
1759520623.3239155,2025-10-03 19:43:43.323915720,200.0,57.20000076293945,0.0,20.0,5394.038900375366
1759520623.4483612,2025-10-03 19:43:43.448361158,200.0,57.09999847412109,0.0,20.0,5394.16334605217
1759520624.2272112,2025-10-03 19:43:44.227211237,200.0,57.20000076293945,0.0,20.0,5394.942196130753
1759520624.3580384,2025-10-03 19:43:44.358038425,200.0,57.09999847412109,0.0,20.0,5395.073023319244
1759520624.5420666,2025-10-03 19:43:44.542066574,200.0,57.20000076293945,0.0,20.0,5395.2570514678955
1759520636.2252312,2025-10-03 19:43:56.225231171,200.0,57.09999847412109,0.0,20.0,5406.940216064453
1759520638.9068513,2025-10-03 19:43:58.906851292,200.0,57.0,0.0,20.0,5409.621836185455
1759520643.7548935,2025-10-03 19:44:03.754893541,200.0,57.09999847412109,0.0,20.0,5414.469878435135
1759520650.04997,2025-10-03 19:44:10.049970150,200.0,57.20000076293945,0.0,20.0,5420.764954805374
1759520650.2346165,2025-10-03 19:44:10.234616518,200.0,57.09999847412109,0.0,20.0,5420.9496014118195
1759520651.7433317,2025-10-03 19:44:11.743331671,200.0,57.20000076293945,0.0,20.0,5422.45831656456
1759520652.1136537,2025-10-03 19:44:12.113653660,200.0,57.09999847412109,0.0,20.0,5422.828638553619
1759520652.424732,2025-10-03 19:44:12.424731970,200.0,57.20000076293945,0.0,20.0,5423.139716863632
1759520661.3220036,2025-10-03 19:44:21.322003603,200.0,57.29999923706055,0.0,20.0,5432.03698849678
1759520666.2509563,2025-10-03 19:44:26.250956297,200.0,57.20000076293945,0.0,20.0,5436.96594119072
1759520666.4288905,2025-10-03 19:44:26.428890467,200.0,57.29999923706055,0.0,20.0,5437.143875360489
1759520666.5468738,2025-10-03 19:44:26.546873808,200.0,57.20000076293945,0.0,20.0,5437.261858701706
1759520666.850208,2025-10-03 19:44:26.850208044,200.0,57.29999923706055,0.0,20.0,5437.565192937851
1759520667.1545246,2025-10-03 19:44:27.154524565,200.0,57.20000076293945,0.0,20.0,5437.869509458542
1759520668.3284774,2025-10-03 19:44:28.328477383,200.0,57.29999923706055,0.0,20.0,5439.043462276459
1759520672.2183611,2025-10-03 19:44:32.218361139,200.0,57.400001525878906,0.0,20.0,5442.933346033096
1759520683.6181371,2025-10-03 19:44:43.618137121,200.0,57.5,0.0,20.0,5454.333122014999
1759520684.1082222,2025-10-03 19:44:44.108222246,200.0,57.400001525878906,0.0,20.0,5454.823207139969
1759520690.652078,2025-10-03 19:44:50.652077913,200.0,57.29999923706055,0.0,20.0,5461.367062807083
1759520714.5316305,2025-10-03 19:45:14.531630516,200.0,57.400001525878906,0.0,20.0,5485.246615409851
1759520714.710029,2025-10-03 19:45:14.710028887,200.0,57.29999923706055,0.0,20.0,5485.425013780594
1759520716.9330409,2025-10-03 19:45:16.933040857,200.0,57.400001525878906,0.0,20.0,5487.648025751114
1759520719.3171728,2025-10-03 19:45:19.317172766,200.0,57.29999923706055,0.0,20.0,5490.032157659531
1759520719.6185553,2025-10-03 19:45:19.618555307,200.0,57.400001525878906,0.0,20.0,5490.333540201187
1759520722.8368094,2025-10-03 19:45:22.836809397,200.0,57.29999923706055,0.0,20.0,5493.551794290543
1759520723.635003,2025-10-03 19:45:23.635003090,200.0,57.400001525878906,0.0,20.0,5494.349987983704
1759520724.9190335,2025-10-03 19:45:24.919033527,200.0,57.29999923706055,0.0,20.0,5495.634018421173
1759520725.1083505,2025-10-03 19:45:25.108350277,200.0,57.400001525878906,0.0,20.0,5495.823335409164
1759520725.4104133,2025-10-03 19:45:25.410413265,200.0,57.29999923706055,0.0,20.0,5496.125398159027
1759520725.8395505,2025-10-03 19:45:25.839550495,200.0,57.400001525878906,0.0,20.0,5496.5545353889465
1759520727.006752,2025-10-03 19:45:27.006752014,200.0,57.29999923706055,0.0,20.0,5497.721736907959
1759520727.2439983,2025-10-03 19:45:27.243998528,200.0,57.400001525878906,0.0,20.0,5497.958983182907
1759520728.21412,2025-10-03 19:45:28.214119911,200.0,57.29999923706055,0.0,20.0,5498.929104804993
1759520729.7466605,2025-10-03 19:45:29.746660471,200.0,57.400001525878906,0.0,20.0,5500.461645364761
1759520730.953092,2025-10-03 19:45:30.953092098,200.0,57.29999923706055,0.0,20.0,5501.668076992035
1759520731.264269,2025-10-03 19:45:31.264269114,200.0,57.400001525878906,0.0,20.0,5501.9792540073395
1759520731.5079355,2025-10-03 19:45:31.507935524,200.0,57.29999923706055,0.0,20.0,5502.222920417786
1759520731.6289966,2025-10-03 19:45:31.628996611,200.0,57.400001525878906,0.0,20.0,5502.34398150444
1759520731.9282246,2025-10-03 19:45:31.928224564,200.0,57.29999923706055,0.0,20.0,5502.6432094573975
1759520732.865959,2025-10-03 19:45:32.865958929,200.0,57.400001525878906,0.0,20.0,5503.580943822861
1759520733.0495768,2025-10-03 19:45:33.049576759,200.0,57.29999923706055,0.0,20.0,5503.764561653137
1759520733.1098466,2025-10-03 19:45:33.109846592,200.0,57.400001525878906,0.0,20.0,5503.824831485748
1759520734.0297668,2025-10-03 19:45:34.029766798,200.0,57.29999923706055,0.0,20.0,5504.744751691818
1759520745.725115,2025-10-03 19:45:45.725115061,200.0,57.20000076293945,0.0,20.0,5516.440099954605
1759520746.0305693,2025-10-03 19:45:46.030569315,200.0,57.29999923706055,0.0,20.0,5516.7455542087555
1759520749.1447492,2025-10-03 19:45:49.144749165,200.0,57.20000076293945,0.0,20.0,5519.85973405838
1759520749.6256132,2025-10-03 19:45:49.625613213,200.0,57.29999923706055,0.0,20.0,5520.340598106384
1759520752.4276357,2025-10-03 19:45:52.427635670,200.0,57.20000076293945,0.0,20.0,5523.142620563507
1759520772.617371,2025-10-03 19:46:12.617371321,200.0,57.29999923706055,0.0,20.0,5543.332355976105
1759520772.8116271,2025-10-03 19:46:12.811627150,200.0,57.20000076293945,0.0,20.0,5543.526612043381
1759520772.9316337,2025-10-03 19:46:12.931633711,200.0,57.29999923706055,0.0,20.0,5543.64661860466
1759520779.6443007,2025-10-03 19:46:19.644300699,200.0,57.400001525878906,0.0,20.0,5550.359285593033
1759520782.7555182,2025-10-03 19:46:22.755518198,200.0,57.29999923706055,0.0,20.0,5553.470503091812
1759520783.2509072,2025-10-03 19:46:23.250907182,200.0,57.400001525878906,0.0,20.0,5553.965892076492
1759520785.7394245,2025-10-03 19:46:25.739424467,200.0,57.29999923706055,0.0,20.0,5556.454409360886
1759520785.8580687,2025-10-03 19:46:25.858068705,200.0,57.400001525878906,0.0,20.0,5556.573053598404
1759520786.0390458,2025-10-03 19:46:26.039045811,200.0,57.29999923706055,0.0,20.0,5556.754030704498
1759520786.6468494,2025-10-03 19:46:26.646849394,200.0,57.400001525878906,0.0,20.0,5557.361834287643
1759520786.9493592,2025-10-03 19:46:26.949359179,200.0,57.29999923706055,0.0,20.0,5557.664344072342
1759520798.8128462,2025-10-03 19:46:38.812846184,200.0,57.20000076293945,0.0,20.0,5569.527831077576
1759520799.4175818,2025-10-03 19:46:39.417581797,200.0,57.29999923706055,0.0,20.0,5570.132566690445
1759520804.4526117,2025-10-03 19:46:44.452611685,200.0,57.20000076293945,0.0,20.0,5575.167596578598
1759520805.6138072,2025-10-03 19:46:45.613807201,200.0,57.29999923706055,0.0,20.0,5576.328792095184
1759520806.4058378,2025-10-03 19:46:46.405837774,200.0,57.20000076293945,0.0,20.0,5577.120822668076
1759520811.1289942,2025-10-03 19:46:51.128994225,200.0,57.29999923706055,0.0,20.0,5581.8439791202545
1759520811.426659,2025-10-03 19:46:51.426659346,200.0,57.20000076293945,0.0,20.0,5582.141644001007
1759520812.7070005,2025-10-03 19:46:52.707000256,200.0,57.29999923706055,0.0,20.0,5583.421985387802
1759520812.9561465,2025-10-03 19:46:52.956146479,200.0,57.20000076293945,0.0,20.0,5583.671131372452
1759520813.3154852,2025-10-03 19:46:53.315485239,200.0,57.29999923706055,0.0,20.0,5584.030470132828
1759520814.723964,2025-10-03 19:46:54.723963976,200.0,57.20000076293945,0.0,20.0,5585.438948869705
1759520814.8429406,2025-10-03 19:46:54.842940569,200.0,57.29999923706055,0.0,20.0,5585.557925462723
1759520815.640952,2025-10-03 19:46:55.640951872,200.0,57.20000076293945,0.0,20.0,5586.355937004089
1759520816.6225798,2025-10-03 19:46:56.622579813,200.0,57.29999923706055,0.0,20.0,5587.337564706802
1759520817.5999005,2025-10-03 19:46:57.599900484,200.0,57.20000076293945,0.0,20.0,5588.314885377884
1759520822.5255504,2025-10-03 19:47:02.525550364,200.0,57.29999923706055,0.0,20.0,5593.240535259247
1759520833.7071767,2025-10-03 19:47:13.707176685,200.0,57.20000076293945,0.0,20.0,5604.422161579132
1759520836.2224553,2025-10-03 19:47:16.222455263,200.0,57.09999847412109,0.0,20.0,5606.937440156937
1759520838.1128418,2025-10-03 19:47:18.112841845,200.0,57.0,0.0,20.0,5608.8278267383575
1759520841.1137054,2025-10-03 19:47:21.113705397,200.0,56.900001525878906,0.0,20.0,5611.828690290451
1759520855.2265334,2025-10-03 19:47:35.226533413,200.0,57.0,0.0,20.0,5625.941518306732
1759520855.828586,2025-10-03 19:47:35.828586102,200.0,56.900001525878906,0.0,20.0,5626.543570995331
1759520856.9267058,2025-10-03 19:47:36.926705837,200.0,57.0,0.0,20.0,5627.641690731049
1759520857.6491687,2025-10-03 19:47:37.649168730,200.0,56.900001525878906,0.0,20.0,5628.364153623581
1759520857.8307786,2025-10-03 19:47:37.830778599,200.0,57.0,0.0,20.0,5628.545763492584
1759520857.9528728,2025-10-03 19:47:37.952872753,200.0,56.900001525878906,0.0,20.0,5628.667857646942
1759520859.0345683,2025-10-03 19:47:39.034568310,200.0,57.0,0.0,20.0,5629.749553203583
1759520868.2166586,2025-10-03 19:47:48.216658592,200.0,57.09999847412109,0.0,20.0,5638.931643486023
1759520891.9271815,2025-10-03 19:48:11.927181721,200.0,57.0,0.0,20.0,5662.642166376114
1759520897.1530097,2025-10-03 19:48:17.153009653,200.0,56.900001525878906,0.0,20.0,5667.86799454689
1759520899.721952,2025-10-03 19:48:19.721951962,200.0,57.0,0.0,20.0,5670.436936855316
1759520900.9927833,2025-10-03 19:48:20.992783308,200.0,56.900001525878906,0.0,20.0,5671.707768201828
1759520901.3034346,2025-10-03 19:48:21.303434610,200.0,57.0,0.0,20.0,5672.018419504166
1759520905.020355,2025-10-03 19:48:25.020354986,200.0,56.900001525878906,0.0,20.0,5675.73533987999
1759520905.2045822,2025-10-03 19:48:25.204582214,200.0,57.0,0.0,20.0,5675.919567108154
1759520905.5138402,2025-10-03 19:48:25.513840199,200.0,56.900001525878906,0.0,20.0,5676.228825092316
1759520907.514494,2025-10-03 19:48:27.514493942,200.0,57.0,0.0,20.0,5678.22947883606
1759520907.8197455,2025-10-03 19:48:27.819745541,200.0,56.900001525878906,0.0,20.0,5678.534730434418
1759520912.9071796,2025-10-03 19:48:32.907179594,200.0,57.0,0.0,20.0,5683.622164487839
1759520919.7341957,2025-10-03 19:48:39.734195709,200.0,56.900001525878906,0.0,20.0,5690.449180603027
1759520921.2029138,2025-10-03 19:48:41.202913761,200.0,56.79999923706055,0.0,20.0,5691.917898654938
1759520935.5470476,2025-10-03 19:48:55.547047615,200.0,56.900001525878906,0.0,20.0,5706.26203250885
1759520943.5029895,2025-10-03 19:49:03.502989531,200.0,56.79999923706055,0.0,20.0,5714.217974424362
1759520945.326743,2025-10-03 19:49:05.326742887,200.0,56.70000076293945,0.0,20.0,5716.041727781296
1759520947.233955,2025-10-03 19:49:07.233954668,200.0,56.59999847412109,0.0,20.0,5717.948939800262
1759520949.6047895,2025-10-03 19:49:09.604789495,200.0,56.5,0.0,20.0,5720.319774389267
1759520954.199699,2025-10-03 19:49:14.199698925,200.0,56.59999847412109,0.0,20.0,5724.914683818817
1759520960.3210626,2025-10-03 19:49:20.321062565,200.0,56.5,0.0,20.0,5731.036047458649
1759520968.5483096,2025-10-03 19:49:28.548309565,200.0,56.400001525878906,0.0,20.0,5739.263294458389
1759520968.9141486,2025-10-03 19:49:28.914148569,200.0,56.5,0.0,20.0,5739.629133462906
1759520969.2215004,2025-10-03 19:49:29.221500397,200.0,56.400001525878906,0.0,20.0,5739.936485290527
1759520969.4017627,2025-10-03 19:49:29.401762724,200.0,56.5,0.0,20.0,5740.116747617722
1759520970.4311004,2025-10-03 19:49:30.431100368,200.0,56.400001525878906,0.0,20.0,5741.146085262299
1759520970.739636,2025-10-03 19:49:30.739635944,200.0,56.5,0.0,20.0,5741.454620838165
1759520977.1415884,2025-10-03 19:49:37.141588449,200.0,56.59999847412109,0.0,20.0,5747.856573343277
1759520980.9288378,2025-10-03 19:49:40.928837776,200.0,56.70000076293945,0.0,20.0,5751.643822669983
1759520992.506602,2025-10-03 19:49:52.506602049,200.0,56.79999923706055,0.0,20.0,5763.221586942673
1759520999.8196516,2025-10-03 19:49:59.819651604,200.0,56.70000076293945,0.0,20.0,5770.534636497498
1759521003.435617,2025-10-03 19:50:03.435616970,200.0,56.59999847412109,0.0,20.0,5774.150601863861
1759521013.49843,2025-10-03 19:50:13.498430014,200.0,56.5,0.0,20.0,5784.213414907455
1759521016.9382684,2025-10-03 19:50:16.938268423,200.0,56.400001525878906,0.0,20.0,5787.653253316879
1759521017.239283,2025-10-03 19:50:17.239283085,200.0,56.5,0.0,20.0,5787.954267978668
1759521017.2985804,2025-10-03 19:50:17.298580408,200.0,56.400001525878906,0.0,20.0,5788.013565301895
1759521017.5391157,2025-10-03 19:50:17.539115667,200.0,56.5,0.0,20.0,5788.254100561142
1759521017.5983202,2025-10-03 19:50:17.598320246,200.0,56.400001525878906,0.0,20.0,5788.313305139542
1759521017.8427134,2025-10-03 19:50:17.842713356,200.0,56.5,0.0,20.0,5788.557698249817
1759521017.906953,2025-10-03 19:50:17.906953335,200.0,56.400001525878906,0.0,20.0,5788.621937990189
1759521018.2110362,2025-10-03 19:50:18.211036205,200.0,56.5,0.0,20.0,5788.926021099091
1759521018.4531307,2025-10-03 19:50:18.453130722,200.0,56.400001525878906,0.0,20.0,5789.168115615845
1759521020.7966108,2025-10-03 19:50:20.796610832,200.0,56.5,0.0,20.0,5791.511595726013
1759521025.424942,2025-10-03 19:50:25.424942017,200.0,56.59999847412109,0.0,20.0,5796.1399269104
1759521029.447813,2025-10-03 19:50:29.447813034,200.0,56.70000076293945,0.0,20.0,5800.162797927856
1759521029.5110242,2025-10-03 19:50:29.511024237,200.0,56.59999847412109,0.0,20.0,5800.226009130478
1759521029.697688,2025-10-03 19:50:29.697688103,200.0,56.70000076293945,0.0,20.0,5800.412672996521
1759521033.7353172,2025-10-03 19:50:33.735317230,200.0,56.79999923706055,0.0,20.0,5804.450302124023
1759521052.6109478,2025-10-03 19:50:52.610947847,200.0,56.70000076293945,0.0,20.0,5823.325932741165
1759521056.319187,2025-10-03 19:50:56.319186926,200.0,56.59999847412109,0.0,20.0,5827.034171819687
1759521056.7344632,2025-10-03 19:50:56.734463215,200.0,56.70000076293945,0.0,20.0,5827.449448108673
1759521056.9139955,2025-10-03 19:50:56.913995504,200.0,56.59999847412109,0.0,20.0,5827.628980398178
1759521064.0166657,2025-10-03 19:51:04.016665459,200.0,56.5,0.0,20.0,5834.731650590897
1759521067.733926,2025-10-03 19:51:07.733926058,200.0,56.400001525878906,0.0,20.0,5838.448910951614
1759521067.9235291,2025-10-03 19:51:07.923529148,200.0,56.5,0.0,20.0,5838.638514041901
1759521068.0477977,2025-10-03 19:51:08.047797680,200.0,56.400001525878906,0.0,20.0,5838.7627825737
1759521069.9338238,2025-10-03 19:51:09.933823824,200.0,56.5,0.0,20.0,5840.648808717728
1759521070.1134367,2025-10-03 19:51:10.113436699,200.0,56.400001525878906,0.0,20.0,5840.828421592712
1759521070.2346144,2025-10-03 19:51:10.234614372,200.0,56.5,0.0,20.0,5840.949599266052
1759521070.7172394,2025-10-03 19:51:10.717239380,200.0,56.400001525878906,0.0,20.0,5841.432224273682
1759521071.14869,2025-10-03 19:51:11.148689985,200.0,56.5,0.0,20.0,5841.863674879074
1759521077.5033236,2025-10-03 19:51:17.503323555,200.0,56.59999847412109,0.0,20.0,5848.2183084487915
1759521077.8085804,2025-10-03 19:51:17.808580399,200.0,56.5,0.0,20.0,5848.523565292358
1759521078.0622358,2025-10-03 19:51:18.062235832,200.0,56.59999847412109,0.0,20.0,5848.777220726013
1759521079.0368445,2025-10-03 19:51:19.036844492,200.0,56.5,0.0,20.0,5849.751829385757
1759521112.7494037,2025-10-03 19:51:52.749403715,200.0,56.59999847412109,0.0,20.0,5883.4643886089325
1759521116.1164246,2025-10-03 19:51:56.116424561,200.0,56.70000076293945,0.0,20.0,5886.831409454346
1759521119.1374326,2025-10-03 19:51:59.137432575,200.0,56.79999923706055,0.0,20.0,5889.852417469025
1759521125.1357589,2025-10-03 19:52:05.135758877,200.0,56.900001525878906,0.0,20.0,5895.850743770599
1759521125.1964607,2025-10-03 19:52:05.196460724,200.0,56.79999923706055,0.0,20.0,5895.911445617676
1759521125.4938283,2025-10-03 19:52:05.493828297,200.0,56.900001525878906,0.0,20.0,5896.20881319046
1759521126.0885727,2025-10-03 19:52:06.088572741,200.0,56.79999923706055,0.0,20.0,5896.803557634354
1759521126.4054406,2025-10-03 19:52:06.405440569,200.0,56.900001525878906,0.0,20.0,5897.120425462723
1759521132.2953162,2025-10-03 19:52:12.295316219,200.0,56.79999923706055,0.0,20.0,5903.010301113129
1759521135.4952774,2025-10-03 19:52:15.495277405,200.0,56.70000076293945,0.0,20.0,5906.210262298584
1759521148.1946206,2025-10-03 19:52:28.194620609,200.0,56.79999923706055,0.0,20.0,5918.909605503082
1759521160.100433,2025-10-03 19:52:40.100433111,200.0,56.70000076293945,0.0,20.0,5930.81541800499
1759521160.8953147,2025-10-03 19:52:40.895314693,200.0,56.79999923706055,0.0,20.0,5931.61029958725
1759521161.618895,2025-10-03 19:52:41.618895054,200.0,56.70000076293945,0.0,20.0,5932.333879947662
1759521162.524273,2025-10-03 19:52:42.524272918,200.0,56.79999923706055,0.0,20.0,5933.2392578125
1759521168.1873834,2025-10-03 19:52:48.187383413,200.0,56.900001525878906,0.0,20.0,5938.902368307114
1759521168.306738,2025-10-03 19:52:48.306737900,200.0,56.79999923706055,0.0,20.0,5939.021722793579
1759521169.6349156,2025-10-03 19:52:49.634915590,200.0,56.900001525878906,0.0,20.0,5940.349900484085
1759521170.1197302,2025-10-03 19:52:50.119730234,200.0,56.79999923706055,0.0,20.0,5940.834715127945
1759521170.240432,2025-10-03 19:52:50.240432024,200.0,56.900001525878906,0.0,20.0,5940.955416917801
1759521170.5384765,2025-10-03 19:52:50.538476467,200.0,56.79999923706055,0.0,20.0,5941.253461360931
1759521174.4175155,2025-10-03 19:52:54.417515516,200.0,56.70000076293945,0.0,20.0,5945.13250041008
1759521175.9075117,2025-10-03 19:52:55.907511473,200.0,56.79999923706055,0.0,20.0,5946.622496604919
1759521176.2038765,2025-10-03 19:52:56.203876495,200.0,56.70000076293945,0.0,20.0,5946.91886138916
1759521178.0309267,2025-10-03 19:52:58.030926704,200.0,56.79999923706055,0.0,20.0,5948.745911598206
1759521181.7867997,2025-10-03 19:53:01.786799669,200.0,56.900001525878906,0.0,20.0,5952.501784563065
1759521193.1201684,2025-10-03 19:53:13.120168447,200.0,57.0,0.0,20.0,5963.835153341293
1759521199.1178186,2025-10-03 19:53:19.117818594,200.0,56.900001525878906,0.0,20.0,5969.832803487778
1759521201.686311,2025-10-03 19:53:21.686311007,200.0,56.79999923706055,0.0,20.0,5972.401295900345
1759521203.4454396,2025-10-03 19:53:23.445439577,200.0,56.70000076293945,0.0,20.0,5974.1604244709015
1759521205.131732,2025-10-03 19:53:25.131731987,200.0,56.59999847412109,0.0,20.0,5975.846716880798
1759521206.838148,2025-10-03 19:53:26.838147879,200.0,56.5,0.0,20.0,5977.553133010864
1759521211.1337848,2025-10-03 19:53:31.133784771,200.0,56.400001525878906,0.0,20.0,5981.848769664764
1759521214.5100963,2025-10-03 19:53:34.510096312,200.0,56.29999923706055,0.0,20.0,5985.225081205368
1759521216.4425275,2025-10-03 19:53:36.442527533,200.0,56.20000076293945,0.0,20.0,5987.157512426376
1759521218.532733,2025-10-03 19:53:38.532732964,200.0,56.09999847412109,0.0,20.0,5989.247717857361
1759521219.31407,2025-10-03 19:53:39.314069986,200.0,56.20000076293945,0.0,20.0,5990.029054880142
1759521220.227194,2025-10-03 19:53:40.227194071,200.0,56.09999847412109,0.0,20.0,5990.942178964615
1759521229.685475,2025-10-03 19:53:49.685475349,200.0,56.0,0.0,20.0,6000.4004600048065
1759521233.8365135,2025-10-03 19:53:53.836513519,200.0,55.900001525878906,0.0,20.0,6004.551498413086
1759521239.315364,2025-10-03 19:53:59.315364122,200.0,56.0,0.0,20.0,6010.030348777771
1759521252.326448,2025-10-03 19:54:12.326447964,200.0,56.09999847412109,0.0,20.0,6023.041432857513
1759521257.5329635,2025-10-03 19:54:17.532963514,200.0,56.20000076293945,0.0,20.0,6028.247948408127
1759521261.2446525,2025-10-03 19:54:21.244652510,200.0,56.29999923706055,0.0,20.0,6031.959637403488
1759521266.4915524,2025-10-03 19:54:26.491552353,200.0,56.20000076293945,0.0,20.0,6037.206537246704
1759521270.7106905,2025-10-03 19:54:30.710690498,200.0,56.09999847412109,0.0,20.0,6041.425675392151
1759521271.0062835,2025-10-03 19:54:31.006283522,200.0,56.20000076293945,0.0,20.0,6041.721268415451
1759521274.3896303,2025-10-03 19:54:34.389630318,200.0,56.09999847412109,0.0,20.0,6045.104615211487
1759521274.5111809,2025-10-03 19:54:34.511180878,200.0,56.20000076293945,0.0,20.0,6045.226165771484
1759521274.8175936,2025-10-03 19:54:34.817593575,200.0,56.09999847412109,0.0,20.0,6045.532578468323
1759521275.005772,2025-10-03 19:54:35.005771875,200.0,56.20000076293945,0.0,20.0,6045.720757007599
1759521275.309934,2025-10-03 19:54:35.309934139,200.0,56.09999847412109,0.0,20.0,6046.024918794632
1759521277.2321727,2025-10-03 19:54:37.232172728,200.0,56.0,0.0,20.0,6047.947157621384
1759521278.8111494,2025-10-03 19:54:38.811149359,200.0,55.900001525878906,0.0,20.0,6049.526134252548
1759521280.1919146,2025-10-03 19:54:40.191914558,200.0,55.79999923706055,0.0,20.0,6050.9068994522095
1759521281.7128685,2025-10-03 19:54:41.712868452,200.0,55.70000076293945,0.0,20.0,6052.427853345871
1759521283.5868895,2025-10-03 19:54:43.586889505,200.0,55.59999847412109,0.0,20.0,6054.301874399185
1759521286.4352577,2025-10-03 19:54:46.435257673,200.0,55.5,0.0,20.0,6057.150242567062
1759521289.6968167,2025-10-03 19:54:49.696816683,200.0,55.59999847412109,0.0,20.0,6060.411801576614
1759521292.686982,2025-10-03 19:54:52.686981916,200.0,55.70000076293945,0.0,20.0,6063.401966810226
1759521294.6845512,2025-10-03 19:54:54.684551239,200.0,55.79999923706055,0.0,20.0,6065.3995361328125
1759521295.2468174,2025-10-03 19:54:55.246817350,200.0,55.900001525878906,0.0,20.0,6065.961802244186
1759521295.6257858,2025-10-03 19:54:55.625785828,200.0,56.0,0.0,20.0,6066.340770721436
1759521296.233802,2025-10-03 19:54:56.233802080,200.0,56.09999847412109,0.0,20.0,6066.948786973953
1759521296.732782,2025-10-03 19:54:56.732782125,200.0,56.20000076293945,0.0,20.0,6067.447766780853
1759521297.3279023,2025-10-03 19:54:57.327902317,200.0,56.29999923706055,0.0,20.0,6068.042887210846
1759521297.6953473,2025-10-03 19:54:57.695347309,200.0,56.400001525878906,0.0,20.0,6068.410332202911
1759521298.2907066,2025-10-03 19:54:58.290706635,200.0,56.5,0.0,20.0,6069.00569152832
1759521298.8368578,2025-10-03 19:54:58.836857796,200.0,56.59999847412109,0.0,20.0,6069.551842689514
1759521299.3922875,2025-10-03 19:54:59.392287493,200.0,56.70000076293945,0.0,20.0,6070.107272386551
1759521307.3878844,2025-10-03 19:55:07.387884378,200.0,56.59999847412109,0.0,20.0,6078.102869272232
1759521307.5074265,2025-10-03 19:55:07.507426261,200.0,56.70000076293945,0.0,20.0,6078.222411394119
1759521312.088953,2025-10-03 19:55:12.088953018,200.0,56.79999923706055,0.0,20.0,6082.803937911987
1759521317.5317822,2025-10-03 19:55:17.531782149,200.0,56.900001525878906,0.0,20.0,6088.246767044067
1759521318.1267931,2025-10-03 19:55:18.126793146,200.0,56.79999923706055,0.0,20.0,6088.841778039932
1759521319.887296,2025-10-03 19:55:19.887295961,200.0,56.900001525878906,0.0,20.0,6090.602280855179
1759521320.4900706,2025-10-03 19:55:20.490070581,200.0,56.79999923706055,0.0,20.0,6091.205055475235
1759521328.223226,2025-10-03 19:55:28.223226070,200.0,56.900001525878906,0.0,80.0,6098.938210964203
1759521330.631899,2025-10-03 19:55:30.631899118,200.0,57.0,0.0,80.0,6101.346884012222
1759521331.717806,2025-10-03 19:55:31.717805862,200.0,57.09999847412109,0.0,80.0,6102.432790994644
1759521332.804419,2025-10-03 19:55:32.804419041,200.0,57.20000076293945,0.0,80.0,6103.519403934479
1759521333.8160715,2025-10-03 19:55:33.816071510,200.0,57.29999923706055,0.0,80.0,6104.531056404114
1759521334.7140064,2025-10-03 19:55:34.714006424,200.0,57.400001525878906,0.0,80.0,6105.428991317749
1759521335.4881473,2025-10-03 19:55:35.488147259,200.0,57.5,0.0,80.0,6106.203132152557
1759521336.086034,2025-10-03 19:55:36.086034060,200.0,57.59999847412109,0.0,80.0,6106.801018953323
1759521336.6209977,2025-10-03 19:55:36.620997667,200.0,57.70000076293945,0.0,80.0,6107.335982561111
1759521337.406812,2025-10-03 19:55:37.406811953,200.0,57.79999923706055,0.0,80.0,6108.12179684639
1759521337.8248053,2025-10-03 19:55:37.824805260,200.0,57.900001525878906,0.0,80.0,6108.539790153503
1759521338.4241252,2025-10-03 19:55:38.424125195,200.0,58.0,0.0,80.0,6109.139110088348
1759521338.9036915,2025-10-03 19:55:38.903691530,200.0,58.09999847412109,0.0,80.0,6109.6186764240265
1759521339.514552,2025-10-03 19:55:39.514551878,200.0,58.20000076293945,0.0,80.0,6110.229537010193
1759521339.92848,2025-10-03 19:55:39.928479910,200.0,58.29999923706055,0.0,80.0,6110.643464803696
1759521340.5466962,2025-10-03 19:55:40.546696186,200.0,58.400001525878906,0.0,80.0,6111.2616810798645
1759521341.0300128,2025-10-03 19:55:41.030012846,200.0,58.5,0.0,80.0,6111.744997739792
1759521341.3866458,2025-10-03 19:55:41.386645794,200.0,58.59999847412109,0.0,80.0,6112.101630687714
1759521341.982369,2025-10-03 19:55:41.982368946,200.0,58.70000076293945,0.0,80.0,6112.697353839874
1759521342.3990853,2025-10-03 19:55:42.399085283,200.0,58.79999923706055,0.0,80.0,6113.114070177078
1759521342.7032824,2025-10-03 19:55:42.703282356,200.0,58.900001525878906,0.0,80.0,6113.418267250061
1759521343.2401154,2025-10-03 19:55:43.240115404,200.0,59.0,0.0,80.0,6113.955100297928
1759521343.785843,2025-10-03 19:55:43.785842657,200.0,59.09999847412109,0.0,80.0,6114.500827789307
1759521344.2115226,2025-10-03 19:55:44.211522579,200.0,59.20000076293945,0.0,80.0,6114.926507472992
1759521344.6968408,2025-10-03 19:55:44.696840763,200.0,59.29999923706055,0.0,80.0,6115.411825656891
1759521345.1169145,2025-10-03 19:55:45.116914272,200.0,59.400001525878906,0.0,80.0,6115.831899404526
1759521345.5942578,2025-10-03 19:55:45.594257832,200.0,59.5,0.0,80.0,6116.309242725372
1759521346.0246358,2025-10-03 19:55:46.024635792,200.0,59.59999847412109,0.0,80.0,6116.739620685577
1759521346.5027742,2025-10-03 19:55:46.502774238,200.0,59.70000076293945,0.0,80.0,6117.217759132385
1759521346.9188795,2025-10-03 19:55:46.918879509,200.0,59.79999923706055,0.0,80.0,6117.633864402771
1759521347.5970137,2025-10-03 19:55:47.597013712,200.0,59.900001525878906,0.0,80.0,6118.311998605728
1759521348.130286,2025-10-03 19:55:48.130285978,200.0,60.0,0.0,80.0,6118.845270872116
1759521348.500672,2025-10-03 19:55:48.500672102,200.0,60.09999847412109,0.0,80.0,6119.215656995773
1759521349.039666,2025-10-03 19:55:49.039665937,200.0,60.20000076293945,0.0,80.0,6119.7546508312225
1759521349.3990707,2025-10-03 19:55:49.399070740,200.0,60.29999923706055,0.0,80.0,6120.114055633545
1759521349.888199,2025-10-03 19:55:49.888199329,200.0,60.400001525878906,0.0,80.0,6120.6031839847565
1759521350.3045723,2025-10-03 19:55:50.304572344,200.0,60.5,0.0,80.0,6121.019557237625
1759521350.7842686,2025-10-03 19:55:50.784268618,200.0,60.59999847412109,0.0,80.0,6121.499253511429
1759521351.0875864,2025-10-03 19:55:51.087586403,200.0,60.70000076293945,0.0,80.0,6121.802571296692
1759521351.50136,2025-10-03 19:55:51.501359939,200.0,60.79999923706055,0.0,80.0,6122.216344833374
1759521351.9897623,2025-10-03 19:55:51.989762306,200.0,60.900001525878906,0.0,80.0,6122.704747200012
1759521352.2255344,2025-10-03 19:55:52.225534439,200.0,61.0,0.0,80.0,6122.940519332886
1759521352.525803,2025-10-03 19:55:52.525803088,200.0,61.09999847412109,0.0,80.0,6123.240787982941
1759521353.0075245,2025-10-03 19:55:53.007524252,200.0,61.20000076293945,0.0,80.0,6123.722509384155
1759521353.3038535,2025-10-03 19:55:53.303853512,200.0,61.29999923706055,0.0,80.0,6124.018838405609
1759521353.7169776,2025-10-03 19:55:53.716977596,200.0,61.400001525878906,0.0,80.0,6124.431962490082
1759521354.013528,2025-10-03 19:55:54.013527870,200.0,61.5,0.0,80.0,6124.728513002396
1759521354.5068452,2025-10-03 19:55:54.506845236,200.0,61.59999847412109,0.0,80.0,6125.221830129623
1759521354.805876,2025-10-03 19:55:54.805876017,200.0,61.70000076293945,0.0,80.0,6125.520860910416
1759521355.2302508,2025-10-03 19:55:55.230250835,200.0,61.79999923706055,0.0,80.0,6125.9452357292175
1759521355.5292382,2025-10-03 19:55:55.529238224,200.0,61.900001525878906,0.0,80.0,6126.244223117828
1759521355.8376808,2025-10-03 19:55:55.837680817,200.0,62.0,0.0,80.0,6126.552665710449
1759521356.3162773,2025-10-03 19:55:56.316277266,200.0,62.09999847412109,0.0,80.0,6127.0312621593475
1759521356.6184468,2025-10-03 19:55:56.618446827,200.0,62.20000076293945,0.0,80.0,6127.333431720734
1759521356.9806406,2025-10-03 19:55:56.980640650,200.0,62.29999923706055,0.0,80.0,6127.695625543594
1759521357.339558,2025-10-03 19:55:57.339558125,200.0,62.400001525878906,0.0,80.0,6128.0545427799225
1759521357.710539,2025-10-03 19:55:57.710539341,200.0,62.5,0.0,80.0,6128.425523996353
1759521358.017846,2025-10-03 19:55:58.017846107,200.0,62.59999847412109,0.0,80.0,6128.732831001282
1759521358.4937878,2025-10-03 19:55:58.493787766,200.0,62.70000076293945,0.0,80.0,6129.208772659302
1759521358.7957387,2025-10-03 19:55:58.795738697,200.0,62.79999923706055,0.0,80.0,6129.510723590851
1759521359.2088838,2025-10-03 19:55:59.208883762,200.0,62.900001525878906,0.0,80.0,6129.923868656158
1759521359.5037014,2025-10-03 19:55:59.503701448,200.0,63.0,0.0,80.0,6130.218686342239
1759521359.806041,2025-10-03 19:55:59.806041002,200.0,63.09999847412109,0.0,80.0,6130.521025896072
1759521360.281284,2025-10-03 19:56:00.281284094,200.0,63.20000076293945,0.0,80.0,6130.996268987656
1759521360.58104,2025-10-03 19:56:00.581039906,200.0,63.29999923706055,0.0,80.0,6131.296024799347
1759521360.884557,2025-10-03 19:56:00.884557009,200.0,63.400001525878906,0.0,80.0,6131.599541902542
1759521361.190056,2025-10-03 19:56:01.190056086,200.0,63.5,0.0,80.0,6131.905040979385
1759521361.4943836,2025-10-03 19:56:01.494383574,200.0,63.59999847412109,0.0,80.0,6132.209368467331
1759521361.90624,2025-10-03 19:56:01.906239986,200.0,63.70000076293945,0.0,80.0,6132.6212248802185
1759521362.2082174,2025-10-03 19:56:02.208217382,200.0,63.79999923706055,0.0,80.0,6132.92320227623
1759521362.5043375,2025-10-03 19:56:02.504337549,200.0,63.900001525878906,0.0,80.0,6133.219322443008
1759521362.7995343,2025-10-03 19:56:02.799534321,200.0,64.0,0.0,80.0,6133.51451921463
1759521363.217877,2025-10-03 19:56:03.217876673,200.0,64.0999984741211,0.0,80.0,6133.932861804962
1759521363.525519,2025-10-03 19:56:03.525518893,200.0,64.19999694824219,0.0,80.0,6134.240503787994
1759521363.8237166,2025-10-03 19:56:03.823716640,200.0,64.30000305175781,0.0,80.0,6134.538701534271
1759521364.122954,2025-10-03 19:56:04.122953892,200.0,64.4000015258789,0.0,80.0,6134.837938785553
1759521364.4283166,2025-10-03 19:56:04.428316593,200.0,64.5,0.0,80.0,6135.143301486969
1759521364.736082,2025-10-03 19:56:04.736082077,200.0,64.5999984741211,0.0,80.0,6135.451066970825
1759521364.9831915,2025-10-03 19:56:04.983191490,200.0,64.69999694824219,0.0,80.0,6135.698176383972
1759521365.5210462,2025-10-03 19:56:05.521046162,200.0,64.80000305175781,0.0,80.0,6136.23603105545
1759521365.5814366,2025-10-03 19:56:05.581436634,200.0,64.9000015258789,0.0,80.0,6136.296421527863
1759521366.1205592,2025-10-03 19:56:06.120559216,200.0,65.0,0.0,80.0,6136.8355441093445
1759521366.4154766,2025-10-03 19:56:06.415476561,200.0,65.0999984741211,0.0,80.0,6137.1304614543915
1759521366.7159307,2025-10-03 19:56:06.715930700,200.0,65.19999694824219,0.0,80.0,6137.430915594101
1759521367.0127428,2025-10-03 19:56:07.012742758,200.0,65.30000305175781,0.0,80.0,6137.727727651596
1759521367.309024,2025-10-03 19:56:07.309024096,200.0,65.4000015258789,0.0,80.0,6138.024008989334
1759521367.727945,2025-10-03 19:56:07.727945328,200.0,65.5,0.0,80.0,6138.442929983139
1759521368.035236,2025-10-03 19:56:08.035235882,200.0,65.5999984741211,0.0,80.0,6138.750220775604
1759521368.3361378,2025-10-03 19:56:08.336137772,200.0,65.69999694824219,0.0,80.0,6139.051122665405
1759521368.6367974,2025-10-03 19:56:08.636797428,200.0,65.80000305175781,0.0,80.0,6139.35178232193
1759521369.0053065,2025-10-03 19:56:09.005306482,200.0,65.9000015258789,0.0,80.0,6139.720291376114
1759521369.3038297,2025-10-03 19:56:09.303829670,200.0,66.0,0.0,80.0,6140.018814563751
1759521369.602319,2025-10-03 19:56:09.602319002,200.0,66.0999984741211,0.0,80.0,6140.31730389595
1759521370.0850818,2025-10-03 19:56:10.085081816,200.0,66.19999694824219,0.0,80.0,6140.800066709518
1759521370.390349,2025-10-03 19:56:10.390348911,200.0,66.30000305175781,0.0,80.0,6141.105333805084
1759521370.802057,2025-10-03 19:56:10.802057028,200.0,66.4000015258789,0.0,80.0,6141.517041921616
1759521371.0976286,2025-10-03 19:56:11.097628593,200.0,66.5,0.0,80.0,6141.812613487244
1759521371.417562,2025-10-03 19:56:11.417562008,200.0,66.5999984741211,0.0,80.0,6142.132546901703
1759521371.904579,2025-10-03 19:56:11.904578924,200.0,66.69999694824219,0.0,80.0,6142.619563817978
1759521372.2027082,2025-10-03 19:56:12.202708244,200.0,66.80000305175781,0.0,80.0,6142.917693138123
1759521372.5118604,2025-10-03 19:56:12.511860371,200.0,66.9000015258789,0.0,80.0,6143.226845264435
1759521372.8067338,2025-10-03 19:56:12.806733847,200.0,67.0,0.0,80.0,6143.521718740463
1759521372.9849129,2025-10-03 19:56:12.984912872,200.0,67.0999984741211,0.0,80.0,6143.699897766113
1759521373.2806408,2025-10-03 19:56:13.280640841,200.0,67.19999694824219,0.0,80.0,6143.995625734329
1759521373.5865116,2025-10-03 19:56:13.586511612,200.0,67.30000305175781,0.0,80.0,6144.301496505737
1759521373.8900948,2025-10-03 19:56:13.890094757,200.0,67.4000015258789,0.0,80.0,6144.605079650879
1759521374.4254067,2025-10-03 19:56:14.425406694,200.0,67.5,0.0,80.0,6145.140391588211
1759521374.7401395,2025-10-03 19:56:14.740139723,200.0,67.5999984741211,0.0,80.0,6145.455124378204
1759521374.9846172,2025-10-03 19:56:14.984617233,200.0,67.69999694824219,0.0,80.0,6145.699602127075
1759521375.2900026,2025-10-03 19:56:15.290002584,200.0,67.80000305175781,0.0,80.0,6146.004987478256
1759521375.585034,2025-10-03 19:56:15.585034132,200.0,67.9000015258789,0.0,80.0,6146.300018787384
1759521375.8840995,2025-10-03 19:56:15.884099483,200.0,68.0,0.0,80.0,6146.599084377289
1759521376.1852438,2025-10-03 19:56:16.185243845,200.0,68.0999984741211,0.0,80.0,6146.900228738785
1759521376.604695,2025-10-03 19:56:16.604695320,200.0,68.19999694824219,0.0,80.0,6147.31967997551
1759521376.9002829,2025-10-03 19:56:16.900282860,200.0,68.30000305175781,0.0,80.0,6147.615267753601
1759521377.2061603,2025-10-03 19:56:17.206160307,200.0,68.4000015258789,0.0,80.0,6147.921145200729
1759521377.502446,2025-10-03 19:56:17.502445936,200.0,68.5,0.0,80.0,6148.217430830002
1759521377.7965388,2025-10-03 19:56:17.796538830,200.0,68.5999984741211,0.0,80.0,6148.511523723602
1759521378.2808435,2025-10-03 19:56:18.280843735,200.0,68.69999694824219,0.0,80.0,6148.9958283901215
1759521378.532413,2025-10-03 19:56:18.532413005,200.0,68.80000305175781,0.0,80.0,6149.247397899628
1759521379.0175114,2025-10-03 19:56:19.017511368,200.0,68.9000015258789,0.0,80.0,6149.732496261597
1759521379.3178327,2025-10-03 19:56:19.317832708,200.0,69.0,0.0,80.0,6150.032817602158
1759521379.617108,2025-10-03 19:56:19.617108107,200.0,69.0999984741211,0.0,80.0,6150.332093000412
1759521380.036869,2025-10-03 19:56:20.036869049,200.0,69.19999694824219,0.0,80.0,6150.751853942871
1759521380.3306038,2025-10-03 19:56:20.330603838,200.0,69.30000305175781,0.0,80.0,6151.045588731766
1759521380.636845,2025-10-03 19:56:20.636845112,200.0,69.4000015258789,0.0,80.0,6151.351830005646
1759521380.936439,2025-10-03 19:56:20.936439037,200.0,69.5,0.0,80.0,6151.651423931122
1759521381.2375984,2025-10-03 19:56:21.237598419,200.0,69.5999984741211,0.0,80.0,6151.952583312988
1759521381.7138486,2025-10-03 19:56:21.713848591,200.0,69.69999694824219,0.0,80.0,6152.42883348465
1759521382.0151572,2025-10-03 19:56:22.015157223,200.0,69.80000305175781,0.0,80.0,6152.730142116547
1759521382.322405,2025-10-03 19:56:22.322405100,200.0,69.9000015258789,0.0,80.0,6153.037389993668
1759521382.619494,2025-10-03 19:56:22.619493961,200.0,70.0,0.0,80.0,6153.334478855133
1759521382.9812636,2025-10-03 19:56:22.981263638,200.0,70.0999984741211,0.0,80.0,6153.696248531342
1759521383.3386974,2025-10-03 19:56:23.338697433,200.0,70.19999694824219,0.0,80.0,6154.0536823272705
1759521383.63838,2025-10-03 19:56:23.638380051,200.0,70.30000305175781,0.0,80.0,6154.353364944458
1759521383.9976366,2025-10-03 19:56:23.997636557,200.0,70.4000015258789,0.0,80.0,6154.712621450424
1759521384.2964356,2025-10-03 19:56:24.296435595,200.0,70.5,0.0,80.0,6155.0114204883575
1759521384.826089,2025-10-03 19:56:24.826088905,200.0,70.5999984741211,0.0,80.0,6155.541073799133
1759521385.1306329,2025-10-03 19:56:25.130632877,200.0,70.69999694824219,0.0,80.0,6155.845617771149
1759521385.4993896,2025-10-03 19:56:25.499389648,200.0,70.80000305175781,0.0,80.0,6156.214374542236
1759521385.8015907,2025-10-03 19:56:25.801590681,200.0,70.9000015258789,0.0,80.0,6156.516575574875
1759521386.2805915,2025-10-03 19:56:26.280591726,200.0,71.0,0.0,80.0,6156.995576381683
1759521386.5845983,2025-10-03 19:56:26.584598303,200.0,71.0999984741211,0.0,80.0,6157.29958319664
1759521387.0047102,2025-10-03 19:56:27.004710197,200.0,71.19999694824219,0.0,80.0,6157.719695091248
1759521387.3046618,2025-10-03 19:56:27.304661751,200.0,71.30000305175781,0.0,80.0,6158.019646644592
1759521387.617056,2025-10-03 19:56:27.617055893,200.0,71.4000015258789,0.0,80.0,6158.332040786743
1759521388.09507,2025-10-03 19:56:28.095070124,200.0,71.5,0.0,80.0,6158.810054779053
1759521388.389736,2025-10-03 19:56:28.389735937,200.0,71.5999984741211,0.0,80.0,6159.104720830917
1759521388.6914985,2025-10-03 19:56:28.691498518,200.0,71.69999694824219,0.0,80.0,6159.406483411789
1759521388.9347048,2025-10-03 19:56:28.934704781,200.0,71.80000305175781,0.0,80.0,6159.649689674377
1759521389.2375154,2025-10-03 19:56:29.237515450,200.0,71.9000015258789,0.0,80.0,6159.952500343323
1759521389.5323102,2025-10-03 19:56:29.532310246,200.0,72.0,0.0,80.0,6160.24729514122
1759521389.7843783,2025-10-03 19:56:29.784378290,200.0,72.0999984741211,0.0,80.0,6160.499363183975
1759521390.0827973,2025-10-03 19:56:30.082797289,200.0,72.19999694824219,0.0,80.0,6160.7977821826935
1759521390.4386203,2025-10-03 19:56:30.438620329,200.0,72.30000305175781,0.0,80.0,6161.153605222702
1759521390.9186492,2025-10-03 19:56:30.918649197,200.0,72.4000015258789,0.0,80.0,6161.633634090424
1759521391.2152205,2025-10-03 19:56:31.215220451,200.0,72.5,0.0,80.0,6161.930205345154
1759521391.6273155,2025-10-03 19:56:31.627315521,200.0,72.5999984741211,0.0,80.0,6162.342300415039
1759521391.922359,2025-10-03 19:56:31.922358990,200.0,72.69999694824219,0.0,80.0,6162.637343883514
1759521392.228072,2025-10-03 19:56:32.228071928,200.0,72.80000305175781,0.0,80.0,6162.943056821823
1759521392.5306892,2025-10-03 19:56:32.530689239,200.0,72.9000015258789,0.0,80.0,6163.245674133301
1759521393.0025475,2025-10-03 19:56:33.002547503,200.0,73.0,0.0,80.0,6163.7175323963165
1759521393.3246677,2025-10-03 19:56:33.324667454,200.0,73.0999984741211,0.0,80.0,6164.039652585983
1759521393.6218426,2025-10-03 19:56:33.621842623,200.0,73.19999694824219,0.0,80.0,6164.336827516556
1759521393.9831848,2025-10-03 19:56:33.983184814,200.0,73.30000305175781,0.0,80.0,6164.698169708252
1759521394.2811012,2025-10-03 19:56:34.281101227,200.0,73.4000015258789,0.0,80.0,6164.9960861206055
1759521394.6998668,2025-10-03 19:56:34.699866772,200.0,73.5,0.0,80.0,6165.414851665497
1759521395.0016627,2025-10-03 19:56:35.001662731,200.0,73.5999984741211,0.0,80.0,6165.7166476249695
1759521395.4867766,2025-10-03 19:56:35.486776590,200.0,73.69999694824219,0.0,80.0,6166.201761484146
1759521395.7913198,2025-10-03 19:56:35.791319847,200.0,73.80000305175781,0.0,80.0,6166.506304740906
1759521396.2106445,2025-10-03 19:56:36.210644484,200.0,73.9000015258789,0.0,80.0,6166.925629377365
1759521396.5056572,2025-10-03 19:56:36.505657196,200.0,74.0,0.0,80.0,6167.220642089844
1759521396.984776,2025-10-03 19:56:36.984776020,200.0,74.0999984741211,0.0,80.0,6167.699760913849
1759521397.2807922,2025-10-03 19:56:37.280792236,200.0,74.19999694824219,0.0,80.0,6167.995777130127
1759521397.7026608,2025-10-03 19:56:37.702660799,200.0,74.30000305175781,0.0,80.0,6168.417645692825
1759521398.0073783,2025-10-03 19:56:38.007378340,200.0,74.4000015258789,0.0,80.0,6168.722363233566
1759521398.479816,2025-10-03 19:56:38.479815960,200.0,74.5,0.0,80.0,6169.194800853729
1759521398.7846253,2025-10-03 19:56:38.784625292,200.0,74.5999984741211,0.0,80.0,6169.499610185623
1759521399.232893,2025-10-03 19:56:39.232892990,200.0,74.69999694824219,0.0,80.0,6169.947877883911
1759521399.5894585,2025-10-03 19:56:39.589458466,200.0,74.80000305175781,0.0,80.0,6170.304443359375
1759521399.8876815,2025-10-03 19:56:39.887681484,200.0,74.9000015258789,0.0,80.0,6170.602666378021
1759521400.424486,2025-10-03 19:56:40.424485922,200.0,75.0,0.0,80.0,6171.139470815659
1759521400.7804172,2025-10-03 19:56:40.780417204,200.0,75.0999984741211,0.0,80.0,6171.495402097702
1759521401.1401122,2025-10-03 19:56:41.140112162,200.0,75.19999694824219,0.0,80.0,6171.855097055435
1759521401.626539,2025-10-03 19:56:41.626538992,200.0,75.30000305175781,0.0,80.0,6172.341523885727
1759521401.980289,2025-10-03 19:56:41.980288982,200.0,75.4000015258789,0.0,80.0,6172.69527387619
1759521402.5272586,2025-10-03 19:56:42.527258635,200.0,75.5,0.0,80.0,6173.242243528366
1759521402.8265147,2025-10-03 19:56:42.826514721,200.0,75.5999984741211,0.0,80.0,6173.541499614716
1759521403.1842003,2025-10-03 19:56:43.184200525,200.0,75.69999694824219,0.0,80.0,6173.899185180664
1759521403.7285497,2025-10-03 19:56:43.728549480,200.0,75.80000305175781,0.0,80.0,6174.443534612656
1759521404.084081,2025-10-03 19:56:44.084080935,200.0,75.9000015258789,0.0,80.0,6174.799065828323
1759521404.4379268,2025-10-03 19:56:44.437926769,200.0,76.0,0.0,80.0,6175.152911663055
1759521404.8143885,2025-10-03 19:56:44.814388514,200.0,76.0999984741211,0.0,80.0,6175.529373407364
1759521405.1103463,2025-10-03 19:56:45.110346317,200.0,76.19999694824219,0.0,80.0,6175.82533121109
1759521405.5845668,2025-10-03 19:56:45.584566832,200.0,76.30000305175781,0.0,80.0,6176.299551725388
1759521405.8857422,2025-10-03 19:56:45.885742188,200.0,76.4000015258789,0.0,80.0,6176.600727081299
1759521406.3082602,2025-10-03 19:56:46.308260202,200.0,76.5,0.0,80.0,6177.023245096207
1759521406.7798746,2025-10-03 19:56:46.779874563,200.0,76.5999984741211,0.0,80.0,6177.494859457016
1759521407.0869305,2025-10-03 19:56:47.086930275,200.0,76.69999694824219,0.0,80.0,6177.801915407181
1759521407.502381,2025-10-03 19:56:47.502381086,200.0,76.80000305175781,0.0,80.0,6178.217365980148
1759521407.9798782,2025-10-03 19:56:47.979878187,200.0,76.9000015258789,0.0,80.0,6178.694863080978
1759521408.2870154,2025-10-03 19:56:48.287015438,200.0,77.0,0.0,80.0,6179.002000331879
1759521408.7015448,2025-10-03 19:56:48.701544762,200.0,77.0999984741211,0.0,80.0,6179.4165296554565
1759521409.1800778,2025-10-03 19:56:49.180077791,200.0,77.19999694824219,0.0,80.0,6179.895062685013
1759521409.6199174,2025-10-03 19:56:49.619917393,200.0,77.30000305175781,0.0,80.0,6180.3349022865295
1759521409.98568,2025-10-03 19:56:49.985680103,200.0,77.4000015258789,0.0,80.0,6180.700664997101
1759521410.5300772,2025-10-03 19:56:50.530077219,200.0,77.5,0.0,80.0,6181.245062112808
1759521410.8876772,2025-10-03 19:56:50.887677193,200.0,77.5999984741211,0.0,80.0,6181.602662086487
1759521411.422199,2025-10-03 19:56:51.422199011,200.0,77.69999694824219,0.0,80.0,6182.137183904648
1759521411.7343657,2025-10-03 19:56:51.734365463,200.0,77.80000305175781,0.0,80.0,6182.449350595474
1759521412.0932035,2025-10-03 19:56:52.093203545,200.0,77.9000015258789,0.0,80.0,6182.8081884384155
1759521412.6436367,2025-10-03 19:56:52.643636703,200.0,78.0,0.0,80.0,6183.35862159729
1759521413.0098047,2025-10-03 19:56:53.009804726,200.0,78.0999984741211,0.0,80.0,6183.724789619446
1759521413.313254,2025-10-03 19:56:53.313253880,200.0,78.19999694824219,0.0,80.0,6184.0282390117645
1759521413.7887902,2025-10-03 19:56:53.788790226,200.0,78.30000305175781,0.0,80.0,6184.5037751197815
1759521414.213134,2025-10-03 19:56:54.213134050,200.0,78.4000015258789,0.0,80.0,6184.928118944168
1759521414.685551,2025-10-03 19:56:54.685550928,200.0,78.5,0.0,80.0,6185.400535821915
1759521415.107314,2025-10-03 19:56:55.107313871,200.0,78.5999984741211,0.0,80.0,6185.822299003601
1759521415.5221908,2025-10-03 19:56:55.522190809,200.0,78.69999694824219,0.0,80.0,6186.237175703049
1759521415.829064,2025-10-03 19:56:55.829064131,200.0,78.80000305175781,0.0,80.0,6186.544048786163
1759521416.3161082,2025-10-03 19:56:56.316108227,200.0,78.9000015258789,0.0,80.0,6187.031093120575
1759521416.9312763,2025-10-03 19:56:56.931276321,200.0,79.0,0.0,80.0,6187.64626121521
1759521417.2960775,2025-10-03 19:56:57.296077728,200.0,79.0999984741211,0.0,80.0,6188.011062383652
1759521417.611313,2025-10-03 19:56:57.611313343,200.0,79.19999694824219,0.0,80.0,6188.326297998428
1759521418.0935516,2025-10-03 19:56:58.093551636,200.0,79.30000305175781,0.0,80.0,6188.808536529541
1759521418.51133,2025-10-03 19:56:58.511329889,200.0,79.4000015258789,0.0,80.0,6189.226314783096
1759521418.809734,2025-10-03 19:56:58.809734106,200.0,79.5,0.0,80.0,6189.524718999863
1759521419.282969,2025-10-03 19:56:59.282968998,200.0,79.5999984741211,0.0,80.0,6189.997953891754
1759521419.7135646,2025-10-03 19:56:59.713564634,200.0,79.69999694824219,0.0,80.0,6190.428549528122
1759521420.0236332,2025-10-03 19:57:00.023633242,200.0,79.80000305175781,0.0,80.0,6190.738618135452
1759521420.383474,2025-10-03 19:57:00.383473873,200.0,79.9000015258789,0.0,80.0,6191.098459005356
1759521420.9268248,2025-10-03 19:57:00.926824808,200.0,80.0,0.0,80.0,6191.64180970192
1759521421.281028,2025-10-03 19:57:01.281028032,200.0,80.0999984741211,0.0,80.0,6191.996012926102
1759521421.8175232,2025-10-03 19:57:01.817523241,200.0,80.19999694824219,0.0,80.0,6192.532508134842
1759521422.1872644,2025-10-03 19:57:02.187264442,200.0,80.30000305175781,0.0,80.0,6192.902249336243
1759521422.7223165,2025-10-03 19:57:02.722316265,200.0,80.4000015258789,0.0,80.0,6193.437301397324
1759521423.0780573,2025-10-03 19:57:03.078057289,200.0,80.5,0.0,80.0,6193.793042182922
1759521423.386661,2025-10-03 19:57:03.386661053,200.0,80.5999984741211,0.0,80.0,6194.101645946503
1759521423.9244337,2025-10-03 19:57:03.924433470,200.0,80.69999694824219,0.0,80.0,6194.63941860199
1759521424.2903287,2025-10-03 19:57:04.290328741,200.0,80.80000305175781,0.0,80.0,6195.005313634872
1759521424.590338,2025-10-03 19:57:04.590337992,200.0,80.9000015258789,0.0,80.0,6195.305322885513
1759521425.12439,2025-10-03 19:57:05.124390125,200.0,81.0,0.0,80.0,6195.839374780655
1759521425.4859576,2025-10-03 19:57:05.485957623,200.0,81.0999984741211,0.0,80.0,6196.200942516327
1759521425.783016,2025-10-03 19:57:05.783015966,200.0,81.19999694824219,0.0,80.0,6196.498000860214
1759521426.2008152,2025-10-03 19:57:06.200815201,200.0,81.30000305175781,0.0,80.0,6196.9158000946045
1759521426.6795518,2025-10-03 19:57:06.679551840,200.0,81.4000015258789,0.0,80.0,6197.394536733627
1759521426.9823194,2025-10-03 19:57:06.982319355,200.0,81.5,0.0,80.0,6197.69730424881
1759521427.3985658,2025-10-03 19:57:07.398565769,200.0,81.5999984741211,0.0,80.0,6198.113550662994
1759521427.7014854,2025-10-03 19:57:07.701485395,200.0,81.69999694824219,0.0,80.0,6198.41647028923
1759521428.1875334,2025-10-03 19:57:08.187533379,200.0,81.80000305175781,0.0,80.0,6198.9025182724
1759521428.6009333,2025-10-03 19:57:08.600933313,200.0,81.9000015258789,0.0,80.0,6199.315918207169
1759521429.0921652,2025-10-03 19:57:09.092165232,200.0,82.0,0.0,80.0,6199.8071501255035
1759521429.503244,2025-10-03 19:57:09.503243923,200.0,82.0999984741211,0.0,80.0,6200.218228816986
1759521429.9838548,2025-10-03 19:57:09.983854771,200.0,82.19999694824219,0.0,80.0,6200.698839664459
1759521430.4147058,2025-10-03 19:57:10.414705753,200.0,82.30000305175781,0.0,80.0,6201.129690647125
1759521430.8883965,2025-10-03 19:57:10.888396263,200.0,82.4000015258789,0.0,80.0,6201.60338139534
1759521431.4365025,2025-10-03 19:57:11.436502457,200.0,82.5,0.0,80.0,6202.151487350464
1759521431.9152207,2025-10-03 19:57:11.915220737,200.0,82.5999984741211,0.0,80.0,6202.630205631256
1759521432.3319807,2025-10-03 19:57:12.331980705,200.0,82.69999694824219,0.0,80.0,6203.04696559906
1759521432.8101578,2025-10-03 19:57:12.810157776,200.0,82.80000305175781,0.0,80.0,6203.525142669678
1759521433.222928,2025-10-03 19:57:13.222928047,200.0,82.9000015258789,0.0,80.0,6203.937912940979
1759521433.7085698,2025-10-03 19:57:13.708569765,200.0,83.0,0.0,80.0,6204.42355465889
1759521434.133984,2025-10-03 19:57:14.133984089,200.0,83.0999984741211,0.0,80.0,6204.8489689826965
1759521434.6794443,2025-10-03 19:57:14.679444313,200.0,83.19999694824219,0.0,80.0,6205.394429206848
1759521435.2183158,2025-10-03 19:57:15.218315840,200.0,83.30000305175781,0.0,80.0,6205.933300733566
1759521435.5805247,2025-10-03 19:57:15.580524683,200.0,83.4000015258789,0.0,80.0,6206.2955095767975
1759521436.1301117,2025-10-03 19:57:16.130111694,200.0,83.5,0.0,80.0,6206.845096588135
1759521436.4874432,2025-10-03 19:57:16.487443209,200.0,83.5999984741211,0.0,80.0,6207.202428102493
1759521436.906462,2025-10-03 19:57:16.906461954,200.0,83.69999694824219,0.0,80.0,6207.621446847916
1759521437.3901384,2025-10-03 19:57:17.390138388,200.0,83.80000305175781,0.0,80.0,6208.105123281479
1759521437.8046577,2025-10-03 19:57:17.804657459,200.0,83.9000015258789,0.0,80.0,6208.519642591476
1759521438.288085,2025-10-03 19:57:18.288084984,200.0,84.0,0.0,80.0,6209.0030698776245
1759521438.701117,2025-10-03 19:57:18.701117039,200.0,84.0999984741211,0.0,80.0,6209.416101932526
1759521439.1833444,2025-10-03 19:57:19.183344364,200.0,84.19999694824219,0.0,80.0,6209.898329257965
1759521439.492726,2025-10-03 19:57:19.492726088,200.0,84.30000305175781,0.0,80.0,6210.207710981369
1759521439.9112203,2025-10-03 19:57:19.911220312,200.0,84.4000015258789,0.0,80.0,6210.626205205917
1759521440.3873518,2025-10-03 19:57:20.387351751,200.0,84.5,0.0,80.0,6211.102336645126
1759521440.8173115,2025-10-03 19:57:20.817311525,200.0,84.5999984741211,0.0,80.0,6211.532296419144
1759521441.299432,2025-10-03 19:57:21.299432039,200.0,84.69999694824219,0.0,80.0,6212.01441693306
1759521441.784219,2025-10-03 19:57:21.784219027,200.0,84.80000305175781,0.0,80.0,6212.499203920364
1759521442.3225503,2025-10-03 19:57:22.322550297,200.0,84.9000015258789,0.0,80.0,6213.037535190582
1759521442.6816142,2025-10-03 19:57:22.681614161,200.0,85.0,0.0,80.0,6213.396599054337
1759521443.2171414,2025-10-03 19:57:23.217141390,200.0,85.0999984741211,0.0,80.0,6213.932126283646
1759521443.5804222,2025-10-03 19:57:23.580422163,200.0,85.19999694824219,0.0,80.0,6214.2954070568085
1759521444.085446,2025-10-03 19:57:24.085446119,200.0,85.30000305175781,0.0,80.0,6214.800430774689
1759521444.508081,2025-10-03 19:57:24.508080959,200.0,85.4000015258789,0.0,80.0,6215.223065853119
1759521444.8025572,2025-10-03 19:57:24.802557230,200.0,85.5,0.0,80.0,6215.517542123795
1759521445.2820857,2025-10-03 19:57:25.282085657,200.0,85.5999984741211,0.0,80.0,6215.997070550919
1759521445.697361,2025-10-03 19:57:25.697360992,200.0,85.69999694824219,0.0,80.0,6216.4123458862305
1759521446.1843164,2025-10-03 19:57:26.184316397,200.0,85.80000305175781,0.0,80.0,6216.899301290512
1759521446.6058457,2025-10-03 19:57:26.605845690,200.0,85.9000015258789,0.0,80.0,6217.320830583572
1759521447.0195484,2025-10-03 19:57:27.019548416,200.0,86.0,0.0,80.0,6217.7345333099365
1759521447.5137148,2025-10-03 19:57:27.513714790,200.0,86.0999984741211,0.0,80.0,6218.228699684143
1759521448.119702,2025-10-03 19:57:28.119701862,200.0,86.19999694824219,0.0,80.0,6218.834686994553
1759521448.488209,2025-10-03 19:57:28.488209009,200.0,86.30000305175781,0.0,80.0,6219.203193902969
1759521449.0825262,2025-10-03 19:57:29.082526207,200.0,86.4000015258789,0.0,80.0,6219.797511100769
1759521449.6844077,2025-10-03 19:57:29.684407711,200.0,86.5,0.0,80.0,6220.399392604828
1759521450.2204056,2025-10-03 19:57:30.220405579,200.0,86.5999984741211,0.0,80.0,6220.935390472412
1759521450.8265543,2025-10-03 19:57:30.826554298,200.0,86.69999694824219,0.0,80.0,6221.5415391922
1759521451.197059,2025-10-03 19:57:31.197058916,200.0,86.80000305175781,0.0,80.0,6221.912043809891
1759521451.4989014,2025-10-03 19:57:31.498901367,200.0,86.9000015258789,0.0,80.0,6222.213886260986
1759521451.9207933,2025-10-03 19:57:31.920793295,200.0,87.0,0.0,80.0,6222.635778188705
1759521452.515386,2025-10-03 19:57:32.515385866,200.0,87.0999984741211,0.0,80.0,6223.230370998383
1759521452.8116927,2025-10-03 19:57:32.811692715,200.0,87.19999694824219,0.0,80.0,6223.52667760849
1759521453.2925398,2025-10-03 19:57:33.292539835,200.0,87.30000305175781,0.0,80.0,6224.007524728775
1759521453.713601,2025-10-03 19:57:33.713601112,200.0,87.4000015258789,0.0,80.0,6224.428586006165
1759521454.1871238,2025-10-03 19:57:34.187123775,200.0,87.5,0.0,80.0,6224.902108669281
1759521454.626428,2025-10-03 19:57:34.626427889,200.0,87.5999984741211,0.0,80.0,6225.341412782669
1759521455.1034706,2025-10-03 19:57:35.103470564,200.0,87.69999694824219,0.0,80.0,6225.818455457687
1759521455.699028,2025-10-03 19:57:35.699028015,200.0,87.80000305175781,0.0,80.0,6226.414012908936
1759521456.2975562,2025-10-03 19:57:36.297556162,200.0,87.9000015258789,0.0,80.0,6227.012541055679
1759521456.7207778,2025-10-03 19:57:36.720777750,200.0,88.0,0.0,80.0,6227.435762643814
1759521457.3168116,2025-10-03 19:57:37.316811562,200.0,88.0999984741211,0.0,80.0,6228.031796455383
1759521457.9224498,2025-10-03 19:57:37.922449827,200.0,88.19999694824219,0.0,80.0,6228.637434720993
1759521458.5293334,2025-10-03 19:57:38.529333352,200.0,88.30000305175781,0.0,80.0,6229.244318246841
1759521459.1251569,2025-10-03 19:57:39.125156879,200.0,88.4000015258789,0.0,80.0,6229.840141773224
1759521459.480907,2025-10-03 19:57:39.480906963,200.0,88.5,0.0,80.0,6230.195891857147
1759521460.0906162,2025-10-03 19:57:40.090616226,200.0,88.5999984741211,0.0,80.0,6230.805601119995
1759521460.683925,2025-10-03 19:57:40.683924913,200.0,88.69999694824219,0.0,80.0,6231.398909807205
1759521461.223688,2025-10-03 19:57:41.223687887,200.0,88.80000305175781,0.0,80.0,6231.938672780991
1759521461.5948389,2025-10-03 19:57:41.594838858,200.0,88.9000015258789,0.0,80.0,6232.30982375145
1759521462.1912267,2025-10-03 19:57:42.191226721,200.0,89.0,0.0,80.0,6232.906211614609
1759521462.6173942,2025-10-03 19:57:42.617394209,200.0,89.0999984741211,0.0,80.0,6233.332379102707
1759521463.2153478,2025-10-03 19:57:43.215347767,200.0,89.19999694824219,0.0,80.0,6233.930332660675
1759521463.7082176,2025-10-03 19:57:43.708217621,200.0,89.30000305175781,0.0,80.0,6234.423202514648
1759521464.2991166,2025-10-03 19:57:44.299116611,200.0,89.4000015258789,0.0,80.0,6235.0141015052795
1759521464.7231562,2025-10-03 19:57:44.723156214,200.0,89.5,0.0,80.0,6235.438141107559
1759521465.2062657,2025-10-03 19:57:45.206265688,200.0,89.5999984741211,0.0,80.0,6235.921250581741
1759521465.6213825,2025-10-03 19:57:45.621382475,200.0,89.69999694824219,0.0,80.0,6236.336367368698
1759521466.101153,2025-10-03 19:57:46.101152658,200.0,89.80000305175781,0.0,80.0,6236.81613779068
1759521466.517274,2025-10-03 19:57:46.517273903,200.0,89.9000015258789,0.0,80.0,6237.232258796692
1759521467.0078485,2025-10-03 19:57:47.007848501,200.0,90.0,0.0,80.0,6237.722833395004
1759521467.421832,2025-10-03 19:57:47.421832085,200.0,90.0999984741211,0.0,80.0,6238.136816978455
1759521467.8356109,2025-10-03 19:57:47.835610867,200.0,90.1999969482422,0.0,80.0,6238.5505957603455
1759521468.0786586,2025-10-03 19:57:48.078658581,200.0,90.3000030517578,0.0,80.0,6238.793643474579
1759521468.628721,2025-10-03 19:57:48.628720999,200.0,90.4000015258789,0.0,80.0,6239.343705892563
1759521468.9837532,2025-10-03 19:57:48.983753204,200.0,90.5,0.0,80.0,6239.6987380981445
1759521469.5875242,2025-10-03 19:57:49.587524176,200.0,90.5999984741211,0.0,80.0,6240.302509069443
1759521470.117898,2025-10-03 19:57:50.117897987,200.0,90.6999969482422,0.0,80.0,6240.832882881165
1759521470.723062,2025-10-03 19:57:50.723062038,200.0,90.8000030517578,0.0,80.0,6241.4380469322205
1759521471.3199117,2025-10-03 19:57:51.319911718,200.0,90.9000015258789,0.0,80.0,6242.034896612167
1759521471.9314158,2025-10-03 19:57:51.931415796,200.0,91.0,0.0,80.0,6242.646400690079
1759521472.59365,2025-10-03 19:57:52.593649864,200.0,91.0999984741211,0.0,80.0,6243.308634996414
1759521473.0181782,2025-10-03 19:57:53.018178225,200.0,91.1999969482422,0.0,80.0,6243.733163118362
1759521473.6195977,2025-10-03 19:57:53.619597673,200.0,91.3000030517578,0.0,80.0,6244.334582567215
1759521474.2184982,2025-10-03 19:57:54.218498230,200.0,91.4000015258789,0.0,80.0,6244.933483123779
1759521474.8089275,2025-10-03 19:57:54.808927536,200.0,91.5,0.0,80.0,6245.52391242981
1759521475.301985,2025-10-03 19:57:55.301985025,200.0,91.5999984741211,0.0,80.0,6246.016969919205
1759521476.025979,2025-10-03 19:57:56.025979042,200.0,91.6999969482422,0.0,80.0,6246.740963935852
1759521476.511419,2025-10-03 19:57:56.511419058,200.0,91.8000030517578,0.0,80.0,6247.226403951645
1759521476.9292347,2025-10-03 19:57:56.929234743,200.0,91.9000015258789,0.0,80.0,6247.644219636917
1759521477.476751,2025-10-03 19:57:57.476751089,200.0,92.0,0.0,80.0,6248.191735982895
1759521478.01499,2025-10-03 19:57:58.014990091,200.0,92.0999984741211,0.0,80.0,6248.729974985123
1759521478.3832176,2025-10-03 19:57:58.383217573,200.0,92.1999969482422,0.0,80.0,6249.098202466965
1759521478.8199337,2025-10-03 19:57:58.819933653,200.0,92.3000030517578,0.0,80.0,6249.534918546677
1759521479.3002732,2025-10-03 19:57:59.300273180,200.0,92.4000015258789,0.0,80.0,6250.015258073807
1759521479.6767786,2025-10-03 19:57:59.676778555,200.0,92.5,0.0,80.0,6250.391763448715
1759521480.214653,2025-10-03 19:58:00.214653015,200.0,92.5999984741211,0.0,80.0,6250.929637908936
1759521480.8154447,2025-10-03 19:58:00.815444708,200.0,92.6999969482422,0.0,80.0,6251.530429601669
1759521481.2316704,2025-10-03 19:58:01.231670380,200.0,92.8000030517578,0.0,80.0,6251.9466552734375
1759521481.828342,2025-10-03 19:58:01.828341961,200.0,92.9000015258789,0.0,80.0,6252.543326854706
1759521482.6162615,2025-10-03 19:58:02.616261721,200.0,93.0,0.0,80.0,6253.331246376038
1759521483.2230835,2025-10-03 19:58:03.223083496,200.0,93.0999984741211,0.0,80.0,6253.938068389893
1759521483.696318,2025-10-03 19:58:03.696317911,200.0,93.1999969482422,0.0,80.0,6254.411302804947
1759521484.4796748,2025-10-03 19:58:04.479674816,200.0,93.3000030517578,0.0,80.0,6255.19465970993
1759521485.082294,2025-10-03 19:58:05.082293987,200.0,93.4000015258789,0.0,80.0,6255.797278881073
1759521485.6892602,2025-10-03 19:58:05.689260244,200.0,93.5,0.0,80.0,6256.404245138168
1759521486.2903228,2025-10-03 19:58:06.290322781,200.0,93.5999984741211,0.0,80.0,6257.005307674408
1759521486.71421,2025-10-03 19:58:06.714210033,200.0,93.6999969482422,0.0,80.0,6257.429194927216
1759521487.318525,2025-10-03 19:58:07.318525076,200.0,93.8000030517578,0.0,80.0,6258.033509969711
1759521487.9253125,2025-10-03 19:58:07.925312281,200.0,93.9000015258789,0.0,80.0,6258.640297412872
1759521488.5143418,2025-10-03 19:58:08.514341831,200.0,94.0,0.0,80.0,6259.229326725006
1759521489.0800211,2025-10-03 19:58:09.080021143,200.0,94.0999984741211,0.0,80.0,6259.795006036758
1759521489.686058,2025-10-03 19:58:09.686058044,200.0,94.1999969482422,0.0,80.0,6260.401042938232
1759521490.1100929,2025-10-03 19:58:10.110092878,200.0,94.3000030517578,0.0,80.0,6260.8250777721405
1759521490.6990871,2025-10-03 19:58:10.699087143,200.0,94.4000015258789,0.0,80.0,6261.414072036743
1759521491.3004768,2025-10-03 19:58:11.300476789,200.0,94.5,0.0,80.0,6262.015461683273
1759521491.892852,2025-10-03 19:58:11.892852068,200.0,94.5999984741211,0.0,80.0,6262.607836961746
1759521492.5065465,2025-10-03 19:58:12.506546497,200.0,94.6999969482422,0.0,80.0,6263.221531391144
1759521493.1008823,2025-10-03 19:58:13.100882530,200.0,94.8000030517578,0.0,80.0,6263.815867185593
1759521493.7009735,2025-10-03 19:58:13.700973749,200.0,94.9000015258789,0.0,80.0,6264.415958404541
1759521494.4258971,2025-10-03 19:58:14.425897121,200.0,95.0,0.0,80.0,6265.140882015228
1759521495.017796,2025-10-03 19:58:15.017796040,200.0,95.0999984741211,0.0,80.0,6265.73278093338
1759521495.6326425,2025-10-03 19:58:15.632642508,200.0,95.1999969482422,0.0,80.0,6266.347627401352
1759521496.180837,2025-10-03 19:58:16.180836678,200.0,95.3000030517578,0.0,80.0,6266.895821809769
1759521496.7320406,2025-10-03 19:58:16.732040644,200.0,95.4000015258789,0.0,80.0,6267.447025537491
1759521497.322085,2025-10-03 19:58:17.322084665,200.0,95.5,0.0,80.0,6268.037069797516
1759521497.9235237,2025-10-03 19:58:17.923523664,200.0,95.5999984741211,0.0,80.0,6268.638508558273
1759521498.5180323,2025-10-03 19:58:18.518032312,200.0,95.6999969482422,0.0,80.0,6269.233017206192
1759521498.8835833,2025-10-03 19:58:18.883583307,200.0,95.8000030517578,0.0,80.0,6269.598568201065
1759521499.497777,2025-10-03 19:58:19.497776985,200.0,95.9000015258789,0.0,80.0,6270.212761878967
1759521499.913218,2025-10-03 19:58:19.913218021,200.0,96.0,0.0,80.0,6270.628202915192
1759521500.5208611,2025-10-03 19:58:20.520861149,200.0,96.0999984741211,0.0,80.0,6271.235846042633
1759521501.119982,2025-10-03 19:58:21.119982004,200.0,96.1999969482422,0.0,80.0,6271.8349668979645
1759521501.8975787,2025-10-03 19:58:21.897578716,200.0,96.3000030517578,0.0,80.0,6272.612563610077
1759521502.5024278,2025-10-03 19:58:22.502427816,200.0,96.4000015258789,0.0,80.0,6273.21741271019
1759521503.2226384,2025-10-03 19:58:23.222638369,200.0,96.5,0.0,80.0,6273.937623262405
1759521504.1332166,2025-10-03 19:58:24.133216619,200.0,96.5999984741211,0.0,80.0,6274.84820151329
1759521505.0231688,2025-10-03 19:58:25.023168802,200.0,96.6999969482422,0.0,80.0,6275.73815369606
1759521505.9798508,2025-10-03 19:58:25.979850769,200.0,96.8000030517578,0.0,80.0,6276.694835662842
1759521506.7809482,2025-10-03 19:58:26.780948162,200.0,96.9000015258789,0.0,80.0,6277.495933055878
1759521507.6845922,2025-10-03 19:58:27.684592247,200.0,97.0,0.0,80.0,6278.399577140808
1759521508.7052398,2025-10-03 19:58:28.705239773,200.0,97.0999984741211,0.0,80.0,6279.4202246665955
1759521509.2997143,2025-10-03 19:58:29.299714327,200.0,97.1999969482422,0.0,80.0,6280.014699220657
1759521509.9765794,2025-10-03 19:58:29.976579428,200.0,97.3000030517578,0.0,80.0,6280.691564321518
1759521510.822059,2025-10-03 19:58:30.822058678,200.0,97.4000015258789,0.0,80.0,6281.537043809891
1759521511.4829774,2025-10-03 19:58:31.482977390,200.0,97.5,0.0,80.0,6282.197962284088
1759521512.0986316,2025-10-03 19:58:32.098631620,200.0,97.5999984741211,0.0,80.0,6282.813616514206
1759521512.6950598,2025-10-03 19:58:32.695059776,200.0,97.6999969482422,0.0,80.0,6283.410044670105
1759521513.3051012,2025-10-03 19:58:33.305101156,200.0,97.8000030517578,0.0,80.0,6284.020086050034
1759521513.9002025,2025-10-03 19:58:33.900202274,200.0,97.9000015258789,0.0,80.0,6284.61518740654
1759521514.677742,2025-10-03 19:58:34.677742004,200.0,98.0,0.0,80.0,6285.392726898193
1759521515.2206354,2025-10-03 19:58:35.220635414,200.0,98.0999984741211,0.0,80.0,6285.935620307922
1759521515.8237946,2025-10-03 19:58:35.823794603,200.0,98.1999969482422,0.0,80.0,6286.538779497147
1759521516.41982,2025-10-03 19:58:36.419820070,200.0,98.3000030517578,0.0,80.0,6287.134804964066
1759521517.201352,2025-10-03 19:58:37.201351881,200.0,98.4000015258789,0.0,80.0,6287.916336774826
1759521517.918238,2025-10-03 19:58:37.918237925,200.0,98.5,0.0,80.0,6288.633222818375
1759521518.8160615,2025-10-03 19:58:38.816061735,200.0,98.5999984741211,0.0,80.0,6289.531046390533
1759521519.4120753,2025-10-03 19:58:39.412075281,200.0,98.6999969482422,0.0,80.0,6290.127060174942
1759521520.2079687,2025-10-03 19:58:40.207968712,200.0,98.8000030517578,0.0,80.0,6290.922953605652
1759521520.629345,2025-10-03 19:58:40.629344940,200.0,98.9000015258789,0.0,80.0,6291.344329833984
1759521521.2261372,2025-10-03 19:58:41.226137161,200.0,99.0,0.0,80.0,6291.941122055054
1759521521.8177571,2025-10-03 19:58:41.817757130,200.0,99.0999984741211,0.0,80.0,6292.532742023468
1759521522.417529,2025-10-03 19:58:42.417529345,200.0,99.1999969482422,0.0,80.0,6293.132513999939
1759521523.135119,2025-10-03 19:58:43.135118961,200.0,99.3000030517578,0.0,80.0,6293.850103855133
1759521523.6830554,2025-10-03 19:58:43.683055401,200.0,99.4000015258789,0.0,80.0,6294.398040294647
1759521524.587399,2025-10-03 19:58:44.587399006,200.0,99.5,0.0,80.0,6295.302383899689
1759521525.5967882,2025-10-03 19:58:45.596788168,200.0,99.5999984741211,0.0,80.0,6296.311773061752
1759521526.4930367,2025-10-03 19:58:46.493036747,200.0,99.6999969482422,0.0,80.0,6297.208021640778
1759521527.2855864,2025-10-03 19:58:47.285586357,200.0,99.8000030517578,0.0,80.0,6298.0005712509155
1759521527.8818717,2025-10-03 19:58:47.881871700,200.0,99.9000015258789,0.0,80.0,6298.596856594086
1759521528.479078,2025-10-03 19:58:48.479078054,200.0,100.0,0.0,80.0,6299.194062948227
1759521529.08257,2025-10-03 19:58:49.082570076,200.0,100.0999984741211,0.0,80.0,6299.797554969788
1759521529.6807876,2025-10-03 19:58:49.680787563,200.0,100.1999969482422,0.0,80.0,6300.395772457123
1759521530.4008813,2025-10-03 19:58:50.400881290,200.0,100.3000030517578,0.0,80.0,6301.115866184235
1759521531.0018191,2025-10-03 19:58:51.001819134,200.0,100.4000015258789,0.0,80.0,6301.716804027557
1759521531.605542,2025-10-03 19:58:51.605541945,200.0,100.5,0.0,80.0,6302.320526838303
1759521532.316825,2025-10-03 19:58:52.316824675,200.0,100.5999984741211,0.0,80.0,6303.031809806824
1759521533.0982935,2025-10-03 19:58:53.098293543,200.0,100.6999969482422,0.0,80.0,6303.813278436661
1759521533.702026,2025-10-03 19:58:53.702025890,200.0,100.8000030517578,0.0,80.0,6304.417010784149
1759521534.6043406,2025-10-03 19:58:54.604340553,200.0,100.6999969482422,0.0,80.0,6305.3193254470825
1759521534.7364893,2025-10-03 19:58:54.736489296,200.0,100.5999984741211,0.0,80.0,6305.451474189758
1759521534.9849546,2025-10-03 19:58:54.984954596,200.0,100.5,0.0,80.0,6305.699939489365
1759521535.221712,2025-10-03 19:58:55.221711874,200.0,100.4000015258789,0.0,80.0,6305.936697006226
1759521535.2811875,2025-10-03 19:58:55.281187534,200.0,100.3000030517578,0.0,80.0,6305.996172428131
1759521535.5781994,2025-10-03 19:58:55.578199387,200.0,100.1999969482422,0.0,80.0,6306.2931842803955
1759521535.8166244,2025-10-03 19:58:55.816624403,200.0,100.0999984741211,0.0,80.0,6306.531609296799
1759521536.120935,2025-10-03 19:58:56.120934963,200.0,100.0,0.0,80.0,6306.835919857025
1759521536.1867547,2025-10-03 19:58:56.186754704,200.0,99.9000015258789,0.0,80.0,6306.901739597321
1759521536.3053136,2025-10-03 19:58:56.305313587,200.0,99.8000030517578,0.0,80.0,6307.020298480988
1759521536.6004171,2025-10-03 19:58:56.600417137,200.0,99.6999969482422,0.0,80.0,6307.315402030945
1759521536.777398,2025-10-03 19:58:56.777397871,200.0,99.5999984741211,0.0,80.0,6307.492383003235
1759521536.8974242,2025-10-03 19:58:56.897424221,200.0,99.5,0.0,80.0,6307.612409114838
1759521537.199623,2025-10-03 19:58:57.199623346,200.0,99.4000015258789,0.0,80.0,6307.914608001709
1759521537.3885891,2025-10-03 19:58:57.388589144,200.0,99.3000030517578,0.0,80.0,6308.103574037552
1759521537.5112607,2025-10-03 19:58:57.511260748,200.0,99.1999969482422,0.0,80.0,6308.226245641708
1759521537.8173125,2025-10-03 19:58:57.817312479,200.0,99.0999984741211,0.0,80.0,6308.532297372818
1759521537.9964788,2025-10-03 19:58:57.996478796,200.0,99.0,0.0,80.0,6308.711463689804
1759521538.2934704,2025-10-03 19:58:58.293470383,200.0,98.9000015258789,0.0,80.0,6309.008455276489
1759521538.4130044,2025-10-03 19:58:58.413004398,200.0,98.8000030517578,0.0,80.0,6309.127989292145
1759521538.5904562,2025-10-03 19:58:58.590456247,200.0,98.6999969482422,0.0,80.0,6309.3054411411285
1759521538.70778,2025-10-03 19:58:58.707780123,200.0,98.5999984741211,0.0,80.0,6309.422764778137
1759521539.4928775,2025-10-03 19:58:59.492877483,200.0,98.6999969482422,0.0,80.0,6310.207862377167
1759521539.909377,2025-10-03 19:58:59.909377098,200.0,98.8000030517578,0.0,80.0,6310.624361991882
1759521540.3866324,2025-10-03 19:59:00.386632442,200.0,98.9000015258789,0.0,80.0,6311.101617336273
1759521540.696438,2025-10-03 19:59:00.696438074,200.0,99.0,0.0,80.0,6311.411422967911
1759521541.11688,2025-10-03 19:59:01.116879940,200.0,99.0999984741211,0.0,80.0,6311.831864833832
1759521541.4741378,2025-10-03 19:59:01.474137783,200.0,99.1999969482422,0.0,80.0,6312.189122676849
1759521542.0175426,2025-10-03 19:59:02.017542601,200.0,99.3000030517578,0.0,80.0,6312.7325274944305
1759521542.378744,2025-10-03 19:59:02.378743887,200.0,99.4000015258789,0.0,80.0,6313.0937287807465
1759521543.218996,2025-10-03 19:59:03.218996048,200.0,99.5,0.0,80.0,6313.9339809417725
1759521543.5745196,2025-10-03 19:59:03.574519634,200.0,99.5999984741211,0.0,80.0,6314.289504528046
1759521543.8768592,2025-10-03 19:59:03.876859188,200.0,99.5,0.0,80.0,6314.591844081879
1759521544.121477,2025-10-03 19:59:04.121476650,200.0,99.5999984741211,0.0,80.0,6314.836461782455
1759521545.89213,2025-10-03 19:59:05.892130136,200.0,99.6999969482422,0.0,80.0,6316.60711479187
1759521546.9872837,2025-10-03 19:59:06.987283707,200.0,99.8000030517578,0.0,80.0,6317.702268600464
1759521548.382526,2025-10-03 19:59:08.382525921,200.0,99.9000015258789,0.0,80.0,6319.097510814667
1759521549.4007523,2025-10-03 19:59:09.400752306,200.0,100.0,0.0,80.0,6320.115737199783
1759521550.3000782,2025-10-03 19:59:10.300078154,200.0,100.0999984741211,0.0,80.0,6321.015063047409
1759521551.2054336,2025-10-03 19:59:11.205433607,200.0,100.1999969482422,0.0,80.0,6321.9204185009
1759521552.1229982,2025-10-03 19:59:12.122998238,200.0,100.3000030517578,0.0,80.0,6322.837983131409
1759521553.014667,2025-10-03 19:59:13.014667034,200.0,100.4000015258789,0.0,80.0,6323.729651927948
1759521553.6764576,2025-10-03 19:59:13.676457644,200.0,100.5,0.0,80.0,6324.391442537308
1759521554.5810862,2025-10-03 19:59:14.581086159,200.0,100.5999984741211,0.0,80.0,6325.296071052551
1759521555.492877,2025-10-03 19:59:15.492877007,200.0,100.6999969482422,0.0,80.0,6326.20786190033
1759521556.3301532,2025-10-03 19:59:16.330153227,200.0,100.8000030517578,0.0,80.0,6327.045138120651
1759521557.294441,2025-10-03 19:59:17.294440985,200.0,100.9000015258789,0.0,80.0,6328.009425878525
1759521558.012102,2025-10-03 19:59:18.012102127,200.0,101.0,0.0,80.0,6328.727086782455
1759521558.7861605,2025-10-03 19:59:18.786160469,200.0,101.0999984741211,0.0,80.0,6329.501145362854
1759521559.50077,2025-10-03 19:59:19.500770092,200.0,101.1999969482422,0.0,80.0,6330.215754985809
1759521560.0939295,2025-10-03 19:59:20.093929529,200.0,101.3000030517578,0.0,80.0,6330.808914422989
1759521560.6970298,2025-10-03 19:59:20.697029829,200.0,101.4000015258789,0.0,80.0,6331.412014722824
1759521561.3026748,2025-10-03 19:59:21.302674770,200.0,101.5,0.0,80.0,6332.017659664154
1759521561.9055052,2025-10-03 19:59:21.905505180,200.0,101.5999984741211,0.0,80.0,6332.620490074158
1759521562.8014534,2025-10-03 19:59:22.801453352,200.0,101.6999969482422,0.0,80.0,6333.516438245773
1759521563.515885,2025-10-03 19:59:23.515885115,200.0,101.8000030517578,0.0,80.0,6334.230870008469
1759521564.2922704,2025-10-03 19:59:24.292270422,200.0,101.9000015258789,0.0,80.0,6335.007255315781
1759521565.023718,2025-10-03 19:59:25.023717880,200.0,102.0,0.0,80.0,6335.738703012466
1759521566.0998335,2025-10-03 19:59:26.099833488,200.0,102.0999984741211,0.0,80.0,6336.814818382263
1759521566.815023,2025-10-03 19:59:26.815022945,200.0,102.1999969482422,0.0,80.0,6337.530007839203
1759521567.7137077,2025-10-03 19:59:27.713707685,200.0,102.3000030517578,0.0,80.0,6338.428692579269
1759521568.6203563,2025-10-03 19:59:28.620356321,200.0,102.4000015258789,0.0,80.0,6339.335341215134
1759521569.516257,2025-10-03 19:59:29.516257048,200.0,102.5,0.0,80.0,6340.231241941452
1759521570.4100382,2025-10-03 19:59:30.410038233,200.0,102.5999984741211,0.0,80.0,6341.125023126602
1759521571.6025703,2025-10-03 19:59:31.602570534,200.0,102.6999969482422,0.0,80.0,6342.317555189133
1759521572.5060866,2025-10-03 19:59:32.506086587,200.0,102.8000030517578,0.0,80.0,6343.221071481705
1759521573.2916503,2025-10-03 19:59:33.291650295,200.0,102.9000015258789,0.0,80.0,6344.006635189056
1759521574.1271508,2025-10-03 19:59:34.127150774,200.0,103.0,0.0,80.0,6344.842135667801
1759521574.7776833,2025-10-03 19:59:34.777683258,200.0,103.0999984741211,0.0,80.0,6345.4926681518555
1759521575.6856475,2025-10-03 19:59:35.685647726,200.0,103.1999969482422,0.0,80.0,6346.400632381439
1759521576.5262032,2025-10-03 19:59:36.526203156,200.0,103.3000030517578,0.0,80.0,6347.241188049316
1759521577.180824,2025-10-03 19:59:37.180824041,200.0,103.4000015258789,0.0,80.0,6347.895808935165
1759521578.1964426,2025-10-03 19:59:38.196442604,200.0,103.5,0.0,80.0,6348.911427497864
1759521578.985679,2025-10-03 19:59:38.985678673,200.0,103.5999984741211,0.0,80.0,6349.700663805008
1759521580.019692,2025-10-03 19:59:40.019691944,200.0,103.6999969482422,0.0,80.0,6350.734676837921
1759521581.0996966,2025-10-03 19:59:41.099696636,200.0,103.8000030517578,0.0,80.0,6351.814681529999
1759521581.9980805,2025-10-03 19:59:41.998080492,200.0,103.9000015258789,0.0,80.0,6352.7130653858185
1759521583.2041218,2025-10-03 19:59:43.204121828,200.0,104.0,0.0,80.0,6353.919106721878
1759521584.1762738,2025-10-03 19:59:44.176273823,200.0,104.0999984741211,0.0,80.0,6354.891258716583
1759521585.3781805,2025-10-03 19:59:45.378180265,200.0,104.1999969482422,0.0,80.0,6356.093165397644
1759521586.5821695,2025-10-03 19:59:46.582169533,200.0,104.3000030517578,0.0,80.0,6357.297154426575
1759521587.9044182,2025-10-03 19:59:47.904418230,200.0,104.4000015258789,0.0,80.0,6358.619403123856
1759521589.245356,2025-10-03 19:59:49.245356083,200.0,104.5,0.0,80.0,6359.960340976715
1759521590.084898,2025-10-03 19:59:50.084897995,200.0,104.5999984741211,0.0,80.0,6360.799882888794
1759521591.2216134,2025-10-03 19:59:51.221613407,200.0,104.6999969482422,0.0,80.0,6361.936598300934
1759521592.2318282,2025-10-03 19:59:52.231828213,200.0,104.8000030517578,0.0,80.0,6362.946813106537
1759521593.0197427,2025-10-03 19:59:53.019742727,200.0,104.9000015258789,0.0,80.0,6363.7347276210785
1759521593.9152312,2025-10-03 19:59:53.915231228,200.0,105.0,0.0,80.0,6364.630216121674
1759521594.691801,2025-10-03 19:59:54.691801071,200.0,105.0999984741211,0.0,80.0,6365.406785964966
1759521595.5308385,2025-10-03 19:59:55.530838251,200.0,105.1999969482422,0.0,80.0,6366.245823383331
1759521596.1974978,2025-10-03 19:59:56.197497845,200.0,105.3000030517578,0.0,80.0,6366.912482738495
1759521596.9949627,2025-10-03 19:59:56.994962692,200.0,105.4000015258789,0.0,80.0,6367.70994758606
1759521597.7292457,2025-10-03 19:59:57.729245663,200.0,105.5,0.0,80.0,6368.444230556488
1759521598.6208265,2025-10-03 19:59:58.620826483,200.0,105.5999984741211,0.0,80.0,6369.335811376572
1759521599.5854418,2025-10-03 19:59:59.585441828,200.0,105.6999969482422,0.0,80.0,6370.300426721573
1759521600.784825,2025-10-03 20:00:00.784825087,200.0,105.8000030517578,0.0,80.0,6371.4998099803925
1759521601.9254744,2025-10-03 20:00:01.925474405,200.0,105.9000015258789,0.0,80.0,6372.6404592990875
1759521603.1282675,2025-10-03 20:00:03.128267526,200.0,106.0,0.0,80.0,6373.843252420425
1759521603.9714684,2025-10-03 20:00:03.971468449,200.0,106.0999984741211,0.0,80.0,6374.686453342438
1759521604.6939762,2025-10-03 20:00:04.693976164,200.0,106.1999969482422,0.0,80.0,6375.408961057663
1759521605.5999334,2025-10-03 20:00:05.599933386,200.0,106.3000030517578,0.0,80.0,6376.314918279648
1759521606.315538,2025-10-03 20:00:06.315537930,200.0,106.4000015258789,0.0,80.0,6377.030522823334
1759521607.2154417,2025-10-03 20:00:07.215441465,200.0,106.5,0.0,80.0,6377.930426597595
1759521607.9926014,2025-10-03 20:00:07.992601395,200.0,106.5999984741211,0.0,80.0,6378.707586288452
1759521608.892164,2025-10-03 20:00:08.892163992,200.0,106.6999969482422,0.0,80.0,6379.607148885727
1759521609.783094,2025-10-03 20:00:09.783093929,200.0,106.8000030517578,0.0,80.0,6380.49807882309
1759521610.5745585,2025-10-03 20:00:10.574558496,200.0,106.9000015258789,0.0,80.0,6381.289543390274
1759521611.711337,2025-10-03 20:00:11.711337328,200.0,107.0,0.0,80.0,6382.426321983337
1759521612.9006312,2025-10-03 20:00:12.900631189,200.0,107.0999984741211,0.0,80.0,6383.615616083145
1759521614.0938058,2025-10-03 20:00:14.093805790,200.0,107.1999969482422,0.0,80.0,6384.808790683746
1759521615.1720526,2025-10-03 20:00:15.172052622,200.0,107.3000030517578,0.0,80.0,6385.88703751564
1759521616.9821427,2025-10-03 20:00:16.982142687,200.0,107.4000015258789,0.0,80.0,6387.697127580643
1759521618.431968,2025-10-03 20:00:18.431967974,200.0,107.5,0.0,80.0,6389.146952867508
1759521619.9907317,2025-10-03 20:00:19.990731716,200.0,107.5999984741211,0.0,80.0,6390.705716609955
1759521621.3120503,2025-10-03 20:00:21.312050343,200.0,107.6999969482422,0.0,80.0,6392.027035236359
1759521622.2120812,2025-10-03 20:00:22.212081194,200.0,107.8000030517578,0.0,80.0,6392.927066087723
1759521623.9056778,2025-10-03 20:00:23.905677795,200.0,107.9000015258789,0.0,80.0,6394.620662689209
1759521625.227253,2025-10-03 20:00:25.227252960,200.0,108.0,0.0,80.0,6395.942237854004
1759521627.032261,2025-10-03 20:00:27.032260894,200.0,108.0999984741211,0.0,80.0,6397.747245788574
1759521628.2978425,2025-10-03 20:00:28.297842503,200.0,108.1999969482422,0.0,80.0,6399.012827396393
1759521629.8135338,2025-10-03 20:00:29.813533783,200.0,108.3000030517578,0.0,80.0,6400.528518676758
1759521630.798221,2025-10-03 20:00:30.798221350,200.0,108.4000015258789,0.0,80.0,6401.513206005096
1759521632.0022995,2025-10-03 20:00:32.002299547,200.0,108.5,0.0,80.0,6402.717284440994
1759521633.211673,2025-10-03 20:00:33.211673021,200.0,108.5999984741211,0.0,80.0,6403.926657915115
1759521634.3038116,2025-10-03 20:00:34.303811550,200.0,108.6999969482422,0.0,80.0,6405.018796443939
1759521635.621348,2025-10-03 20:00:35.621348143,200.0,108.8000030517578,0.0,80.0,6406.336332798004
1759521637.0736525,2025-10-03 20:00:37.073652267,200.0,108.9000015258789,0.0,80.0,6407.7886373996735
1759521637.977412,2025-10-03 20:00:37.977411985,200.0,109.0,0.0,80.0,6408.692396879196
1759521638.879553,2025-10-03 20:00:38.879553080,200.0,109.0999984741211,0.0,80.0,6409.594537973404
1759521639.915692,2025-10-03 20:00:39.915691853,200.0,109.1999969482422,0.0,80.0,6410.630676984787
1759521640.8201363,2025-10-03 20:00:40.820136547,200.0,109.3000030517578,0.0,80.0,6411.535121202469
1759521641.7899923,2025-10-03 20:00:41.789992332,200.0,109.4000015258789,0.0,80.0,6412.504977226257
1759521642.9279566,2025-10-03 20:00:42.927956581,200.0,109.5,0.0,80.0,6413.642941474915
1759521644.0746467,2025-10-03 20:00:44.074646711,200.0,109.5999984741211,0.0,80.0,6414.789631605148
1759521645.7017846,2025-10-03 20:00:45.701784611,200.0,109.6999969482422,0.0,80.0,6416.416769504547
1759521647.4938052,2025-10-03 20:00:47.493805170,200.0,109.8000030517578,0.0,80.0,6418.208790063858
1759521650.0115454,2025-10-03 20:00:50.011545420,200.0,109.9000015258789,0.0,80.0,6420.726530313492
1759521650.1905005,2025-10-03 20:00:50.190500498,200.0,109.8000030517578,0.0,80.0,6420.905485391617
1759521650.3174226,2025-10-03 20:00:50.317422628,200.0,109.9000015258789,0.0,80.0,6421.0324075222015
1759521652.7722397,2025-10-03 20:00:52.772239685,200.0,110.0,0.0,80.0,6423.487224578857
1759521656.080336,2025-10-03 20:00:56.080336094,200.0,110.0999984741211,0.0,80.0,6426.795320987701
1759521658.1781518,2025-10-03 20:00:58.178151846,200.0,110.1999969482422,0.0,80.0,6428.893136739731
1759521659.6922534,2025-10-03 20:00:59.692253351,200.0,110.3000030517578,0.0,80.0,6430.40723824501
1759521661.1888697,2025-10-03 20:01:01.188869476,200.0,110.4000015258789,0.0,80.0,6431.903854608536
1759521662.582374,2025-10-03 20:01:02.582373857,200.0,110.5,0.0,80.0,6433.297358989716
1759521664.311797,2025-10-03 20:01:04.311796904,200.0,110.5999984741211,0.0,80.0,6435.026781797409
1759521665.8137612,2025-10-03 20:01:05.813761234,200.0,110.6999969482422,0.0,80.0,6436.528746128082
1759521667.3730931,2025-10-03 20:01:07.373093128,200.0,110.8000030517578,0.0,80.0,6438.088078022003
1759521669.6167777,2025-10-03 20:01:09.616777658,200.0,110.9000015258789,0.0,80.0,6440.331762552261
1759521675.8927712,2025-10-03 20:01:15.892771244,200.0,111.0,0.0,80.0,6446.607756137848
1759521676.0115716,2025-10-03 20:01:16.011571646,200.0,110.9000015258789,0.0,80.0,6446.7265565395355
1759521676.189504,2025-10-03 20:01:16.189503908,200.0,111.0,0.0,80.0,6446.904488801956
1759521678.1169956,2025-10-03 20:01:18.116995573,200.0,111.0999984741211,0.0,80.0,6448.831980466843
1759521679.890586,2025-10-03 20:01:19.890586138,200.0,111.1999969482422,0.0,80.0,6450.605570793152
1759521681.0895245,2025-10-03 20:01:21.089524269,200.0,111.3000030517578,0.0,80.0,6451.804509401321
1759521682.592545,2025-10-03 20:01:22.592545033,200.0,111.4000015258789,0.0,80.0,6453.3075299263
1759521683.6210487,2025-10-03 20:01:23.621048689,200.0,111.5,0.0,80.0,6454.336033582687
1759521684.8781388,2025-10-03 20:01:24.878138781,200.0,111.5999984741211,0.0,80.0,6455.593123674393
1759521686.6183784,2025-10-03 20:01:26.618378401,200.0,111.6999969482422,0.0,80.0,6457.333363294601
1759521688.1141558,2025-10-03 20:01:28.114155769,200.0,111.8000030517578,0.0,80.0,6458.829140663147
1759521689.4284482,2025-10-03 20:01:29.428448200,200.0,111.9000015258789,0.0,80.0,6460.143433094025
1759521690.3978112,2025-10-03 20:01:30.397811174,200.0,112.0,0.0,80.0,6461.1127960681915
1759521691.4697423,2025-10-03 20:01:31.469742537,200.0,112.0999984741211,0.0,80.0,6462.184727191925
1759521692.4814825,2025-10-03 20:01:32.481482267,200.0,112.1999969482422,0.0,80.0,6463.196467399597
1759521693.2822206,2025-10-03 20:01:33.282220602,200.0,112.3000030517578,0.0,80.0,6463.997205495834
1759521694.4167814,2025-10-03 20:01:34.416781425,200.0,112.4000015258789,0.0,80.0,6465.131766319275
1759521695.4892256,2025-10-03 20:01:35.489225626,200.0,112.5,0.0,80.0,6466.204210519791
1759521696.392068,2025-10-03 20:01:36.392068148,200.0,112.5999984741211,0.0,80.0,6467.10705280304
1759521697.7281258,2025-10-03 20:01:37.728125811,200.0,112.6999969482422,0.0,80.0,6468.443110704422
1759521699.1106446,2025-10-03 20:01:39.110644579,200.0,112.8000030517578,0.0,80.0,6469.8256294727325
1759521700.799593,2025-10-03 20:01:40.799592972,200.0,112.9000015258789,0.0,80.0,6471.514577865601
1759521702.5934885,2025-10-03 20:01:42.593488455,200.0,113.0,0.0,80.0,6473.308473348618
1759521702.7707896,2025-10-03 20:01:42.770789623,200.0,112.9000015258789,0.0,80.0,6473.485774517059
1759521702.899881,2025-10-03 20:01:42.899880886,200.0,113.0,0.0,80.0,6473.614865779877
1759521704.7202165,2025-10-03 20:01:44.720216274,200.0,113.0999984741211,0.0,80.0,6475.435201406479
1759521707.0744452,2025-10-03 20:01:47.074445248,200.0,113.1999969482422,0.0,80.0,6477.789430141449
1759521708.7011018,2025-10-03 20:01:48.701101780,200.0,113.3000030517578,0.0,80.0,6479.416086673737
1759521709.9706197,2025-10-03 20:01:49.970619678,200.0,113.4000015258789,0.0,80.0,6480.685604572296
1759521712.3777,2025-10-03 20:01:52.377700090,200.0,113.5,0.0,80.0,6483.092684984207
1759521720.710888,2025-10-03 20:02:00.710887909,200.0,113.5999984741211,0.0,80.0,6491.425872802734
1759521721.9052002,2025-10-03 20:02:01.905200243,200.0,113.6999969482422,0.0,80.0,6492.620185136795
1759521723.2728312,2025-10-03 20:02:03.272831202,200.0,113.8000030517578,0.0,80.0,6493.987816095352
1759521724.0025415,2025-10-03 20:02:04.002541542,200.0,113.9000015258789,0.0,80.0,6494.717526435852
1759521725.4909997,2025-10-03 20:02:05.490999460,200.0,114.0,0.0,80.0,6496.205984592438
1759521727.1150675,2025-10-03 20:02:07.115067482,200.0,114.0999984741211,0.0,80.0,6497.8300523757935
1759521729.10947,2025-10-03 20:02:09.109469891,200.0,114.1999969482422,0.0,80.0,6499.824454784393
1759521731.2748065,2025-10-03 20:02:11.274806261,200.0,114.3000030517578,0.0,80.0,6501.98979139328
1759521733.4210863,2025-10-03 20:02:13.421086550,200.0,114.4000015258789,0.0,80.0,6504.136071205139
1759521740.3857677,2025-10-03 20:02:20.385767698,200.0,114.5,0.0,80.0,6511.100752592087
1759521745.918092,2025-10-03 20:02:25.918092012,200.0,114.4000015258789,0.0,80.0,6516.633076906204
1759521754.795717,2025-10-03 20:02:34.795717001,200.0,114.3000030517578,0.0,80.0,6525.51070189476
1759521755.218897,2025-10-03 20:02:35.218897343,200.0,114.4000015258789,0.0,80.0,6525.933881998062
1759521755.3979,2025-10-03 20:02:35.397900105,200.0,114.3000030517578,0.0,80.0,6526.1128849983215
1759521756.5956824,2025-10-03 20:02:36.595682383,200.0,114.4000015258789,0.0,80.0,6527.310667276382
1759521760.619195,2025-10-03 20:02:40.619194984,200.0,114.5,0.0,80.0,6531.334179878235
1759521762.4747052,2025-10-03 20:02:42.474705219,200.0,114.5999984741211,0.0,80.0,6533.189690113068
1759521764.2712872,2025-10-03 20:02:44.271287203,200.0,114.6999969482422,0.0,80.0,6534.986272096634
1759521767.491117,2025-10-03 20:02:47.491117001,200.0,114.8000030517578,0.0,80.0,6538.206101894379
1759521767.670457,2025-10-03 20:02:47.670456886,200.0,114.6999969482422,0.0,80.0,6538.38544178009
1759521767.7884412,2025-10-03 20:02:47.788441181,200.0,114.8000030517578,0.0,80.0,6538.503426074982
1759521771.891286,2025-10-03 20:02:51.891286135,200.0,114.6999969482422,0.0,80.0,6542.6062707901
1759521772.012144,2025-10-03 20:02:52.012143850,200.0,114.8000030517578,0.0,80.0,6542.727128982544
1759521778.7926044,2025-10-03 20:02:58.792604446,200.0,114.9000015258789,0.0,80.0,6549.50758934021
1759521780.9125028,2025-10-03 20:03:00.912502766,200.0,115.0,0.0,80.0,6551.627487659454
1759521789.776492,2025-10-03 20:03:09.776491880,200.0,115.0999984741211,0.0,80.0,6560.491477012634
1759521793.0216217,2025-10-03 20:03:13.021621466,200.0,115.1999969482422,0.0,80.0,6563.7366065979
1759521796.5038948,2025-10-03 20:03:16.503894806,200.0,115.3000030517578,0.0,80.0,6567.218879699707
1759521798.975426,2025-10-03 20:03:18.975425959,200.0,115.4000015258789,0.0,80.0,6569.690410852432
1759521800.6692083,2025-10-03 20:03:20.669208527,200.0,115.5,0.0,80.0,6571.384193181992
1759521802.88423,2025-10-03 20:03:22.884230137,200.0,115.5999984741211,0.0,80.0,6573.599214792252
1759521804.7070038,2025-10-03 20:03:24.707003832,200.0,115.6999969482422,0.0,80.0,6575.421988725662
1759521806.6144323,2025-10-03 20:03:26.614432335,200.0,115.8000030517578,0.0,80.0,6577.329417228699
1759521808.2894912,2025-10-03 20:03:28.289491177,200.0,115.9000015258789,0.0,80.0,6579.004476070404
1759521809.9773998,2025-10-03 20:03:29.977399826,200.0,116.0,0.0,80.0,6580.692384719849
1759521815.2042398,2025-10-03 20:03:35.204239845,200.0,116.0999984741211,0.0,80.0,6585.919224739075
1759521817.4893365,2025-10-03 20:03:37.489336491,200.0,116.1999969482422,0.0,80.0,6588.20432138443
1759521818.8038285,2025-10-03 20:03:38.803828478,200.0,116.3000030517578,0.0,80.0,6589.518813371658
1759521820.3654308,2025-10-03 20:03:40.365430832,200.0,116.4000015258789,0.0,80.0,6591.080415725708
1759521822.4738407,2025-10-03 20:03:42.473840714,200.0,116.5,0.0,80.0,6593.1888256073
1759521831.1165888,2025-10-03 20:03:51.116588831,200.0,116.5999984741211,0.0,80.0,6601.831573724747
1759521833.803914,2025-10-03 20:03:53.803914070,200.0,116.6999969482422,0.0,80.0,6604.518898963928
1759521835.6154163,2025-10-03 20:03:55.615416527,200.0,116.8000030517578,0.0,80.0,6606.330401182175
1759521841.8027518,2025-10-03 20:04:01.802751780,200.0,116.9000015258789,0.0,80.0,6612.517736673355
1759521845.8893428,2025-10-03 20:04:05.889342785,200.0,117.0,0.0,80.0,6616.60432767868
1759521847.5032127,2025-10-03 20:04:07.503212690,200.0,117.0999984741211,0.0,80.0,6618.218197584152
1759521849.3657792,2025-10-03 20:04:09.365779161,200.0,117.1999969482422,0.0,80.0,6620.080764055252
1759521851.8957152,2025-10-03 20:04:11.895715237,200.0,117.3000030517578,0.0,80.0,6622.610700130463
1759521853.8702836,2025-10-03 20:04:13.870283604,200.0,117.4000015258789,0.0,80.0,6624.585268497467
1759521855.6707764,2025-10-03 20:04:15.670776367,200.0,117.5,0.0,80.0,6626.385761260986
1759521857.7065516,2025-10-03 20:04:17.706551552,200.0,117.5999984741211,0.0,80.0,6628.421536445618
1759521859.5092516,2025-10-03 20:04:19.509251594,200.0,117.6999969482422,0.0,80.0,6630.224236488342
1759521860.6032152,2025-10-03 20:04:20.603215218,200.0,117.8000030517578,0.0,80.0,6631.318200111389
1759521861.5697982,2025-10-03 20:04:21.569798231,200.0,117.9000015258789,0.0,80.0,6632.284783124924
1759521862.587764,2025-10-03 20:04:22.587764025,200.0,118.0,0.0,80.0,6633.302748918533
1759521863.7776904,2025-10-03 20:04:23.777690411,200.0,118.0999984741211,0.0,80.0,6634.492675304413
1759521865.2857544,2025-10-03 20:04:25.285754442,200.0,118.1999969482422,0.0,80.0,6636.000739336014
1759521866.673406,2025-10-03 20:04:26.673405886,200.0,118.3000030517578,0.0,80.0,6637.388390779495
1759521867.9873407,2025-10-03 20:04:27.987340689,200.0,118.4000015258789,0.0,80.0,6638.702325582504
1759521869.2707217,2025-10-03 20:04:29.270721674,200.0,118.5,0.0,80.0,6639.985706567764
1759521871.0082774,2025-10-03 20:04:31.008277415,200.0,118.5999984741211,0.0,80.0,6641.723262310028
1759521872.574357,2025-10-03 20:04:32.574357033,200.0,118.6999969482422,0.0,80.0,6643.289341926575
1759521875.1043177,2025-10-03 20:04:35.104317665,200.0,118.8000030517578,0.0,80.0,6645.819302558899
1759521878.1153817,2025-10-03 20:04:38.115381718,200.0,118.9000015258789,0.0,80.0,6648.830366611481
1759521880.7771716,2025-10-03 20:04:40.777171612,200.0,119.0,0.0,80.0,6651.492156505585
1759521883.071777,2025-10-03 20:04:43.071777105,200.0,119.0999984741211,0.0,80.0,6653.78676199913
1759521885.9938686,2025-10-03 20:04:45.993868589,200.0,119.1999969482422,0.0,80.0,6656.7088534832
1759521888.8996584,2025-10-03 20:04:48.899658442,200.0,119.3000030517578,0.0,80.0,6659.614643335342
1759521891.3081326,2025-10-03 20:04:51.308132648,200.0,119.4000015258789,0.0,80.0,6662.023117542267
1759521892.6907074,2025-10-03 20:04:52.690707445,200.0,119.5,0.0,80.0,6663.4056923389435
1759521894.6806836,2025-10-03 20:04:54.680683613,200.0,119.5999984741211,0.0,80.0,6665.395668506622
1759521896.4834075,2025-10-03 20:04:56.483407497,200.0,119.6999969482422,0.0,80.0,6667.198392391205
1759521898.6669304,2025-10-03 20:04:58.666930437,200.0,119.8000030517578,0.0,80.0,6669.381915330887
1759521902.5074291,2025-10-03 20:05:02.507429123,200.0,119.9000015258789,0.0,80.0,6673.222414016724
1759521904.4966536,2025-10-03 20:05:04.496653557,200.0,120.0,0.0,80.0,6675.211638450623
1759521905.8913724,2025-10-03 20:05:05.891372442,200.0,120.0999984741211,0.0,80.0,6676.606357336044
1759521907.0909102,2025-10-03 20:05:07.090910196,200.0,120.1999969482422,0.0,80.0,6677.805895090103
1759521908.2844224,2025-10-03 20:05:08.284422398,200.0,120.3000030517578,0.0,80.0,6678.999407291412
1759521909.8945973,2025-10-03 20:05:09.894597292,200.0,120.4000015258789,0.0,80.0,6680.609582185745
1759521911.781091,2025-10-03 20:05:11.781090975,200.0,120.5,0.0,80.0,6682.496075868607
1759521919.0816236,2025-10-03 20:05:19.081623554,200.0,120.4000015258789,0.0,80.0,6689.796608448029
1759521924.8837934,2025-10-03 20:05:24.883793354,200.0,120.5,0.0,80.0,6695.598778247833
1759521927.2643487,2025-10-03 20:05:27.264348745,200.0,120.5999984741211,0.0,80.0,6697.979333639145
1759521929.4661453,2025-10-03 20:05:29.466145277,200.0,120.6999969482422,0.0,80.0,6700.181130170822
1759521931.5677166,2025-10-03 20:05:31.567716599,200.0,120.8000030517578,0.0,80.0,6702.28270149231
1759521933.070018,2025-10-03 20:05:33.070018053,200.0,120.9000015258789,0.0,80.0,6703.785002946854
1759521934.8795874,2025-10-03 20:05:34.879587412,200.0,121.0,0.0,80.0,6705.594572305679
1759521937.1021416,2025-10-03 20:05:37.102141619,200.0,121.0999984741211,0.0,80.0,6707.8171265125275
1759521939.8776836,2025-10-03 20:05:39.877683640,200.0,121.1999969482422,0.0,80.0,6710.592668533325
1759521941.8145263,2025-10-03 20:05:41.814526320,200.0,121.3000030517578,0.0,80.0,6712.529511213303
1759521944.0831003,2025-10-03 20:05:44.083100319,200.0,121.4000015258789,0.0,80.0,6714.7980852127075
1759521944.382053,2025-10-03 20:05:44.382052898,200.0,121.3000030517578,0.0,80.0,6715.097037792206
1759521945.098828,2025-10-03 20:05:45.098828077,200.0,121.4000015258789,0.0,80.0,6715.813812971115
1759521950.7640872,2025-10-03 20:05:50.764087200,200.0,121.5,0.0,80.0,6721.479072093964
1759521956.8064082,2025-10-03 20:05:56.806408167,200.0,121.5999984741211,0.0,80.0,6727.521393060684
1759521956.9841793,2025-10-03 20:05:56.984179258,200.0,121.5,0.0,80.0,6727.699164152145
1759521965.816709,2025-10-03 20:06:05.816709042,200.0,121.5999984741211,0.0,80.0,6736.531693935394
1759521978.1679604,2025-10-03 20:06:18.167960405,200.0,121.6999969482422,0.0,80.0,6748.882945299149
1759521985.0651789,2025-10-03 20:06:25.065178871,200.0,121.8000030517578,0.0,80.0,6755.780163764954
1759521985.1843994,2025-10-03 20:06:25.184399366,200.0,121.6999969482422,0.0,80.0,6755.899384260178
1759521985.3623514,2025-10-03 20:06:25.362351418,200.0,121.8000030517578,0.0,80.0,6756.07733631134
1759521991.5989814,2025-10-03 20:06:31.598981380,200.0,121.9000015258789,0.0,80.0,6762.3139662742615
1759521995.8583126,2025-10-03 20:06:35.858312607,200.0,122.0,0.0,80.0,6766.57329750061
1759522000.070866,2025-10-03 20:06:40.070865870,200.0,122.0999984741211,0.0,80.0,6770.7858510017395
1759522004.1642632,2025-10-03 20:06:44.164263248,200.0,122.1999969482422,0.0,80.0,6774.879248142242
1759522008.306372,2025-10-03 20:06:48.306371927,200.0,122.0999984741211,0.0,80.0,6779.02135682106
1759522009.9130368,2025-10-03 20:06:49.913036823,200.0,122.0,0.0,80.0,6780.6280217170715
1759522011.184024,2025-10-03 20:06:51.184023857,200.0,121.9000015258789,0.0,80.0,6781.899008989334
1759522012.8702793,2025-10-03 20:06:52.870279312,200.0,121.8000030517578,0.0,80.0,6783.585264205933
1759522016.1099138,2025-10-03 20:06:56.109913826,200.0,121.6999969482422,0.0,80.0,6786.824898719788
1759522016.7128737,2025-10-03 20:06:56.712873697,200.0,121.8000030517578,0.0,80.0,6787.42785859108
1759522019.683885,2025-10-03 20:06:59.683885336,200.0,121.9000015258789,0.0,80.0,6790.3988699913025
1759522027.2643085,2025-10-03 20:07:07.264308453,200.0,121.8000030517578,0.0,80.0,6797.979293346405
1759522031.705964,2025-10-03 20:07:11.705963850,200.0,121.6999969482422,0.0,80.0,6802.420948982239
1759522046.1061697,2025-10-03 20:07:26.106169701,200.0,121.5999984741211,0.0,80.0,6816.821154594421
1759522047.2973723,2025-10-03 20:07:27.297372341,200.0,121.6999969482422,0.0,80.0,6818.012357234955
1759522047.596362,2025-10-03 20:07:27.596361876,200.0,121.5999984741211,0.0,80.0,6818.3113470077515
1759522047.8954318,2025-10-03 20:07:27.895431757,200.0,121.6999969482422,0.0,80.0,6818.610416650772
1759522048.0732555,2025-10-03 20:07:28.073255539,200.0,121.5999984741211,0.0,80.0,6818.788240432739
1759522049.0141747,2025-10-03 20:07:29.014174700,200.0,121.6999969482422,0.0,80.0,6819.729159593582
1759522057.59845,2025-10-03 20:07:37.598449945,200.0,121.8000030517578,0.0,80.0,6828.313434839249
1759522064.3817325,2025-10-03 20:07:44.381732464,200.0,121.9000015258789,0.0,80.0,6835.0967173576355
1759522067.4572096,2025-10-03 20:07:47.457209587,200.0,122.0,0.0,80.0,6838.172194480896
1759522071.3996477,2025-10-03 20:07:51.399647474,200.0,122.0999984741211,0.0,80.0,6842.114632606506
1759522074.0612288,2025-10-03 20:07:54.061228752,200.0,122.1999969482422,0.0,80.0,6844.776213645935
1759522077.0624285,2025-10-03 20:07:57.062428474,200.0,122.3000030517578,0.0,80.0,6847.777413368225
1759522081.7009892,2025-10-03 20:08:01.700989246,200.0,122.1999969482422,0.0,80.0,6852.415974140167
1759522083.8593626,2025-10-03 20:08:03.859362602,200.0,122.0999984741211,0.0,80.0,6854.574347496033
1759522084.281196,2025-10-03 20:08:04.281195879,200.0,122.1999969482422,0.0,80.0,6854.9961810112
1759522085.1737568,2025-10-03 20:08:05.173756838,200.0,122.0999984741211,0.0,80.0,6855.888741731644
1759522089.376606,2025-10-03 20:08:09.376605988,200.0,122.0,0.0,80.0,6860.091590881348
1759522089.991531,2025-10-03 20:08:09.991530895,200.0,122.0999984741211,0.0,80.0,6860.706515789032
1759522092.99754,2025-10-03 20:08:12.997539997,200.0,122.1999969482422,0.0,80.0,6863.7125248909
1759522093.98557,2025-10-03 20:08:13.985569954,200.0,122.3000030517578,0.0,80.0,6864.700554847717
1759522095.2962868,2025-10-03 20:08:15.296286821,200.0,122.4000015258789,0.0,80.0,6866.011271715164
1759522096.683662,2025-10-03 20:08:16.683661938,200.0,122.5,0.0,80.0,6867.398646831512
1759522097.7063844,2025-10-03 20:08:17.706384420,200.0,122.5999984741211,0.0,80.0,6868.421369314194
1759522098.9146142,2025-10-03 20:08:18.914614201,200.0,122.6999969482422,0.0,80.0,6869.629599094391
1759522099.8764155,2025-10-03 20:08:19.876415491,200.0,122.8000030517578,0.0,80.0,6870.591400384903
1759522100.9594483,2025-10-03 20:08:20.959448338,200.0,122.9000015258789,0.0,80.0,6871.674433231354
1759522110.5820365,2025-10-03 20:08:30.582036257,200.0,123.0,0.0,80.0,6881.297021389008
1759522114.8941174,2025-10-03 20:08:34.894117355,200.0,122.9000015258789,0.0,80.0,6885.6091022491455
1759522116.395893,2025-10-03 20:08:36.395893335,200.0,122.8000030517578,0.0,80.0,6887.110877990723
1759522117.2988236,2025-10-03 20:08:37.298823595,200.0,122.6999969482422,0.0,80.0,6888.013808488846
1759522118.0741217,2025-10-03 20:08:38.074121714,200.0,122.5999984741211,0.0,80.0,6888.789106607437
1759522118.7971735,2025-10-03 20:08:38.797173738,200.0,122.5,0.0,80.0,6889.51215839386
1759522119.454142,2025-10-03 20:08:39.454142094,200.0,122.4000015258789,0.0,80.0,6890.169126987457
1759522120.2998674,2025-10-03 20:08:40.299867392,200.0,122.3000030517578,0.0,80.0,6891.014852285385
1759522123.6744297,2025-10-03 20:08:43.674429655,200.0,122.4000015258789,0.0,80.0,6894.389414548874
1759522125.010232,2025-10-03 20:08:45.010231972,200.0,122.5,0.0,80.0,6895.72521686554
1759522127.573112,2025-10-03 20:08:47.573112011,200.0,122.5999984741211,0.0,80.0,6898.288096904755
1759522129.9762895,2025-10-03 20:08:49.976289511,200.0,122.5,0.0,80.0,6900.691274404526
1759522130.9953628,2025-10-03 20:08:50.995362759,200.0,122.5999984741211,0.0,80.0,6901.710347652435
1759522131.3783383,2025-10-03 20:08:51.378338337,200.0,122.5,0.0,80.0,6902.093323230743
1759522133.779211,2025-10-03 20:08:53.779211044,200.0,122.4000015258789,0.0,80.0,6904.49419593811
1759522137.7936957,2025-10-03 20:08:57.793695688,200.0,122.5,0.0,80.0,6908.5086805820465
1759522139.796402,2025-10-03 20:08:59.796401978,200.0,122.5999984741211,0.0,80.0,6910.511386871338
1759522143.4633553,2025-10-03 20:09:03.463355303,200.0,122.6999969482422,0.0,80.0,6914.1783401966095
1759522146.4003382,2025-10-03 20:09:06.400338173,200.0,122.8000030517578,0.0,80.0,6917.115323066711
1759522151.207787,2025-10-03 20:09:11.207787037,200.0,122.6999969482422,0.0,80.0,6921.922771930695
1759522151.2675772,2025-10-03 20:09:11.267577171,200.0,122.8000030517578,0.0,80.0,6921.9825620651245
1759522151.861403,2025-10-03 20:09:11.861402988,200.0,122.6999969482422,0.0,80.0,6922.576387882233
1759522153.253758,2025-10-03 20:09:13.253757954,200.0,122.8000030517578,0.0,80.0,6923.968742847443
1759522154.1589427,2025-10-03 20:09:14.158942699,200.0,122.6999969482422,0.0,80.0,6924.873927593231
1759522154.2795105,2025-10-03 20:09:14.279510498,200.0,122.8000030517578,0.0,80.0,6924.994495391846
1759522155.1788874,2025-10-03 20:09:15.178887367,200.0,122.6999969482422,0.0,80.0,6925.893872261047
1759522155.3596373,2025-10-03 20:09:15.359637260,200.0,122.8000030517578,0.0,80.0,6926.074622154236
1759522157.5873349,2025-10-03 20:09:17.587334871,200.0,122.6999969482422,0.0,80.0,6928.302319765091
1759522164.95917,2025-10-03 20:09:24.959169865,200.0,122.8000030517578,0.0,80.0,6935.674154996872
1759522171.6003246,2025-10-03 20:09:31.600324631,200.0,122.6999969482422,0.0,80.0,6942.315309524536
1759522176.487522,2025-10-03 20:09:36.487521887,200.0,122.8000030517578,0.0,80.0,6947.202506780624
1759522177.153442,2025-10-03 20:09:37.153441906,200.0,122.6999969482422,0.0,80.0,6947.868426799774
1759522177.3928585,2025-10-03 20:09:37.392858505,200.0,122.8000030517578,0.0,80.0,6948.107843399048
1759522179.3720772,2025-10-03 20:09:39.372077227,200.0,122.9000015258789,0.0,80.0,6950.087062120438
1759522180.7604778,2025-10-03 20:09:40.760477781,200.0,123.0,0.0,80.0,6951.475462675095
1759522181.95955,2025-10-03 20:09:41.959550142,200.0,123.0999984741211,0.0,80.0,6952.6745347976685
1759522183.5860431,2025-10-03 20:09:43.586043119,200.0,123.1999969482422,0.0,80.0,6954.301028013229
1759522185.9735503,2025-10-03 20:09:45.973550320,200.0,123.3000030517578,0.0,80.0,6956.6885352134705
1759522194.8775885,2025-10-03 20:09:54.877588272,200.0,123.1999969482422,0.0,80.0,6965.592573404312
1759522202.5524085,2025-10-03 20:10:02.552408457,200.0,123.3000030517578,0.0,80.0,6973.267393350601
1759522204.187075,2025-10-03 20:10:04.187074900,200.0,123.4000015258789,0.0,80.0,6974.902059793472
1759522205.8507805,2025-10-03 20:10:05.850780487,200.0,123.5,0.0,80.0,6976.565765380859
1759522210.5987122,2025-10-03 20:10:10.598712206,200.0,123.5999984741211,0.0,80.0,6981.313697099686
1759522218.3651052,2025-10-03 20:10:18.365105152,200.0,123.5,0.0,80.0,6989.080090045929
1759522220.5943851,2025-10-03 20:10:20.594385147,200.0,123.5999984741211,0.0,80.0,6991.309370040894
1759522225.5842392,2025-10-03 20:10:25.584239244,200.0,123.5,0.0,80.0,6996.29922413826
1759522228.8728588,2025-10-03 20:10:28.872858763,200.0,123.4000015258789,0.0,80.0,6999.58784365654
1759522231.284982,2025-10-03 20:10:31.284981966,200.0,123.3000030517578,0.0,80.0,7001.9999668598175
1759522232.8593967,2025-10-03 20:10:32.859396696,200.0,123.1999969482422,0.0,80.0,7003.5743815898895
1759522234.6505437,2025-10-03 20:10:34.650543690,200.0,123.0999984741211,0.0,80.0,7005.365528583527
1759522236.7508206,2025-10-03 20:10:36.750820637,200.0,123.0,0.0,80.0,7007.465805530548
1759522238.6711326,2025-10-03 20:10:38.671132565,200.0,122.9000015258789,0.0,80.0,7009.3861174583435
1759522243.9012473,2025-10-03 20:10:43.901247263,200.0,123.0,0.0,80.0,7014.6162321567535
1759522246.8496287,2025-10-03 20:10:46.849628687,200.0,123.0999984741211,0.0,80.0,7017.564613580704
1759522249.2567425,2025-10-03 20:10:49.256742477,200.0,123.1999969482422,0.0,80.0,7019.971727371216
1759522252.1954496,2025-10-03 20:10:52.195449591,200.0,123.3000030517578,0.0,80.0,7022.910434484482
1759522254.4812992,2025-10-03 20:10:54.481299162,200.0,123.4000015258789,0.0,80.0,7025.19628405571
1759522256.098965,2025-10-03 20:10:56.098964930,200.0,123.5,0.0,80.0,7026.8139498233795
1759522259.054939,2025-10-03 20:10:59.054939032,200.0,123.5999984741211,0.0,80.0,7029.7699239254
1759522267.3541565,2025-10-03 20:11:07.354156256,200.0,123.5,0.0,80.0,7038.069141387939
1759522269.4515474,2025-10-03 20:11:09.451547384,200.0,123.4000015258789,0.0,80.0,7040.166532278061
1759522271.2561774,2025-10-03 20:11:11.256177425,200.0,123.3000030517578,0.0,80.0,7041.971162319183
1759522272.8747258,2025-10-03 20:11:12.874725819,200.0,123.1999969482422,0.0,80.0,7043.589710712433
1759522275.0975132,2025-10-03 20:11:15.097513199,200.0,123.0999984741211,0.0,80.0,7045.812498092651
1759522276.4787188,2025-10-03 20:11:16.478718758,200.0,123.0,0.0,80.0,7047.193703651428
1759522278.1725574,2025-10-03 20:11:18.172557354,200.0,122.9000015258789,0.0,80.0,7048.887542247772
1759522279.5475664,2025-10-03 20:11:19.547566414,200.0,122.8000030517578,0.0,80.0,7050.262551307678
1759522282.276878,2025-10-03 20:11:22.276877880,200.0,122.6999969482422,0.0,80.0,7052.991863012314
1759522284.748342,2025-10-03 20:11:24.748342037,200.0,122.8000030517578,0.0,80.0,7055.463326931
1759522284.867758,2025-10-03 20:11:24.867758036,200.0,122.6999969482422,0.0,80.0,7055.582742929459
1759522285.6558216,2025-10-03 20:11:25.655821562,200.0,122.8000030517578,0.0,80.0,7056.370806455612
1759522288.490447,2025-10-03 20:11:28.490447044,200.0,122.9000015258789,0.0,80.0,7059.205431938171
1759522289.148761,2025-10-03 20:11:29.148761034,200.0,122.8000030517578,0.0,80.0,7059.863745927811
1759522289.3876114,2025-10-03 20:11:29.387611389,200.0,122.9000015258789,0.0,80.0,7060.102596282959
1759522291.5594158,2025-10-03 20:11:31.559415817,200.0,123.0,0.0,80.0,7062.27440071106
1759522293.4657187,2025-10-03 20:11:33.465718746,200.0,123.0999984741211,0.0,80.0,7064.180703639984
1759522294.9691577,2025-10-03 20:11:34.969157696,200.0,123.1999969482422,0.0,80.0,7065.684142589569
1759522300.7606175,2025-10-03 20:11:40.760617733,200.0,123.3000030517578,0.0,80.0,7071.475602388382
1759522302.5472724,2025-10-03 20:11:42.547272444,200.0,123.4000015258789,0.0,80.0,7073.26225733757
1759522308.6674826,2025-10-03 20:11:48.667482615,200.0,123.3000030517578,0.0,80.0,7079.382467508316
1759522314.8813586,2025-10-03 20:11:54.881358624,200.0,123.1999969482422,0.0,80.0,7085.5963435173035
1759522317.873223,2025-10-03 20:11:57.873223066,200.0,123.0999984741211,0.0,80.0,7088.588207960129
1759522321.7768636,2025-10-03 20:12:01.776863575,200.0,123.1999969482422,0.0,80.0,7092.4918484687805
1759522323.585699,2025-10-03 20:12:03.585699320,200.0,123.3000030517578,0.0,80.0,7094.30068397522
1759522325.147144,2025-10-03 20:12:05.147144079,200.0,123.4000015258789,0.0,80.0,7095.862128973007
1759522327.0674713,2025-10-03 20:12:07.067471266,200.0,123.5,0.0,80.0,7097.782456159592
1759522329.3526103,2025-10-03 20:12:09.352610350,200.0,123.5999984741211,0.0,80.0,7100.067595243454
1759522334.7033677,2025-10-03 20:12:14.703367472,200.0,123.6999969482422,0.0,80.0,7105.418352603912
1759522337.3545458,2025-10-03 20:12:17.354545832,200.0,123.8000030517578,0.0,80.0,7108.069530725479
1759522343.887419,2025-10-03 20:12:23.887418985,200.0,123.6999969482422,0.0,80.0,7114.602403879166
1759522350.7647388,2025-10-03 20:12:30.764738798,200.0,123.8000030517578,0.0,80.0,7121.47972369194
1759522354.494342,2025-10-03 20:12:34.494341850,200.0,123.9000015258789,0.0,80.0,7125.209326982498
1759522356.6499271,2025-10-03 20:12:36.649927139,200.0,124.0,0.0,80.0,7127.364912033081
1759522360.00397,2025-10-03 20:12:40.003969908,200.0,124.0999984741211,0.0,80.0,7130.718954801559
1759522363.797386,2025-10-03 20:12:43.797385931,200.0,124.1999969482422,0.0,80.0,7134.512370824814
1759522371.3034768,2025-10-03 20:12:51.303476810,200.0,124.3000030517578,0.0,80.0,7142.018461704254
1759522383.066207,2025-10-03 20:13:03.066206931,200.0,124.1999969482422,0.0,80.0,7153.781191825867
1759522387.267446,2025-10-03 20:13:07.267446041,200.0,124.0999984741211,0.0,80.0,7157.982430934906
1759522394.656564,2025-10-03 20:13:14.656563997,200.0,124.1999969482422,0.0,80.0,7165.3715488910675
1759522395.2496653,2025-10-03 20:13:15.249665260,200.0,124.0999984741211,0.0,80.0,7165.964650154114
1759522395.5467196,2025-10-03 20:13:15.546719551,200.0,124.1999969482422,0.0,80.0,7166.261704444885
1759522397.0584788,2025-10-03 20:13:17.058478832,200.0,124.0999984741211,0.0,80.0,7167.773463726044
1759522397.303755,2025-10-03 20:13:17.303755045,200.0,124.1999969482422,0.0,80.0,7168.018739938736
1759522397.8991346,2025-10-03 20:13:17.899134636,200.0,124.0999984741211,0.0,80.0,7168.614119529724
1759522397.9584546,2025-10-03 20:13:17.958454609,200.0,124.1999969482422,0.0,80.0,7168.673439502716
1759522401.8987484,2025-10-03 20:13:21.898748398,200.0,124.3000030517578,0.0,80.0,7172.613733291626
1759522402.8667693,2025-10-03 20:13:22.866769314,200.0,124.4000015258789,0.0,80.0,7173.581754207611
1759522404.1964383,2025-10-03 20:13:24.196438313,200.0,124.5,0.0,80.0,7174.911423206329
1759522405.6992078,2025-10-03 20:13:25.699207783,200.0,124.5999984741211,0.0,80.0,7176.414192676544
1759522408.884779,2025-10-03 20:13:28.884778976,200.0,124.6999969482422,0.0,80.0,7179.599763870239
1759522409.062167,2025-10-03 20:13:29.062166929,200.0,124.5999984741211,0.0,80.0,7179.777151823044
1759522409.3613665,2025-10-03 20:13:29.361366272,200.0,124.6999969482422,0.0,80.0,7180.07635140419
1759522413.8818142,2025-10-03 20:13:33.881814241,200.0,124.8000030517578,0.0,80.0,7184.596799135208
1759522419.6478016,2025-10-03 20:13:39.647801638,200.0,124.6999969482422,0.0,80.0,7190.362786531448
1759522422.377532,2025-10-03 20:13:42.377532005,200.0,124.5999984741211,0.0,80.0,7193.092516899109
1759522424.288917,2025-10-03 20:13:44.288917065,200.0,124.5,0.0,80.0,7195.003901958466
1759522424.4694948,2025-10-03 20:13:44.469494820,200.0,124.5999984741211,0.0,80.0,7195.18447971344
1759522424.6542916,2025-10-03 20:13:44.654291630,200.0,124.5,0.0,80.0,7195.36927652359
1759522429.663872,2025-10-03 20:13:49.663872004,200.0,124.5999984741211,0.0,80.0,7200.378856897354
1759522429.7822568,2025-10-03 20:13:49.782256842,200.0,124.5,0.0,80.0,7200.497241735458
1759522429.961445,2025-10-03 20:13:49.961445332,200.0,124.5999984741211,0.0,80.0,7200.676429986954
1759522433.184256,2025-10-03 20:13:53.184256077,200.0,124.6999969482422,0.0,80.0,7203.899240970612
1759522435.8486977,2025-10-03 20:13:55.848697662,200.0,124.8000030517578,0.0,80.0,7206.563682556152
1759522439.854083,2025-10-03 20:13:59.854083061,200.0,124.9000015258789,0.0,80.0,7210.569067955017
1759522442.3783472,2025-10-03 20:14:02.378347158,200.0,125.0,0.0,80.0,7213.093332052231
1759522445.286846,2025-10-03 20:14:05.286845922,200.0,125.0999984741211,0.0,80.0,7216.001830816269
1759522448.646634,2025-10-03 20:14:08.646634102,200.0,125.0,0.0,80.0,7219.3616189956665
1759522451.9011998,2025-10-03 20:14:11.901199818,200.0,124.9000015258789,0.0,80.0,7222.616184711456
1759522455.9744418,2025-10-03 20:14:15.974441767,200.0,125.0,0.0,80.0,7226.689426660538
1759522458.4444609,2025-10-03 20:14:18.444460869,200.0,125.0999984741211,0.0,80.0,7229.159445762634
1759522460.8627868,2025-10-03 20:14:20.862786770,200.0,125.1999969482422,0.0,80.0,7231.577771663666
1759522463.3904674,2025-10-03 20:14:23.390467405,200.0,125.3000030517578,0.0,80.0,7234.105452299118
1759522466.6574562,2025-10-03 20:14:26.657456160,200.0,125.1999969482422,0.0,80.0,7237.3724410533905
1759522477.3462398,2025-10-03 20:14:37.346239805,200.0,125.0999984741211,0.0,80.0,7248.06122469902
1759522479.3892128,2025-10-03 20:14:39.389212847,200.0,125.0,0.0,80.0,7250.104197740555
1759522482.2892194,2025-10-03 20:14:42.289219379,200.0,124.9000015258789,0.0,80.0,7253.004204273224
1759522487.1435587,2025-10-03 20:14:47.143558741,200.0,125.0,0.0,80.0,7257.858543634415
1759522489.6774504,2025-10-03 20:14:49.677450418,200.0,125.0999984741211,0.0,80.0,7260.392435312271
1759522492.2000873,2025-10-03 20:14:52.200087309,200.0,125.1999969482422,0.0,80.0,7262.9150722026825
1759522495.296101,2025-10-03 20:14:55.296101332,200.0,125.3000030517578,0.0,80.0,7266.011085987091
1759522495.4737008,2025-10-03 20:14:55.473700762,200.0,125.1999969482422,0.0,80.0,7266.188685655594
1759522495.7736087,2025-10-03 20:14:55.773608685,200.0,125.3000030517578,0.0,80.0,7266.488593578339
1759522499.500675,2025-10-03 20:14:59.500674963,200.0,125.4000015258789,0.0,80.0,7270.215659856796
1759522506.868405,2025-10-03 20:15:06.868405104,200.0,125.3000030517578,0.0,80.0,7277.583389997482
1759522512.8817406,2025-10-03 20:15:12.881740570,200.0,125.1999969482422,0.0,80.0,7283.596725463867
1759522512.9406898,2025-10-03 20:15:12.940689802,200.0,125.3000030517578,0.0,80.0,7283.655674695969
1759522513.180633,2025-10-03 20:15:13.180633068,200.0,125.1999969482422,0.0,80.0,7283.8956179618835
1759522513.5452566,2025-10-03 20:15:13.545256615,200.0,125.3000030517578,0.0,80.0,7284.260241508484
1759522513.781614,2025-10-03 20:15:13.781614065,200.0,125.1999969482422,0.0,80.0,7284.496598958969
1759522514.0968325,2025-10-03 20:15:14.096832275,200.0,125.3000030517578,0.0,80.0,7284.811817407608
1759522514.578596,2025-10-03 20:15:14.578595877,200.0,125.1999969482422,0.0,80.0,7285.293581008911
1759522515.9619002,2025-10-03 20:15:15.961900234,200.0,125.3000030517578,0.0,80.0,7286.676885128021
1759522517.162443,2025-10-03 20:15:17.162442923,200.0,125.1999969482422,0.0,80.0,7287.877427816391
1759522518.440105,2025-10-03 20:15:18.440104961,200.0,125.3000030517578,0.0,80.0,7289.155089855194
1759522518.798952,2025-10-03 20:15:18.798951864,200.0,125.1999969482422,0.0,80.0,7289.51393699646
1759522523.0671391,2025-10-03 20:15:23.067139149,200.0,125.0999984741211,0.0,80.0,7293.782124042511
1759522525.2474208,2025-10-03 20:15:25.247420788,200.0,125.0,0.0,80.0,7295.96240568161
1759522533.380134,2025-10-03 20:15:33.380134106,200.0,125.0999984741211,0.0,80.0,7304.095118999481
1759522533.6792495,2025-10-03 20:15:33.679249525,200.0,125.0,0.0,80.0,7304.394234418869
1759522535.2650025,2025-10-03 20:15:35.265002489,200.0,125.0999984741211,0.0,80.0,7305.979987382889
1759522537.7419758,2025-10-03 20:15:37.741975784,200.0,125.1999969482422,0.0,80.0,7308.456960678101
1759522539.2578394,2025-10-03 20:15:39.257839441,200.0,125.3000030517578,0.0,80.0,7309.972824335098
1759522541.1836555,2025-10-03 20:15:41.183655500,200.0,125.4000015258789,0.0,80.0,7311.898640394211
1759522543.7784295,2025-10-03 20:15:43.778429508,200.0,125.5,0.0,80.0,7314.493414402008
1759522551.0820591,2025-10-03 20:15:51.082059145,200.0,125.4000015258789,0.0,80.0,7321.797044038773
1759522553.8505826,2025-10-03 20:15:53.850582600,200.0,125.3000030517578,0.0,80.0,7324.565567493439
1759522558.2407818,2025-10-03 20:15:58.240781784,200.0,125.4000015258789,0.0,80.0,7328.955766677856
1759522568.9841533,2025-10-03 20:16:08.984153271,200.0,125.3000030517578,0.0,80.0,7339.69913816452
1759522574.4828258,2025-10-03 20:16:14.482825756,200.0,125.4000015258789,0.0,80.0,7345.197810649872
1759522580.7793157,2025-10-03 20:16:20.779315472,200.0,125.5,0.0,80.0,7351.494300603867
1759522583.2405078,2025-10-03 20:16:23.240507841,200.0,125.5999984741211,0.0,80.0,7353.955492734909
1759522585.3585584,2025-10-03 20:16:25.358558416,200.0,125.6999969482422,0.0,80.0,7356.073543310165
1759522592.0533502,2025-10-03 20:16:32.053350210,200.0,125.5999984741211,0.0,80.0,7362.768335103989
1759522594.3725183,2025-10-03 20:16:34.372518539,200.0,125.6999969482422,0.0,80.0,7365.087503194809
1759522596.9639602,2025-10-03 20:16:36.963960171,200.0,125.8000030517578,0.0,80.0,7367.678945064545
1759522600.0397255,2025-10-03 20:16:40.039725542,200.0,125.9000015258789,0.0,80.0,7370.754710435867
1759522605.0759592,2025-10-03 20:16:45.075959206,200.0,125.8000030517578,0.0,80.0,7375.790944099426
1759522619.0403986,2025-10-03 20:16:59.040398598,200.0,125.9000015258789,0.0,80.0,7389.755383491516
1759522626.9603195,2025-10-03 20:17:06.960319519,200.0,126.0,0.0,80.0,7397.675304412842
1759522627.3804598,2025-10-03 20:17:07.380459785,200.0,125.9000015258789,0.0,80.0,7398.09544467926
1759522627.9782865,2025-10-03 20:17:07.978286505,200.0,126.0,0.0,80.0,7398.693271398544
1759522628.28083,2025-10-03 20:17:08.280830145,200.0,125.9000015258789,0.0,80.0,7398.995814800262
1759522628.462757,2025-10-03 20:17:08.462757111,200.0,126.0,0.0,80.0,7399.1777420043945
1759522628.766029,2025-10-03 20:17:08.766028881,200.0,125.9000015258789,0.0,80.0,7399.481013774872
1759522630.0881915,2025-10-03 20:17:10.088191509,200.0,126.0,0.0,80.0,7400.803176403046
1759522631.6513808,2025-10-03 20:17:11.651380777,200.0,125.9000015258789,0.0,80.0,7402.366365671158
1759522631.953967,2025-10-03 20:17:11.953967094,200.0,126.0,0.0,80.0,7402.66895198822
1759522634.8379755,2025-10-03 20:17:14.837975740,200.0,125.9000015258789,0.0,80.0,7405.552960395813
1759522634.9604475,2025-10-03 20:17:14.960447550,200.0,126.0,0.0,80.0,7405.675432443619
1759522635.2585692,2025-10-03 20:17:15.258569241,200.0,125.9000015258789,0.0,80.0,7405.973554134369
1759522635.6845458,2025-10-03 20:17:15.684545755,200.0,126.0,0.0,80.0,7406.399530649185
1759522637.0801451,2025-10-03 20:17:17.080145121,200.0,125.9000015258789,0.0,80.0,7407.79513001442
1759522639.134405,2025-10-03 20:17:19.134404659,200.0,126.0,0.0,80.0,7409.849389791489
1759522639.2592475,2025-10-03 20:17:19.259247541,200.0,125.9000015258789,0.0,80.0,7409.974232435226
1759522641.6677668,2025-10-03 20:17:21.667766809,200.0,126.0,0.0,80.0,7412.382751703262
1759522644.341678,2025-10-03 20:17:24.341678143,200.0,126.0999984741211,0.0,80.0,7415.056662797928
1759522646.6859858,2025-10-03 20:17:26.685985804,200.0,126.1999969482422,0.0,80.0,7417.400970697403
1759522651.076742,2025-10-03 20:17:31.076741934,200.0,126.3000030517578,0.0,80.0,7421.7917268276215
1759522658.4522605,2025-10-03 20:17:38.452260256,200.0,126.4000015258789,0.0,80.0,7429.167245388031
1759522658.5736015,2025-10-03 20:17:38.573601723,200.0,126.3000030517578,0.0,80.0,7429.2885863780975
1759522658.755085,2025-10-03 20:17:38.755084991,200.0,126.4000015258789,0.0,80.0,7429.470069885254
1759522662.5392194,2025-10-03 20:17:42.539219379,200.0,126.3000030517578,0.0,80.0,7433.254204273224
1759522662.779237,2025-10-03 20:17:42.779237032,200.0,126.4000015258789,0.0,80.0,7433.4942219257355
1759522663.9871209,2025-10-03 20:17:43.987120867,200.0,126.3000030517578,0.0,80.0,7434.702105760574
1759522675.0385387,2025-10-03 20:17:55.038538694,200.0,126.1999969482422,0.0,80.0,7445.7535235881805
1759522679.8343754,2025-10-03 20:17:59.834375381,200.0,126.3000030517578,0.0,80.0,7450.549360275269
1759522690.9762073,2025-10-03 20:18:10.976207256,200.0,126.4000015258789,0.0,80.0,7461.691192150116
1759522693.0705235,2025-10-03 20:18:13.070523739,200.0,126.5,0.0,80.0,7463.785508394241
1759522694.9863756,2025-10-03 20:18:14.986375570,200.0,126.5999984741211,0.0,80.0,7465.701360464096
1759522700.6329644,2025-10-03 20:18:20.632964373,200.0,126.5,0.0,80.0,7471.347949266434
1759522701.0535374,2025-10-03 20:18:21.053537369,200.0,126.5999984741211,0.0,80.0,7471.768522262573
1759522701.2372744,2025-10-03 20:18:21.237274408,200.0,126.5,0.0,80.0,7471.952259302139
1759522707.6741347,2025-10-03 20:18:27.674134731,200.0,126.5999984741211,0.0,80.0,7478.389119625092
1759522713.1697605,2025-10-03 20:18:33.169760466,200.0,126.6999969482422,0.0,80.0,7483.884745359421
1759522719.549153,2025-10-03 20:18:39.549153090,200.0,126.8000030517578,0.0,80.0,7490.264137983322
1759522734.832873,2025-10-03 20:18:54.832873106,200.0,126.9000015258789,0.0,80.0,7505.547857999802
1759522737.1364255,2025-10-03 20:18:57.136425734,200.0,127.0,0.0,80.0,7507.8514103889465
1759522740.371779,2025-10-03 20:19:00.371778965,200.0,127.0999984741211,0.0,80.0,7511.086763858795
1759522742.842098,2025-10-03 20:19:02.842097998,200.0,127.1999969482422,0.0,80.0,7513.557082891464
1759522745.947857,2025-10-03 20:19:05.947856903,200.0,127.3000030517578,0.0,80.0,7516.662841796875
1759522751.0382004,2025-10-03 20:19:11.038200378,200.0,127.4000015258789,0.0,80.0,7521.753185272217
1759522751.451233,2025-10-03 20:19:11.451232910,200.0,127.3000030517578,0.0,80.0,7522.166217803955
1759522759.486193,2025-10-03 20:19:19.486192942,200.0,127.4000015258789,0.0,80.0,7530.2011778354645
1759522769.5618482,2025-10-03 20:19:29.561848164,200.0,127.5,0.0,80.0,7540.276833057404
1759522772.9471908,2025-10-03 20:19:32.947190762,200.0,127.5999984741211,0.0,80.0,7543.662175655365
1759522774.943066,2025-10-03 20:19:34.943065882,200.0,127.6999969482422,0.0,80.0,7545.658050775528
1759522781.363897,2025-10-03 20:19:41.363897085,200.0,127.5999984741211,0.0,80.0,7552.078881978989
1759522785.4662762,2025-10-03 20:19:45.466276169,200.0,127.5,0.0,80.0,7556.181261062622
1759522785.646212,2025-10-03 20:19:45.646212101,200.0,127.5999984741211,0.0,80.0,7556.3611969947815
1759522786.5556457,2025-10-03 20:19:46.555645704,200.0,127.5,0.0,80.0,7557.270630598068
1759522788.5525303,2025-10-03 20:19:48.552530527,200.0,127.5999984741211,0.0,80.0,7559.267515182495
1759522792.4566982,2025-10-03 20:19:52.456698179,200.0,127.6999969482422,0.0,80.0,7563.171683073044
1759522792.6332972,2025-10-03 20:19:52.633297205,200.0,127.5999984741211,0.0,80.0,7563.34828209877
1759522792.7512448,2025-10-03 20:19:52.751244783,200.0,127.6999969482422,0.0,80.0,7563.4662296772
1759522796.054176,2025-10-03 20:19:56.054176092,200.0,127.8000030517578,0.0,80.0,7566.769160985947
1759522799.241615,2025-10-03 20:19:59.241615057,200.0,127.9000015258789,0.0,80.0,7569.95659995079
1759522803.467794,2025-10-03 20:20:03.467793941,200.0,128.0,0.0,80.0,7574.182778835297
1759522807.779104,2025-10-03 20:20:07.779103994,200.0,127.9000015258789,0.0,80.0,7578.494088888168
1759522814.3506024,2025-10-03 20:20:14.350602388,200.0,128.0,0.0,80.0,7585.065587282181
1759522819.9606726,2025-10-03 20:20:19.960672617,200.0,128.10000610351562,0.0,80.0,7590.675657510757
1759522822.7465236,2025-10-03 20:20:22.746523619,200.0,128.1999969482422,0.0,80.0,7593.461508512497
1759522823.0447252,2025-10-03 20:20:23.044725180,200.0,128.10000610351562,0.0,80.0,7593.759710073471
1759522823.2818053,2025-10-03 20:20:23.281805277,200.0,128.1999969482422,0.0,80.0,7593.99679017067
1759522825.5616364,2025-10-03 20:20:25.561636448,200.0,128.3000030517578,0.0,80.0,7596.276621341705
1759522833.7574282,2025-10-03 20:20:33.757428169,200.0,128.1999969482422,0.0,80.0,7604.472413063049
1759522835.8455305,2025-10-03 20:20:35.845530510,200.0,128.10000610351562,0.0,80.0,7606.560515403748
1759522843.438812,2025-10-03 20:20:43.438812017,200.0,128.0,0.0,80.0,7614.15379691124
1759522843.8526962,2025-10-03 20:20:43.852696180,200.0,128.10000610351562,0.0,80.0,7614.5676810741425
1759522846.580159,2025-10-03 20:20:46.580158949,200.0,128.0,0.0,80.0,7617.295143842697
1759522846.643711,2025-10-03 20:20:46.643711090,200.0,128.10000610351562,0.0,80.0,7617.358695983887
1759522846.888311,2025-10-03 20:20:46.888310671,200.0,128.0,0.0,80.0,7617.60329580307
1759522846.9520006,2025-10-03 20:20:46.952000618,200.0,128.10000610351562,0.0,80.0,7617.66698551178
1759522847.249197,2025-10-03 20:20:47.249197006,200.0,128.0,0.0,80.0,7617.964181900024
1759522848.149922,2025-10-03 20:20:48.149922132,200.0,128.10000610351562,0.0,80.0,7618.864906787872
1759522849.047865,2025-10-03 20:20:49.047864914,200.0,128.0,0.0,80.0,7619.762849807739
1759522849.3500187,2025-10-03 20:20:49.350018740,200.0,128.10000610351562,0.0,80.0,7620.065003633499
1759522849.527357,2025-10-03 20:20:49.527357101,200.0,128.0,0.0,80.0,7620.242341995239
1759522851.5722525,2025-10-03 20:20:51.572252512,200.0,128.10000610351562,0.0,80.0,7622.287237405777
1759522856.0692444,2025-10-03 20:20:56.069244385,200.0,128.1999969482422,0.0,80.0,7626.784229278564
1759522856.3693197,2025-10-03 20:20:56.369319677,200.0,128.10000610351562,0.0,80.0,7627.084304571152
1759522856.666448,2025-10-03 20:20:56.666448116,200.0,128.1999969482422,0.0,80.0,7627.381433010101
1759522863.6763787,2025-10-03 20:21:03.676378727,200.0,128.3000030517578,0.0,80.0,7634.391363620758
1759522865.845575,2025-10-03 20:21:05.845575333,200.0,128.39999389648438,0.0,80.0,7636.560559988022
1759522870.9762628,2025-10-03 20:21:10.976262808,200.0,128.5,0.0,80.0,7641.691247701645
1759522874.7584786,2025-10-03 20:21:14.758478642,200.0,128.60000610351562,0.0,80.0,7645.473463535309
1759522887.2763462,2025-10-03 20:21:27.276346207,200.0,128.5,0.0,80.0,7657.991331100464
1759522891.8584127,2025-10-03 20:21:31.858412743,200.0,128.60000610351562,0.0,80.0,7662.573397636414
1759522895.161487,2025-10-03 20:21:35.161487103,200.0,128.6999969482422,0.0,80.0,7665.876471996307
1759522902.1824515,2025-10-03 20:21:42.182451725,200.0,128.8000030517578,0.0,80.0,7672.897436380386
1759522905.5374684,2025-10-03 20:21:45.537468433,200.0,128.89999389648438,0.0,80.0,7676.252453327179
1759522907.6580248,2025-10-03 20:21:47.658024788,200.0,128.8000030517578,0.0,80.0,7678.373009681702
1759522911.128168,2025-10-03 20:21:51.128167867,200.0,128.6999969482422,0.0,80.0,7681.843152999878
1759522913.550769,2025-10-03 20:21:53.550769329,200.0,128.60000610351562,0.0,80.0,7684.265753984451
1759522918.082607,2025-10-03 20:21:58.082607031,200.0,128.5,0.0,80.0,7688.797591924667
1759522920.24877,2025-10-03 20:22:00.248769999,200.0,128.39999389648438,0.0,80.0,7690.963754892349
1759522921.760383,2025-10-03 20:22:01.760382891,200.0,128.3000030517578,0.0,80.0,7692.4753677845
1759522923.827814,2025-10-03 20:22:03.827813864,200.0,128.1999969482422,0.0,80.0,7694.542798995972
1759522925.554748,2025-10-03 20:22:05.554748058,200.0,128.10000610351562,0.0,80.0,7696.269732952118
1759522930.771709,2025-10-03 20:22:10.771708965,200.0,128.0,0.0,80.0,7701.4866938591
1759522946.3830922,2025-10-03 20:22:26.383092165,200.0,127.9000015258789,0.0,80.0,7717.098077058792
1759522948.4438884,2025-10-03 20:22:28.443888426,200.0,127.8000030517578,0.0,80.0,7719.158873319626
1759522950.5670357,2025-10-03 20:22:30.567035675,200.0,127.6999969482422,0.0,80.0,7721.282020568848
1759522953.6272438,2025-10-03 20:22:33.627243757,200.0,127.5999984741211,0.0,80.0,7724.342228651047
1759522957.3560338,2025-10-03 20:22:37.356033802,200.0,127.5,0.0,80.0,7728.071018695831
1759522959.6294596,2025-10-03 20:22:39.629459620,200.0,127.4000015258789,0.0,80.0,7730.344444513321
1759522961.8700871,2025-10-03 20:22:41.870087147,200.0,127.3000030517578,0.0,80.0,7732.585072040558
1759522963.6764083,2025-10-03 20:22:43.676408529,200.0,127.4000015258789,0.0,80.0,7734.391393184662
1759522963.736491,2025-10-03 20:22:43.736490965,200.0,127.3000030517578,0.0,80.0,7734.451475858688
1759522964.9551718,2025-10-03 20:22:44.955171824,200.0,127.4000015258789,0.0,80.0,7735.6701567173
1759522975.6661837,2025-10-03 20:22:55.666183472,200.0,127.3000030517578,0.0,80.0,7746.381168603897
1759522978.7305534,2025-10-03 20:22:58.730553389,200.0,127.1999969482422,0.0,80.0,7749.445538282394
1759522981.1369138,2025-10-03 20:23:01.136913776,200.0,127.0999984741211,0.0,80.0,7751.8518986701965
1759522982.535653,2025-10-03 20:23:02.535653114,200.0,127.0,0.0,80.0,7753.250638008118
1759522984.2748718,2025-10-03 20:23:04.274871826,200.0,126.9000015258789,0.0,80.0,7754.989856719971
1759523006.4294894,2025-10-03 20:23:26.429489374,200.0,126.8000030517578,0.0,80.0,7777.14447426796
1759523008.0443594,2025-10-03 20:23:28.044359446,200.0,126.6999969482422,0.0,80.0,7778.759344339371
1759523008.2232726,2025-10-03 20:23:28.223272562,200.0,126.8000030517578,0.0,80.0,7778.938257455826
1759523008.34201,2025-10-03 20:23:28.342010021,200.0,126.6999969482422,0.0,80.0,7779.0569949150085
1759523011.766887,2025-10-03 20:23:31.766886950,200.0,126.8000030517578,0.0,80.0,7782.481871843338
1759523011.95148,2025-10-03 20:23:31.951479912,200.0,126.6999969482422,0.0,80.0,7782.666464805603
1759523012.0746708,2025-10-03 20:23:32.074670792,200.0,126.8000030517578,0.0,80.0,7782.789655685425
1759523018.3773942,2025-10-03 20:23:38.377394199,200.0,126.9000015258789,0.0,80.0,7789.09237909317
1759523023.6679766,2025-10-03 20:23:43.667976618,200.0,127.0,0.0,80.0,7794.382961511612
1759523026.6618974,2025-10-03 20:23:46.661897421,200.0,127.0999984741211,0.0,80.0,7797.376882314682
1759523028.829574,2025-10-03 20:23:48.829573870,200.0,127.1999969482422,0.0,80.0,7799.544559001923
1759523041.1480317,2025-10-03 20:24:01.148031473,200.0,127.3000030517578,0.0,80.0,7811.863016605377
1759523044.3489518,2025-10-03 20:24:04.348951817,200.0,127.4000015258789,0.0,80.0,7815.063936710358
1759523047.781936,2025-10-03 20:24:07.781935930,200.0,127.5,0.0,80.0,7818.496920824051
1759523050.1495411,2025-10-03 20:24:10.149541140,200.0,127.5999984741211,0.0,80.0,7820.8645260334015
1759523052.178161,2025-10-03 20:24:12.178160906,200.0,127.6999969482422,0.0,80.0,7822.893145799637
1759523061.7653778,2025-10-03 20:24:21.765377760,200.0,127.5999984741211,0.0,80.0,7832.480362653732
1759523063.4453228,2025-10-03 20:24:23.445322752,200.0,127.5,0.0,80.0,7834.160307645798
1759523066.3475473,2025-10-03 20:24:26.347547293,200.0,127.4000015258789,0.0,80.0,7837.062532186508
1759523071.623891,2025-10-03 20:24:31.623891115,200.0,127.3000030517578,0.0,80.0,7842.338876008987
1759523073.851248,2025-10-03 20:24:33.851248026,200.0,127.1999969482422,0.0,80.0,7844.566232919693
1759523075.6663356,2025-10-03 20:24:35.666335583,200.0,127.0999984741211,0.0,80.0,7846.381320476532
1759523077.6543696,2025-10-03 20:24:37.654369593,200.0,127.0,0.0,80.0,7848.369354486465
1759523080.1243205,2025-10-03 20:24:40.124320507,200.0,126.9000015258789,0.0,80.0,7850.839305400848
1759523081.9378314,2025-10-03 20:24:41.937831402,200.0,126.8000030517578,0.0,80.0,7852.652816295624
1759523083.550035,2025-10-03 20:24:43.550035000,200.0,126.6999969482422,0.0,80.0,7854.265019893646
1759523088.53102,2025-10-03 20:24:48.531019926,200.0,126.8000030517578,0.0,80.0,7859.24600481987
1759523094.3401003,2025-10-03 20:24:54.340100527,200.0,126.9000015258789,0.0,80.0,7865.05508518219
1759523098.7293618,2025-10-03 20:24:58.729361773,200.0,127.0,0.0,80.0,7869.444346666336
1759523099.0303378,2025-10-03 20:24:59.030337811,200.0,126.9000015258789,0.0,80.0,7869.745322704315
1759523099.1487987,2025-10-03 20:24:59.148798704,200.0,127.0,0.0,80.0,7869.863783597946
1759523104.3288016,2025-10-03 20:25:04.328801632,200.0,127.0999984741211,0.0,80.0,7875.043786525726
1759523107.624423,2025-10-03 20:25:07.624423027,200.0,127.1999969482422,0.0,80.0,7878.339407920837
1759523110.4627686,2025-10-03 20:25:10.462768555,200.0,127.3000030517578,0.0,80.0,7881.177753448486
1759523112.8439617,2025-10-03 20:25:12.843961716,200.0,127.4000015258789,0.0,80.0,7883.558946609497
1759523117.5199456,2025-10-03 20:25:17.519945620,200.0,127.3000030517578,0.0,80.0,7888.234930515289
1759523121.7406733,2025-10-03 20:25:21.740673304,200.0,127.1999969482422,0.0,80.0,7892.455658197403
1759523129.35458,2025-10-03 20:25:29.354579926,200.0,127.0999984741211,0.0,80.0,7900.069564819336
1759523133.0234194,2025-10-03 20:25:33.023419380,200.0,127.0,0.0,80.0,7903.738404273987
1759523135.533934,2025-10-03 20:25:35.533934115,200.0,126.9000015258789,0.0,80.0,7906.248919010162
1759523140.049222,2025-10-03 20:25:40.049221992,200.0,127.0,0.0,80.0,7910.7642068862915
1759523140.1700134,2025-10-03 20:25:40.170013428,200.0,126.9000015258789,0.0,80.0,7910.884998321533
1759523140.653544,2025-10-03 20:25:40.653543949,200.0,127.0,0.0,80.0,7911.368528842926
1759523140.9509013,2025-10-03 20:25:40.950901270,200.0,126.9000015258789,0.0,80.0,7911.665886163712
1759523141.0725088,2025-10-03 20:25:41.072508812,200.0,127.0,0.0,80.0,7911.7874937057495
1759523141.6688645,2025-10-03 20:25:41.668864489,200.0,126.9000015258789,0.0,80.0,7912.3838493824005
1759523145.341419,2025-10-03 20:25:45.341418982,200.0,126.8000030517578,0.0,80.0,7916.056403875351
1759523152.1434395,2025-10-03 20:25:52.143439531,200.0,126.6999969482422,0.0,80.0,7922.858424425125
1759523155.6460068,2025-10-03 20:25:55.646006823,200.0,126.5999984741211,0.0,80.0,7926.360991716385
1759523169.2442756,2025-10-03 20:26:09.244275570,200.0,126.5,0.0,80.0,7939.959260463715
1759523171.972996,2025-10-03 20:26:11.972995996,200.0,126.4000015258789,0.0,80.0,7942.687980890274
1759523175.0206902,2025-10-03 20:26:15.020690203,200.0,126.3000030517578,0.0,80.0,7945.735675096512
1759523178.26834,2025-10-03 20:26:18.268340111,200.0,126.1999969482422,0.0,80.0,7948.983325004578
1759523195.524011,2025-10-03 20:26:35.524010658,200.0,126.0999984741211,0.0,20.0,7966.238995790482
1759523197.320195,2025-10-03 20:26:37.320194960,200.0,126.0,0.0,20.0,7968.035179853439
1759523198.7584062,2025-10-03 20:26:38.758406162,200.0,125.9000015258789,0.0,20.0,7969.473391056061
1759523199.77556,2025-10-03 20:26:39.775559902,200.0,125.8000030517578,0.0,20.0,7970.49054479599
1759523200.6657891,2025-10-03 20:26:40.665789127,200.0,125.6999969482422,0.0,20.0,7971.380774021149
1759523201.5623913,2025-10-03 20:26:41.562391281,200.0,125.5999984741211,0.0,20.0,7972.277376174927
1759523202.165274,2025-10-03 20:26:42.165273905,200.0,125.5,0.0,20.0,7972.880258798599
1759523202.835678,2025-10-03 20:26:42.835678101,200.0,125.4000015258789,0.0,20.0,7973.550662994385
1759523203.4346926,2025-10-03 20:26:43.434692621,200.0,125.3000030517578,0.0,20.0,7974.14967751503
1759523204.3254485,2025-10-03 20:26:44.325448513,200.0,125.1999969482422,0.0,20.0,7975.04043340683
1759523204.9199884,2025-10-03 20:26:44.919988394,200.0,125.0999984741211,0.0,20.0,7975.634973287582
1759523205.6417017,2025-10-03 20:26:45.641701460,200.0,125.0,0.0,20.0,7976.356686592102
1759523206.4347758,2025-10-03 20:26:46.434775829,200.0,124.9000015258789,0.0,20.0,7977.149760723114
1759523207.0366807,2025-10-03 20:26:47.036680698,200.0,124.8000030517578,0.0,20.0,7977.751665592194
1759523207.6392753,2025-10-03 20:26:47.639275312,200.0,124.6999969482422,0.0,20.0,7978.3542602062225
1759523208.3574276,2025-10-03 20:26:48.357427597,200.0,124.5999984741211,0.0,20.0,7979.072412490845
1759523208.9503994,2025-10-03 20:26:48.950399399,200.0,124.5,0.0,20.0,7979.6653842926025
1759523209.7587256,2025-10-03 20:26:49.758725643,200.0,124.4000015258789,0.0,20.0,7980.473710536957
1759523210.2445147,2025-10-03 20:26:50.244514704,200.0,124.3000030517578,0.0,20.0,7980.959499597549
1759523210.8418138,2025-10-03 20:26:50.841813803,200.0,124.1999969482422,0.0,20.0,7981.556798696518
1759523211.441234,2025-10-03 20:26:51.441234112,200.0,124.0999984741211,0.0,20.0,7982.156219005585
1759523211.9146652,2025-10-03 20:26:51.914665222,200.0,124.0,0.0,20.0,7982.629650115967
1759523212.3304632,2025-10-03 20:26:52.330463171,200.0,123.9000015258789,0.0,20.0,7983.045448064804
1759523212.8135338,2025-10-03 20:26:52.813533783,200.0,123.8000030517578,0.0,20.0,7983.528518676758
1759523213.2354846,2025-10-03 20:26:53.235484600,200.0,123.6999969482422,0.0,20.0,7983.950469493866
1759523213.7149386,2025-10-03 20:26:53.714938641,200.0,123.5999984741211,0.0,20.0,7984.429923534393
1759523214.0698905,2025-10-03 20:26:54.069890261,200.0,123.5,0.0,20.0,7984.784875392914
1759523214.36777,2025-10-03 20:26:54.367769957,200.0,123.4000015258789,0.0,20.0,7985.082754850388
1759523214.7254028,2025-10-03 20:26:54.725402832,200.0,123.3000030517578,0.0,20.0,7985.44038772583
1759523215.0241969,2025-10-03 20:26:55.024196863,200.0,123.1999969482422,0.0,20.0,7985.739181756973
1759523215.318185,2025-10-03 20:26:55.318185329,200.0,123.0999984741211,0.0,20.0,7986.0331699848175
1759523215.6747005,2025-10-03 20:26:55.674700499,200.0,123.0,0.0,20.0,7986.38968539238
1759523215.915591,2025-10-03 20:26:55.915591002,200.0,122.9000015258789,0.0,20.0,7986.630575895309
1759523216.2191055,2025-10-03 20:26:56.219105721,200.0,122.8000030517578,0.0,20.0,7986.9340903759
1759523216.6401937,2025-10-03 20:26:56.640193462,200.0,122.6999969482422,0.0,20.0,7987.355178594589
1759523216.9376736,2025-10-03 20:26:56.937673569,200.0,122.5999984741211,0.0,20.0,7987.652658462524
1759523217.419253,2025-10-03 20:26:57.419253111,200.0,122.5,0.0,20.0,7988.134238004684
1759523217.7208552,2025-10-03 20:26:57.720855236,200.0,122.4000015258789,0.0,20.0,7988.435840129852
1759523218.1442006,2025-10-03 20:26:58.144200563,200.0,122.3000030517578,0.0,20.0,7988.85918545723
1759523218.4509022,2025-10-03 20:26:58.450902224,200.0,122.1999969482422,0.0,20.0,7989.165887117386
1759523218.9343908,2025-10-03 20:26:58.934390783,200.0,122.0999984741211,0.0,20.0,7989.649375677109
1759523219.3522365,2025-10-03 20:26:59.352236271,200.0,122.0,0.0,20.0,7990.067221403122
1759523219.8562927,2025-10-03 20:26:59.856292725,200.0,121.9000015258789,0.0,20.0,7990.571277618408
1759523220.457056,2025-10-03 20:27:00.457056046,200.0,121.8000030517578,0.0,20.0,7991.172040939331
1759523220.9368744,2025-10-03 20:27:00.936874390,200.0,121.6999969482422,0.0,20.0,7991.651859283447
1759523221.4161816,2025-10-03 20:27:01.416181564,200.0,121.5999984741211,0.0,20.0,7992.13116645813
1759523221.838457,2025-10-03 20:27:01.838457346,200.0,121.5,0.0,20.0,7992.553442001343
1759523222.3165936,2025-10-03 20:27:02.316593647,200.0,121.4000015258789,0.0,20.0,7993.031578540802
1759523222.9313023,2025-10-03 20:27:02.931302309,200.0,121.3000030517578,0.0,20.0,7993.646287202835
1759523223.236869,2025-10-03 20:27:03.236869335,200.0,121.1999969482422,0.0,20.0,7993.951853990555
1759523223.6605985,2025-10-03 20:27:03.660598278,200.0,121.0999984741211,0.0,20.0,7994.375583410263
1759523224.2192476,2025-10-03 20:27:04.219247580,200.0,121.0,0.0,20.0,7994.934232473373
1759523224.7593727,2025-10-03 20:27:04.759372711,200.0,120.9000015258789,0.0,20.0,7995.4743576049805
1759523225.3599043,2025-10-03 20:27:05.359904289,200.0,120.8000030517578,0.0,20.0,7996.074889183044
1759523225.7162342,2025-10-03 20:27:05.716234207,200.0,120.6999969482422,0.0,20.0,7996.431219100952
1759523226.1342516,2025-10-03 20:27:06.134251595,200.0,120.5999984741211,0.0,20.0,7996.849236488342
1759523226.7498193,2025-10-03 20:27:06.749819279,200.0,120.5,0.0,20.0,7997.464804172516
1759523227.3459928,2025-10-03 20:27:07.345992804,200.0,120.4000015258789,0.0,20.0,7998.060977697372
1759523227.8332748,2025-10-03 20:27:07.833274841,200.0,120.3000030517578,0.0,20.0,7998.548259735107
1759523228.4240613,2025-10-03 20:27:08.424061298,200.0,120.1999969482422,0.0,20.0,7999.139046192169
1759523229.0223932,2025-10-03 20:27:09.022393227,200.0,120.0999984741211,0.0,20.0,7999.737378120422
1759523229.4360073,2025-10-03 20:27:09.436007261,200.0,120.0,0.0,20.0,8000.150992155075
1759523229.9235032,2025-10-03 20:27:09.923503160,200.0,119.9000015258789,0.0,20.0,8000.6384880542755
1759523230.5305128,2025-10-03 20:27:10.530512809,200.0,119.8000030517578,0.0,20.0,8001.245497703552
1759523231.0737438,2025-10-03 20:27:11.073743820,200.0,119.6999969482422,0.0,20.0,8001.788728713989
1759523231.6714482,2025-10-03 20:27:11.671448231,200.0,119.5999984741211,0.0,20.0,8002.386433124542
1759523232.1505349,2025-10-03 20:27:12.150534868,200.0,119.5,0.0,20.0,8002.865519762039
1759523232.7443206,2025-10-03 20:27:12.744320631,200.0,119.4000015258789,0.0,20.0,8003.459305524826
1759523233.3539543,2025-10-03 20:27:13.353954315,200.0,119.3000030517578,0.0,20.0,8004.068939208984
1759523233.7198856,2025-10-03 20:27:13.719885588,200.0,119.1999969482422,0.0,20.0,8004.434870481491
1759523234.319975,2025-10-03 20:27:14.319974899,200.0,119.0999984741211,0.0,20.0,8005.034959793091
1759523234.857263,2025-10-03 20:27:14.857263327,200.0,119.0,0.0,20.0,8005.572247982025
1759523235.154984,2025-10-03 20:27:15.154983997,200.0,118.9000015258789,0.0,20.0,8005.869968891144
1759523235.5270166,2025-10-03 20:27:15.527016640,200.0,118.8000030517578,0.0,20.0,8006.242001533508
1759523235.8224738,2025-10-03 20:27:15.822473764,200.0,118.6999969482422,0.0,20.0,8006.537458658218
1759523236.1197133,2025-10-03 20:27:16.119713306,200.0,118.5999984741211,0.0,20.0,8006.834698200226
1759523236.5389757,2025-10-03 20:27:16.538975716,200.0,118.5,0.0,20.0,8007.253960609436
1759523236.8537676,2025-10-03 20:27:16.853767633,200.0,118.4000015258789,0.0,20.0,8007.568752527237
1759523237.3356123,2025-10-03 20:27:17.335612297,200.0,118.3000030517578,0.0,20.0,8008.050597190857
1759523237.638362,2025-10-03 20:27:17.638361931,200.0,118.1999969482422,0.0,20.0,8008.353346824646
1759523237.9469376,2025-10-03 20:27:17.946937561,200.0,118.0999984741211,0.0,20.0,8008.661922454834
1759523238.2414093,2025-10-03 20:27:18.241409302,200.0,118.0,0.0,20.0,8008.956394195557
1759523238.536445,2025-10-03 20:27:18.536444664,200.0,117.9000015258789,0.0,20.0,8009.251429796219
1759523238.8343935,2025-10-03 20:27:18.834393501,200.0,117.8000030517578,0.0,20.0,8009.549378395081
1759523239.2572513,2025-10-03 20:27:19.257251263,200.0,117.6999969482422,0.0,20.0,8009.972236156464
1759523239.5546367,2025-10-03 20:27:19.554636717,200.0,117.5999984741211,0.0,20.0,8010.2696216106415
1759523239.853994,2025-10-03 20:27:19.853994131,200.0,117.5,0.0,20.0,8010.5689787864685
1759523240.1686406,2025-10-03 20:27:20.168640614,200.0,117.4000015258789,0.0,20.0,8010.883625507355
1759523240.428146,2025-10-03 20:27:20.428146124,200.0,117.3000030517578,0.0,20.0,8011.143130779266
1759523240.7252097,2025-10-03 20:27:20.725209713,200.0,117.1999969482422,0.0,20.0,8011.440194606781
1759523241.2637782,2025-10-03 20:27:21.263778210,200.0,117.0999984741211,0.0,20.0,8011.978763103485
1759523241.5622048,2025-10-03 20:27:21.562204838,200.0,117.0,0.0,20.0,8012.277189731598
1759523241.7386289,2025-10-03 20:27:21.738628864,200.0,116.9000015258789,0.0,20.0,8012.453613758087
1759523242.0351918,2025-10-03 20:27:22.035191774,200.0,116.8000030517578,0.0,20.0,8012.750176668167
1759523242.335917,2025-10-03 20:27:22.335916996,200.0,116.6999969482422,0.0,20.0,8013.050901889801
1759523242.6365616,2025-10-03 20:27:22.636561632,200.0,116.5999984741211,0.0,20.0,8013.351546525955
1759523242.939085,2025-10-03 20:27:22.939085007,200.0,116.5,0.0,20.0,8013.654069900513
1759523243.4181187,2025-10-03 20:27:23.418118715,200.0,116.4000015258789,0.0,20.0,8014.133103609085
1759523243.7219834,2025-10-03 20:27:23.721983433,200.0,116.3000030517578,0.0,20.0,8014.436968326569
1759523243.8427274,2025-10-03 20:27:23.842727423,200.0,116.1999969482422,0.0,20.0,8014.557712316513
1759523244.3299637,2025-10-03 20:27:24.329963684,200.0,116.0999984741211,0.0,20.0,8015.044948577881
1759523244.6304832,2025-10-03 20:27:24.630483150,200.0,116.0,0.0,20.0,8015.345468044281
1759523245.0452578,2025-10-03 20:27:25.045257807,200.0,115.9000015258789,0.0,20.0,8015.760242700577
1759523245.3395643,2025-10-03 20:27:25.339564323,200.0,115.8000030517578,0.0,20.0,8016.054549217224
1759523245.6356857,2025-10-03 20:27:25.635685682,200.0,115.6999969482422,0.0,20.0,8016.350670576096
1759523245.939786,2025-10-03 20:27:25.939785957,200.0,115.5999984741211,0.0,20.0,8016.654770851135
1759523246.2357962,2025-10-03 20:27:26.235796213,200.0,115.5,0.0,20.0,8016.950781106949
1759523246.7144885,2025-10-03 20:27:26.714488268,200.0,115.4000015258789,0.0,20.0,8017.429473400116
1759523246.972451,2025-10-03 20:27:26.972450972,200.0,115.3000030517578,0.0,20.0,8017.687435865402
1759523247.4172795,2025-10-03 20:27:27.417279482,200.0,115.1999969482422,0.0,20.0,8018.132264375687
1759523247.722397,2025-10-03 20:27:27.722397327,200.0,115.0999984741211,0.0,20.0,8018.437381982803
1759523248.141263,2025-10-03 20:27:28.141263008,200.0,115.0,0.0,20.0,8018.8562479019165
1759523248.4393258,2025-10-03 20:27:28.439325809,200.0,114.9000015258789,0.0,20.0,8019.154310703278
1759523248.9154286,2025-10-03 20:27:28.915428638,200.0,114.8000030517578,0.0,20.0,8019.630413532257
1759523249.2181857,2025-10-03 20:27:29.218185663,200.0,114.6999969482422,0.0,20.0,8019.933170557022
1759523249.639404,2025-10-03 20:27:29.639404058,200.0,114.5999984741211,0.0,20.0,8020.354388952255
1759523250.1135051,2025-10-03 20:27:30.113505125,200.0,114.5,0.0,20.0,8020.828490018845
1759523250.732823,2025-10-03 20:27:30.732822895,200.0,114.4000015258789,0.0,20.0,8021.447807788849
1759523251.155023,2025-10-03 20:27:31.155023336,200.0,114.3000030517578,0.0,20.0,8021.870007991791
1759523251.6432586,2025-10-03 20:27:31.643258572,200.0,114.1999969482422,0.0,20.0,8022.358243465424
1759523252.055501,2025-10-03 20:27:32.055500984,200.0,114.0999984741211,0.0,20.0,8022.770485877991
1759523252.418368,2025-10-03 20:27:32.418367863,200.0,114.0,0.0,20.0,8023.133352994919
1759523252.9607403,2025-10-03 20:27:32.960740328,200.0,113.9000015258789,0.0,20.0,8023.675725221634
1759523253.3213315,2025-10-03 20:27:33.321331501,200.0,113.8000030517578,0.0,20.0,8024.036316394806
1759523253.8583727,2025-10-03 20:27:33.858372688,200.0,113.6999969482422,0.0,20.0,8024.573357582092
1759523254.2214124,2025-10-03 20:27:34.221412420,200.0,113.5999984741211,0.0,20.0,8024.936397314072
1759523254.755661,2025-10-03 20:27:34.755661011,200.0,113.5,0.0,20.0,8025.470645904541
1759523255.1213722,2025-10-03 20:27:35.121372223,200.0,113.4000015258789,0.0,20.0,8025.836357116699
1759523255.6552632,2025-10-03 20:27:35.655263186,200.0,113.3000030517578,0.0,20.0,8026.3702480793
1759523256.0722542,2025-10-03 20:27:36.072254181,200.0,113.1999969482422,0.0,20.0,8026.787239074707
1759523256.6160457,2025-10-03 20:27:36.616045475,200.0,113.0999984741211,0.0,20.0,8027.3310306072235
1759523257.1604977,2025-10-03 20:27:37.160497665,200.0,113.0,0.0,20.0,8027.875482559204
1759523257.652859,2025-10-03 20:27:37.652858973,200.0,112.9000015258789,0.0,20.0,8028.367843866348
1759523258.1320064,2025-10-03 20:27:38.132006406,200.0,112.8000030517578,0.0,20.0,8028.846991300583
1759523258.731412,2025-10-03 20:27:38.731411934,200.0,112.6999969482422,0.0,20.0,8029.446396827698
1759523259.3293123,2025-10-03 20:27:39.329312325,200.0,112.5999984741211,0.0,20.0,8030.044297218323
1759523259.7615285,2025-10-03 20:27:39.761528254,200.0,112.5,0.0,20.0,8030.476513385773
1759523260.2376854,2025-10-03 20:27:40.237685442,200.0,112.4000015258789,0.0,20.0,8030.95267033577
1759523260.6580124,2025-10-03 20:27:40.658012390,200.0,112.3000030517578,0.0,20.0,8031.372997283936
1759523261.1449993,2025-10-03 20:27:41.144999266,200.0,112.1999969482422,0.0,20.0,8031.85998415947
1759523261.561468,2025-10-03 20:27:41.561467886,200.0,112.0999984741211,0.0,20.0,8032.27645277977
1759523261.8594568,2025-10-03 20:27:41.859456778,200.0,112.0,0.0,20.0,8032.5744416713715
1759523262.336059,2025-10-03 20:27:42.336059332,200.0,111.9000015258789,0.0,20.0,8033.051043987274
1759523262.6345751,2025-10-03 20:27:42.634575129,200.0,111.8000030517578,0.0,20.0,8033.349560022354
1759523263.0619814,2025-10-03 20:27:43.061981440,200.0,111.6999969482422,0.0,20.0,8033.776966333389
1759523263.4249518,2025-10-03 20:27:43.424951792,200.0,111.5999984741211,0.0,20.0,8034.139936685562
1759523263.9593894,2025-10-03 20:27:43.959389448,200.0,111.5,0.0,20.0,8034.674374341965
1759523264.3192797,2025-10-03 20:27:44.319279671,200.0,111.4000015258789,0.0,20.0,8035.034264564514
1759523264.8646033,2025-10-03 20:27:44.864603281,200.0,111.3000030517578,0.0,20.0,8035.57958817482
1759523265.2196288,2025-10-03 20:27:45.219628811,200.0,111.1999969482422,0.0,20.0,8035.934613704681
1759523265.757544,2025-10-03 20:27:45.757544041,200.0,111.0999984741211,0.0,20.0,8036.472528934479
1759523266.1178818,2025-10-03 20:27:46.117881775,200.0,111.0,0.0,20.0,8036.832866668701
1759523266.7123628,2025-10-03 20:27:46.712362766,200.0,110.9000015258789,0.0,20.0,8037.427347660065
1759523267.249829,2025-10-03 20:27:47.249829054,200.0,110.8000030517578,0.0,20.0,8037.964813947678
1759523267.671767,2025-10-03 20:27:47.671766996,200.0,110.6999969482422,0.0,20.0,8038.3867518901825
1759523268.047902,2025-10-03 20:27:48.047902107,200.0,110.5999984741211,0.0,20.0,8038.762887001038
1759523268.6431255,2025-10-03 20:27:48.643125534,200.0,110.5,0.0,20.0,8039.358110427856
1759523269.122247,2025-10-03 20:27:49.122246981,200.0,110.4000015258789,0.0,20.0,8039.837231874466
1759523269.53505,2025-10-03 20:27:49.535049915,200.0,110.3000030517578,0.0,20.0,8040.250034809113
1759523270.1404042,2025-10-03 20:27:50.140404224,200.0,110.1999969482422,0.0,20.0,8040.855389118195
1759523270.6156938,2025-10-03 20:27:50.615693808,200.0,110.0999984741211,0.0,20.0,8041.330678701401
1759523271.039054,2025-10-03 20:27:51.039053917,200.0,110.0,0.0,20.0,8041.75403881073
1759523271.6432705,2025-10-03 20:27:51.643270254,200.0,109.9000015258789,0.0,20.0,8042.3582553863525
1759523272.1156168,2025-10-03 20:27:52.115616798,200.0,109.8000030517578,0.0,20.0,8042.8306016922
1759523272.717059,2025-10-03 20:27:52.717058659,200.0,109.6999969482422,0.0,20.0,8043.432043790817
1759523273.2540808,2025-10-03 20:27:53.254080772,200.0,109.5999984741211,0.0,20.0,8043.969065666199
1759523273.5621994,2025-10-03 20:27:53.562199354,200.0,109.5,0.0,20.0,8044.277184247971
1759523274.0347042,2025-10-03 20:27:54.034704208,200.0,109.4000015258789,0.0,20.0,8044.749689102173
1759523274.4548836,2025-10-03 20:27:54.454883575,200.0,109.3000030517578,0.0,20.0,8045.169868469238
1759523274.9493358,2025-10-03 20:27:54.949335814,200.0,109.1999969482422,0.0,20.0,8045.664320707321
1759523275.370267,2025-10-03 20:27:55.370266676,200.0,109.0999984741211,0.0,20.0,8046.0852518081665
1759523275.8679612,2025-10-03 20:27:55.867961168,200.0,109.0,0.0,20.0,8046.582946062088
1759523276.2224653,2025-10-03 20:27:56.222465277,200.0,108.9000015258789,0.0,20.0,8046.937450170517
1759523276.7563877,2025-10-03 20:27:56.756387472,200.0,108.8000030517578,0.0,20.0,8047.47137260437
1759523277.117544,2025-10-03 20:27:57.117543936,200.0,108.6999969482422,0.0,20.0,8047.832528829575
1759523277.6521752,2025-10-03 20:27:57.652175188,200.0,108.5999984741211,0.0,20.0,8048.367160081863
1759523278.0173264,2025-10-03 20:27:58.017326355,200.0,108.5,0.0,20.0,8048.732311248779
1759523278.439771,2025-10-03 20:27:58.439770937,200.0,108.4000015258789,0.0,20.0,8049.154755830765
1759523278.919632,2025-10-03 20:27:58.919631958,200.0,108.3000030517578,0.0,20.0,8049.634616851807
1759523279.516927,2025-10-03 20:27:59.516927004,200.0,108.1999969482422,0.0,20.0,8050.231911897659
1759523279.9401703,2025-10-03 20:27:59.940170288,200.0,108.0999984741211,0.0,20.0,8050.655155181885
1759523280.5357049,2025-10-03 20:28:00.535704851,200.0,108.0,0.0,20.0,8051.250689744949
1759523281.1315148,2025-10-03 20:28:01.131514788,200.0,107.9000015258789,0.0,20.0,8051.846499681473
1759523281.7391214,2025-10-03 20:28:01.739121437,200.0,107.8000030517578,0.0,20.0,8052.454106330872
1759523282.3410704,2025-10-03 20:28:02.341070414,200.0,107.6999969482422,0.0,20.0,8053.056055307388
1759523283.1315906,2025-10-03 20:28:03.131590605,200.0,107.5999984741211,0.0,20.0,8053.846575498581
1759523283.615101,2025-10-03 20:28:03.615101099,200.0,107.5,0.0,20.0,8054.330085992813
1759523284.224784,2025-10-03 20:28:04.224784136,200.0,107.4000015258789,0.0,20.0,8054.939768791199
1759523284.8164032,2025-10-03 20:28:04.816403151,200.0,107.3000030517578,0.0,20.0,8055.531388044357
1759523285.616302,2025-10-03 20:28:05.616302013,200.0,107.1999969482422,0.0,20.0,8056.331286907196
1759523286.034319,2025-10-03 20:28:06.034318924,200.0,107.0999984741211,0.0,20.0,8056.749303817749
1759523286.8195865,2025-10-03 20:28:06.819586277,200.0,107.0,0.0,20.0,8057.5345714092255
1759523287.41493,2025-10-03 20:28:07.414929867,200.0,106.9000015258789,0.0,20.0,8058.129914999008
1759523288.1296248,2025-10-03 20:28:08.129624843,200.0,106.8000030517578,0.0,20.0,8058.844609737396
1759523288.6150565,2025-10-03 20:28:08.615056276,200.0,106.6999969482422,0.0,20.0,8059.330041408539
1759523289.337837,2025-10-03 20:28:09.337836981,200.0,106.5999984741211,0.0,20.0,8060.0528218746185
1759523289.7586508,2025-10-03 20:28:09.758650780,200.0,106.5,0.0,20.0,8060.473635673523
1759523290.3508253,2025-10-03 20:28:10.350825310,200.0,106.4000015258789,0.0,20.0,8061.065810203552
1759523290.8330572,2025-10-03 20:28:10.833057165,200.0,106.3000030517578,0.0,20.0,8061.548042058945
1759523291.4317389,2025-10-03 20:28:11.431738853,200.0,106.1999969482422,0.0,20.0,8062.146723747253
1759523291.867252,2025-10-03 20:28:11.867252111,200.0,106.0999984741211,0.0,20.0,8062.582237005234
1759523292.4160542,2025-10-03 20:28:12.416054249,200.0,106.0,0.0,20.0,8063.131039142609
1759523293.0166273,2025-10-03 20:28:13.016627312,200.0,105.9000015258789,0.0,20.0,8063.731612205505
1759523293.6122327,2025-10-03 20:28:13.612232685,200.0,105.8000030517578,0.0,20.0,8064.327217578888
1759523293.9125433,2025-10-03 20:28:13.912543297,200.0,105.6999969482422,0.0,20.0,8064.627528190613
1759523294.5122705,2025-10-03 20:28:14.512270451,200.0,105.5999984741211,0.0,20.0,8065.227255344391
1759523294.9309213,2025-10-03 20:28:14.930921316,200.0,105.5,0.0,20.0,8065.645906209946
1759523295.5490582,2025-10-03 20:28:15.549058199,200.0,105.4000015258789,0.0,20.0,8066.264043092728
1759523296.0377629,2025-10-03 20:28:16.037762880,200.0,105.3000030517578,0.0,20.0,8066.752747774124
1759523296.4581268,2025-10-03 20:28:16.458126783,200.0,105.1999969482422,0.0,20.0,8067.17311167717
1759523296.9372523,2025-10-03 20:28:16.937252522,200.0,105.0999984741211,0.0,20.0,8067.652237176895
1759523297.5351837,2025-10-03 20:28:17.535183667,200.0,105.0,0.0,20.0,8068.250168561935
1759523297.9528034,2025-10-03 20:28:17.952803373,200.0,104.9000015258789,0.0,20.0,8068.667788267136
1759523298.5505905,2025-10-03 20:28:18.550590515,200.0,104.8000030517578,0.0,20.0,8069.265575408936
1759523299.15824,2025-10-03 20:28:19.158240080,200.0,104.6999969482422,0.0,20.0,8069.873224973679
1759523299.5159912,2025-10-03 20:28:19.515991211,200.0,104.5999984741211,0.0,20.0,8070.230976104736
1759523300.1552465,2025-10-03 20:28:20.155246496,200.0,104.5,0.0,20.0,8070.870231389999
1759523300.7514384,2025-10-03 20:28:20.751438379,200.0,104.4000015258789,0.0,20.0,8071.466423273087
1759523301.3568304,2025-10-03 20:28:21.356830359,200.0,104.3000030517578,0.0,20.0,8072.071815252304
1759523301.953385,2025-10-03 20:28:21.953385115,200.0,104.1999969482422,0.0,20.0,8072.668370008469
1759523302.4408064,2025-10-03 20:28:22.440806389,200.0,104.0999984741211,0.0,20.0,8073.155791282654
1759523303.0573254,2025-10-03 20:28:23.057325363,200.0,104.0,0.0,20.0,8073.772310256958
1759523303.4184918,2025-10-03 20:28:23.418491840,200.0,103.9000015258789,0.0,20.0,8074.133476734161
1759523303.9528706,2025-10-03 20:28:23.952870607,200.0,103.8000030517578,0.0,20.0,8074.667855501175
1759523304.3117435,2025-10-03 20:28:24.311743498,200.0,103.6999969482422,0.0,20.0,8075.026728391647
1759523304.7344882,2025-10-03 20:28:24.734488249,200.0,103.5999984741211,0.0,20.0,8075.449473142624
1759523305.329303,2025-10-03 20:28:25.329303026,200.0,103.5,0.0,20.0,8076.044287919998
1759523305.816549,2025-10-03 20:28:25.816549063,200.0,103.4000015258789,0.0,20.0,8076.531533956528
1759523306.237306,2025-10-03 20:28:26.237305880,200.0,103.3000030517578,0.0,20.0,8076.95229101181
1759523306.832256,2025-10-03 20:28:26.832256079,200.0,103.1999969482422,0.0,20.0,8077.547240972519
1759523307.366819,2025-10-03 20:28:27.366818905,200.0,103.0999984741211,0.0,20.0,8078.0818037986755
1759523307.970563,2025-10-03 20:28:27.970562935,200.0,103.0,0.0,20.0,8078.685547828674
1759523308.6242352,2025-10-03 20:28:28.624235153,200.0,102.9000015258789,0.0,20.0,8079.339220046997
1759523309.2252972,2025-10-03 20:28:29.225297213,200.0,102.8000030517578,0.0,20.0,8079.9402821063995
1759523309.829708,2025-10-03 20:28:29.829708099,200.0,102.6999969482422,0.0,20.0,8080.544692993164
1759523310.5558276,2025-10-03 20:28:30.555827618,200.0,102.5999984741211,0.0,20.0,8081.270812511444
1759523311.0358217,2025-10-03 20:28:31.035821676,200.0,102.5,0.0,20.0,8081.750806570053
1759523311.753487,2025-10-03 20:28:31.753487110,200.0,102.4000015258789,0.0,20.0,8082.468472003937
1759523312.355362,2025-10-03 20:28:32.355361938,200.0,102.3000030517578,0.0,20.0,8083.070346832275
1759523312.869388,2025-10-03 20:28:32.869387865,200.0,102.1999969482422,0.0,20.0,8083.584372997284
1759523313.411274,2025-10-03 20:28:33.411273956,200.0,102.0999984741211,0.0,20.0,8084.126258850098
1759523314.132568,2025-10-03 20:28:34.132567883,200.0,102.0,0.0,20.0,8084.847552776337
1759523314.6140225,2025-10-03 20:28:34.614022493,200.0,101.9000015258789,0.0,20.0,8085.329007387161
1759523315.0350146,2025-10-03 20:28:35.035014629,200.0,101.8000030517578,0.0,20.0,8085.749999523163
1759523315.631935,2025-10-03 20:28:35.631934881,200.0,101.6999969482422,0.0,20.0,8086.346919775009
1759523316.071917,2025-10-03 20:28:36.071917057,200.0,101.5999984741211,0.0,20.0,8086.786901950836
1759523316.5587428,2025-10-03 20:28:36.558742762,200.0,101.5,0.0,20.0,8087.273727655411
1759523316.913978,2025-10-03 20:28:36.913978100,200.0,101.4000015258789,0.0,20.0,8087.628962993622
1759523317.455937,2025-10-03 20:28:37.455936670,200.0,101.3000030517578,0.0,20.0,8088.170921802521
1759523317.8137755,2025-10-03 20:28:37.813775539,200.0,101.1999969482422,0.0,20.0,8088.528760433197
1759523318.3576932,2025-10-03 20:28:38.357693195,200.0,101.0999984741211,0.0,20.0,8089.072678089142
1759523318.654569,2025-10-03 20:28:38.654568911,200.0,101.0,0.0,20.0,8089.369553804398
1759523319.0150578,2025-10-03 20:28:39.015057802,200.0,100.9000015258789,0.0,20.0,8089.730042695999
1759523319.5621336,2025-10-03 20:28:39.562133551,200.0,100.8000030517578,0.0,20.0,8090.277118444443
1759523319.9267786,2025-10-03 20:28:39.926778555,200.0,100.6999969482422,0.0,20.0,8090.641763448715
1759523320.410069,2025-10-03 20:28:40.410068989,200.0,100.5999984741211,0.0,20.0,8091.125053882599
1759523320.9571817,2025-10-03 20:28:40.957181692,200.0,100.5,0.0,20.0,8091.672166585922
1759523321.4307904,2025-10-03 20:28:41.430790424,200.0,100.4000015258789,0.0,20.0,8092.145775318146
1759523322.0593734,2025-10-03 20:28:42.059373379,200.0,100.3000030517578,0.0,20.0,8092.7743582725525
1759523322.4140368,2025-10-03 20:28:42.414036751,200.0,100.1999969482422,0.0,20.0,8093.129021644592
1759523323.0137992,2025-10-03 20:28:43.013799191,200.0,100.0999984741211,0.0,20.0,8093.72878408432
1759523323.6295576,2025-10-03 20:28:43.629557610,200.0,100.0,0.0,20.0,8094.344542503357
1759523324.2299914,2025-10-03 20:28:44.229991436,200.0,99.9000015258789,0.0,20.0,8094.9449763298035
1759523324.8265817,2025-10-03 20:28:44.826581478,200.0,99.8000030517578,0.0,20.0,8095.541566610336
1759523325.4267771,2025-10-03 20:28:45.426777124,200.0,99.6999969482422,0.0,20.0,8096.141762018204
1759523326.0171218,2025-10-03 20:28:46.017121792,200.0,99.5999984741211,0.0,20.0,8096.732106685638
1759523326.614879,2025-10-03 20:28:46.614878654,200.0,99.5,0.0,20.0,8097.329863786697
1759523327.039659,2025-10-03 20:28:47.039659023,200.0,99.4000015258789,0.0,20.0,8097.754643917084
1759523327.6401017,2025-10-03 20:28:47.640101671,200.0,99.3000030517578,0.0,20.0,8098.355086565018
1759523328.1154635,2025-10-03 20:28:48.115463734,200.0,99.1999969482422,0.0,20.0,8098.830448389053
1759523328.5373323,2025-10-03 20:28:48.537332296,200.0,99.0999984741211,0.0,20.0,8099.25231719017
1759523329.0158224,2025-10-03 20:28:49.015822411,200.0,99.0,0.0,20.0,8099.730807304382
1759523329.429002,2025-10-03 20:28:49.429002047,200.0,98.9000015258789,0.0,20.0,8100.143986940384
1759523329.913551,2025-10-03 20:28:49.913551331,200.0,98.8000030517578,0.0,20.0,8100.628535985947
1759523330.3412182,2025-10-03 20:28:50.341218233,200.0,98.6999969482422,0.0,20.0,8101.056203126907
1759523330.814798,2025-10-03 20:28:50.814797878,200.0,98.5999984741211,0.0,20.0,8101.529783010483
1759523331.255446,2025-10-03 20:28:51.255445957,200.0,98.5,0.0,20.0,8101.970430850983
1759523331.845059,2025-10-03 20:28:51.845058918,200.0,98.4000015258789,0.0,20.0,8102.560043811798
1759523332.2663608,2025-10-03 20:28:52.266360759,200.0,98.3000030517578,0.0,20.0,8102.981345653534
1759523332.738789,2025-10-03 20:28:52.738789082,200.0,98.1999969482422,0.0,20.0,8103.453773975372
1759523333.152142,2025-10-03 20:28:53.152142048,200.0,98.0999984741211,0.0,20.0,8103.867126941681
1759523333.6427565,2025-10-03 20:28:53.642756462,200.0,98.0,0.0,20.0,8104.357741355896
1759523334.2388384,2025-10-03 20:28:54.238838434,200.0,97.9000015258789,0.0,20.0,8104.953823328018
1759523334.838262,2025-10-03 20:28:54.838262081,200.0,97.8000030517578,0.0,20.0,8105.553246974945
1759523335.433051,2025-10-03 20:28:55.433051109,200.0,97.6999969482422,0.0,20.0,8106.148036003113
1759523335.8557885,2025-10-03 20:28:55.855788469,200.0,97.5999984741211,0.0,20.0,8106.570773363113
1759523336.4558346,2025-10-03 20:28:56.455834627,200.0,97.5,0.0,20.0,8107.17081952095
1759523337.063897,2025-10-03 20:28:57.063896893,200.0,97.4000015258789,0.0,20.0,8107.778881788254
1759523337.7200844,2025-10-03 20:28:57.720084429,200.0,97.3000030517578,0.0,20.0,8108.435069322586
1759523338.5603726,2025-10-03 20:28:58.560372591,200.0,97.1999969482422,0.0,20.0,8109.2753574848175
1759523339.16652,2025-10-03 20:28:59.166519880,200.0,97.0999984741211,0.0,20.0,8109.881505012512
1759523340.053067,2025-10-03 20:29:00.053066969,200.0,97.0,0.0,20.0,8110.768051862717
1759523340.9744294,2025-10-03 20:29:00.974429369,200.0,96.9000015258789,0.0,20.0,8111.689414262772
1759523341.930668,2025-10-03 20:29:01.930668116,200.0,96.8000030517578,0.0,20.0,8112.645653009415
1759523342.8311462,2025-10-03 20:29:02.831146240,200.0,96.6999969482422,0.0,20.0,8113.546131134033
1759523343.8607318,2025-10-03 20:29:03.860731840,200.0,96.5999984741211,0.0,20.0,8114.5757167339325
1759523344.7071433,2025-10-03 20:29:04.707143307,200.0,96.5,0.0,20.0,8115.422128200531
1759523345.627025,2025-10-03 20:29:05.627024651,200.0,96.4000015258789,0.0,20.0,8116.342009782791
1759523346.762352,2025-10-03 20:29:06.762351990,200.0,96.3000030517578,0.0,20.0,8117.477336883545
1759523347.5503948,2025-10-03 20:29:07.550394773,200.0,96.1999969482422,0.0,20.0,8118.265379667282
1759523348.1495872,2025-10-03 20:29:08.149587154,200.0,96.0999984741211,0.0,20.0,8118.864572048187
1759523349.046991,2025-10-03 20:29:09.046991110,200.0,96.0,0.0,20.0,8119.761976003647
1759523349.823831,2025-10-03 20:29:09.823831081,200.0,95.9000015258789,0.0,20.0,8120.538815975189
1759523350.4166827,2025-10-03 20:29:10.416682720,200.0,95.8000030517578,0.0,20.0,8121.131667613983
1759523351.1528788,2025-10-03 20:29:11.152878761,200.0,95.6999969482422,0.0,20.0,8121.86786365509
1759523351.7129695,2025-10-03 20:29:11.712969542,200.0,95.5999984741211,0.0,20.0,8122.4279544353485
1759523352.6133184,2025-10-03 20:29:12.613318443,200.0,95.5,0.0,20.0,8123.328303337097
1759523353.5134528,2025-10-03 20:29:13.513452767,200.0,95.4000015258789,0.0,20.0,8124.228437662125
1759523354.2399745,2025-10-03 20:29:14.239974499,200.0,95.3000030517578,0.0,20.0,8124.954959392548
1759523355.151912,2025-10-03 20:29:15.151911974,200.0,95.1999969482422,0.0,20.0,8125.866896867752
1759523355.7500503,2025-10-03 20:29:15.750050306,200.0,95.0999984741211,0.0,20.0,8126.465035200119
1759523356.3513553,2025-10-03 20:29:16.351355314,200.0,95.0,0.0,20.0,8127.066340208054
1759523356.95056,2025-10-03 20:29:16.950559855,200.0,94.9000015258789,0.0,20.0,8127.665544986725
1759523357.560634,2025-10-03 20:29:17.560634136,200.0,94.8000030517578,0.0,20.0,8128.27561879158
1759523358.112945,2025-10-03 20:29:18.112945080,200.0,94.6999969482422,0.0,20.0,8128.827929973602
1759523358.8429346,2025-10-03 20:29:18.842934608,200.0,94.5999984741211,0.0,20.0,8129.557919502258
1759523359.4356253,2025-10-03 20:29:19.435625315,200.0,94.5,0.0,20.0,8130.150610208511
1759523360.332779,2025-10-03 20:29:20.332778931,200.0,94.4000015258789,0.0,20.0,8131.047763824463
1759523361.112389,2025-10-03 20:29:21.112389326,200.0,94.3000030517578,0.0,20.0,8131.827373981476
1759523361.8363872,2025-10-03 20:29:21.836387157,200.0,94.1999969482422,0.0,20.0,8132.551372051239
1759523362.6166754,2025-10-03 20:29:22.616675377,200.0,94.0999984741211,0.0,20.0,8133.331660270691
1759523363.4499722,2025-10-03 20:29:23.449972153,200.0,94.0,0.0,20.0,8134.164957046509
1759523364.234366,2025-10-03 20:29:24.234365940,200.0,93.9000015258789,0.0,20.0,8134.949350833893
1759523364.960595,2025-10-03 20:29:24.960594893,200.0,93.8000030517578,0.0,20.0,8135.675579786301
1759523366.046435,2025-10-03 20:29:26.046435118,200.0,93.6999969482422,0.0,20.0,8136.76142001152
1759523367.009061,2025-10-03 20:29:27.009061337,200.0,93.5999984741211,0.0,20.0,8137.724045991898
1759523368.2188036,2025-10-03 20:29:28.218803644,200.0,93.5,0.0,20.0,8138.933788537979
1759523369.236365,2025-10-03 20:29:29.236365080,200.0,93.4000015258789,0.0,20.0,8139.951349973679
1759523370.128409,2025-10-03 20:29:30.128408908,200.0,93.3000030517578,0.0,20.0,8140.843393802643
1759523371.0288892,2025-10-03 20:29:31.028889179,200.0,93.1999969482422,0.0,20.0,8141.743874073029
1759523371.8264918,2025-10-03 20:29:31.826491833,200.0,93.0999984741211,0.0,20.0,8142.541476726532
1759523372.4156346,2025-10-03 20:29:32.415634632,200.0,93.0,0.0,20.0,8143.130619525909
1759523373.0137165,2025-10-03 20:29:33.013716459,200.0,92.9000015258789,0.0,20.0,8143.728701353073
1759523373.7378445,2025-10-03 20:29:33.737844467,200.0,92.8000030517578,0.0,20.0,8144.452829360962
1759523374.148516,2025-10-03 20:29:34.148515940,200.0,92.6999969482422,0.0,20.0,8144.863500833511
1759523374.7484956,2025-10-03 20:29:34.748495579,200.0,92.5999984741211,0.0,20.0,8145.463480472565
1759523375.2389815,2025-10-03 20:29:35.238981724,200.0,92.5,0.0,20.0,8145.953966379166
1759523375.8340187,2025-10-03 20:29:35.834018707,200.0,92.4000015258789,0.0,20.0,8146.549003601074
1759523376.2587085,2025-10-03 20:29:36.258708477,200.0,92.3000030517578,0.0,20.0,8146.973693370819
1759523376.7297945,2025-10-03 20:29:36.729794264,200.0,92.1999969482422,0.0,20.0,8147.444779396057
1759523377.3491,2025-10-03 20:29:37.349099874,200.0,92.0999984741211,0.0,20.0,8148.064085006714
1759523377.9485786,2025-10-03 20:29:37.948578596,200.0,92.0,0.0,20.0,8148.663563489914
1759523378.3266866,2025-10-03 20:29:38.326686621,200.0,91.9000015258789,0.0,20.0,8149.041671514511
1759523378.7547736,2025-10-03 20:29:38.754773617,200.0,91.8000030517578,0.0,20.0,8149.46975851059
1759523379.2297516,2025-10-03 20:29:39.229751587,200.0,91.6999969482422,0.0,20.0,8149.944736480713
1759523379.831365,2025-10-03 20:29:39.831365108,200.0,91.5999984741211,0.0,20.0,8150.546350002289
1759523380.4320865,2025-10-03 20:29:40.432086468,200.0,91.5,0.0,20.0,8151.147071361542
1759523381.032611,2025-10-03 20:29:41.032610893,200.0,91.4000015258789,0.0,20.0,8151.747595787048
1759523381.629373,2025-10-03 20:29:41.629373074,200.0,91.3000030517578,0.0,20.0,8152.344357967377
1759523382.2361195,2025-10-03 20:29:42.236119747,200.0,91.1999969482422,0.0,20.0,8152.951104402542
1759523383.1372454,2025-10-03 20:29:43.137245417,200.0,91.0999984741211,0.0,20.0,8153.85223031044
1759523383.8505745,2025-10-03 20:29:43.850574255,200.0,91.0,0.0,20.0,8154.565559387207
1759523384.5118122,2025-10-03 20:29:44.511812210,200.0,90.9000015258789,0.0,20.0,8155.226797103882
1759523385.6645975,2025-10-03 20:29:45.664597511,200.0,90.8000030517578,0.0,20.0,8156.37958240509
1759523386.6170816,2025-10-03 20:29:46.617081642,200.0,90.6999969482422,0.0,20.0,8157.33206653595
1759523387.5178971,2025-10-03 20:29:47.517897128,200.0,90.5999984741211,0.0,20.0,8158.232882022858
1759523388.4095888,2025-10-03 20:29:48.409588814,200.0,90.5,0.0,20.0,8159.124573707581
1759523389.258932,2025-10-03 20:29:49.258932114,200.0,90.4000015258789,0.0,20.0,8159.973917007446
1759523389.9199152,2025-10-03 20:29:49.919915199,200.0,90.3000030517578,0.0,20.0,8160.634900093079
1759523390.6345532,2025-10-03 20:29:50.634553194,200.0,90.1999969482422,0.0,20.0,8161.349538087845
1759523391.2513385,2025-10-03 20:29:51.251338481,200.0,90.0999984741211,0.0,20.0,8161.966323375702
1759523391.8443685,2025-10-03 20:29:51.844368458,200.0,90.0,0.0,20.0,8162.559353351593
1759523392.7549922,2025-10-03 20:29:52.754992247,200.0,89.9000015258789,0.0,20.0,8163.469977140427
1759523393.3540664,2025-10-03 20:29:53.354066372,200.0,89.80000305175781,0.0,20.0,8164.069051265717
1759523393.9498794,2025-10-03 20:29:53.949879408,200.0,89.69999694824219,0.0,20.0,8164.6648643016815
1759523394.6153817,2025-10-03 20:29:54.615381479,200.0,89.5999984741211,0.0,20.0,8165.330366611481
1759523395.4494233,2025-10-03 20:29:55.449423313,200.0,89.5,0.0,20.0,8166.16440820694
1759523396.3655477,2025-10-03 20:29:56.365547657,200.0,89.4000015258789,0.0,20.0,8167.080532550812
1759523396.7395809,2025-10-03 20:29:56.739580870,200.0,89.30000305175781,0.0,20.0,8167.4545657634735
1759523397.512987,2025-10-03 20:29:57.512986897,200.0,89.19999694824219,0.0,20.0,8168.227971792221
1759523398.2307594,2025-10-03 20:29:58.230759382,200.0,89.0999984741211,0.0,20.0,8168.945744276047
1759523399.1292412,2025-10-03 20:29:59.129241228,200.0,89.0,0.0,20.0,8169.8442261219025
1759523399.866303,2025-10-03 20:29:59.866302967,200.0,88.9000015258789,0.0,20.0,8170.58128786087
1759523400.6418054,2025-10-03 20:30:00.641805410,200.0,88.80000305175781,0.0,20.0,8171.356790304184
1759523401.6589658,2025-10-03 20:30:01.658965826,200.0,88.69999694824219,0.0,20.0,8172.373950719833
1759523402.567536,2025-10-03 20:30:02.567536116,200.0,88.5999984741211,0.0,20.0,8173.282521009445
1759523403.4344184,2025-10-03 20:30:03.434418440,200.0,88.5,0.0,20.0,8174.149403333664
1759523404.3356185,2025-10-03 20:30:04.335618258,200.0,88.4000015258789,0.0,20.0,8175.05060338974
1759523405.538186,2025-10-03 20:30:05.538186073,200.0,88.30000305175781,0.0,20.0,8176.253170967102
1759523406.208679,2025-10-03 20:30:06.208678961,200.0,88.19999694824219,0.0,20.0,8176.923663854599
1759523407.3495066,2025-10-03 20:30:07.349506617,200.0,88.0999984741211,0.0,20.0,8178.064491510391
1759523408.547638,2025-10-03 20:30:08.547637939,200.0,88.0,0.0,20.0,8179.262622833252
1759523409.510898,2025-10-03 20:30:09.510897874,200.0,87.9000015258789,0.0,20.0,8180.22588300705
1759523410.4103773,2025-10-03 20:30:10.410377264,200.0,87.80000305175781,0.0,20.0,8181.125362157822
1759523411.4249184,2025-10-03 20:30:11.424918413,200.0,87.69999694824219,0.0,20.0,8182.139903306961
1759523412.3252995,2025-10-03 20:30:12.325299501,200.0,87.5999984741211,0.0,20.0,8183.040284395218
1759523412.9401877,2025-10-03 20:30:12.940187454,200.0,87.5,0.0,20.0,8183.655172586441
1759523413.4281409,2025-10-03 20:30:13.428140879,200.0,87.4000015258789,0.0,20.0,8184.143125772476
1759523414.155205,2025-10-03 20:30:14.155205011,200.0,87.30000305175781,0.0,20.0,8184.870189905167
1759523414.7505865,2025-10-03 20:30:14.750586510,200.0,87.19999694824219,0.0,20.0,8185.465571403503
1759523415.6154735,2025-10-03 20:30:15.615473509,200.0,87.0999984741211,0.0,20.0,8186.330458402634
1759523416.2294388,2025-10-03 20:30:16.229438782,200.0,87.0,0.0,20.0,8186.944423675537
1759523416.910348,2025-10-03 20:30:16.910347939,200.0,86.9000015258789,0.0,20.0,8187.625332832336
1759523417.7104728,2025-10-03 20:30:17.710472822,200.0,86.80000305175781,0.0,20.0,8188.425457715988
1759523418.4306288,2025-10-03 20:30:18.430628777,200.0,86.69999694824219,0.0,20.0,8189.145613670349
1759523419.213477,2025-10-03 20:30:19.213476658,200.0,86.5999984741211,0.0,20.0,8189.928461790085
1759523419.8398762,2025-10-03 20:30:19.839876175,200.0,86.5,0.0,20.0,8190.554861068726
1759523420.453339,2025-10-03 20:30:20.453339100,200.0,86.4000015258789,0.0,20.0,8191.168323993683
1759523420.9418442,2025-10-03 20:30:20.941844225,200.0,86.30000305175781,0.0,20.0,8191.656829118729
1759523421.540722,2025-10-03 20:30:21.540721893,200.0,86.19999694824219,0.0,20.0,8192.25570678711
1759523422.3225615,2025-10-03 20:30:22.322561741,200.0,86.0999984741211,0.0,20.0,8193.037546396255
1759523422.9213555,2025-10-03 20:30:22.921355724,200.0,86.0,0.0,20.0,8193.636340379715
1759523423.617785,2025-10-03 20:30:23.617784977,200.0,85.9000015258789,0.0,20.0,8194.332769870758
1759523424.2285178,2025-10-03 20:30:24.228517771,200.0,85.80000305175781,0.0,20.0,8194.943502664566
1759523424.8416746,2025-10-03 20:30:24.841674566,200.0,85.69999694824219,0.0,20.0,8195.556659460068
1759523425.332008,2025-10-03 20:30:25.332007885,200.0,85.5999984741211,0.0,20.0,8196.046992778778
1759523425.9332013,2025-10-03 20:30:25.933201313,200.0,85.5,0.0,20.0,8196.648186206818
1759523426.4207358,2025-10-03 20:30:26.420735836,200.0,85.4000015258789,0.0,20.0,8197.135720729828
1759523426.916855,2025-10-03 20:30:26.916855097,200.0,85.30000305175781,0.0,20.0,8197.631839990616
1759523427.524479,2025-10-03 20:30:27.524478674,200.0,85.19999694824219,0.0,20.0,8198.239463806152
1759523428.1433191,2025-10-03 20:30:28.143319130,200.0,85.0999984741211,0.0,20.0,8198.858304023743
1759523428.8634875,2025-10-03 20:30:28.863487482,200.0,85.0,0.0,20.0,8199.57847237587
1759523429.713015,2025-10-03 20:30:29.713015079,200.0,84.9000015258789,0.0,20.0,8200.427999973297
1759523430.6140316,2025-10-03 20:30:30.614031553,200.0,84.80000305175781,0.0,20.0,8201.329016447067
1759523431.928575,2025-10-03 20:30:31.928575039,200.0,84.69999694824219,0.0,20.0,8202.643559932709
1759523432.8127587,2025-10-03 20:30:32.812758684,200.0,84.5999984741211,0.0,20.0,8203.527743577957
1759523433.942768,2025-10-03 20:30:33.942768097,200.0,84.5,0.0,20.0,8204.657752990723
1759523435.1135032,2025-10-03 20:30:35.113503218,200.0,84.4000015258789,0.0,20.0,8205.828488111496
1759523436.328544,2025-10-03 20:30:36.328543901,200.0,84.30000305175781,0.0,20.0,8207.043528795242
1759523437.1335852,2025-10-03 20:30:37.133585215,200.0,84.19999694824219,0.0,20.0,8207.848570108414
1759523438.2468836,2025-10-03 20:30:38.246883631,200.0,84.0999984741211,0.0,20.0,8208.961868524551
1759523438.9128692,2025-10-03 20:30:38.912869215,200.0,84.0,0.0,20.0,8209.62785410881
1759523440.0131438,2025-10-03 20:30:40.013143778,200.0,83.9000015258789,0.0,20.0,8210.728128671646
1759523440.7654595,2025-10-03 20:30:40.765459538,200.0,83.80000305175781,0.0,20.0,8211.480444431305
1759523441.632662,2025-10-03 20:30:41.632662058,200.0,83.69999694824219,0.0,20.0,8212.347646951675
1759523442.541305,2025-10-03 20:30:42.541305065,200.0,83.5999984741211,0.0,20.0,8213.256289958954
1759523443.4640882,2025-10-03 20:30:43.464088202,200.0,83.5,0.0,20.0,8214.179073095322
1759523444.319717,2025-10-03 20:30:44.319716930,200.0,83.4000015258789,0.0,20.0,8215.034701824188
1759523445.0545676,2025-10-03 20:30:45.054567575,200.0,83.30000305175781,0.0,20.0,8215.769552469254
1759523446.1467383,2025-10-03 20:30:46.146738291,200.0,83.19999694824219,0.0,20.0,8216.861723184586
1759523446.819923,2025-10-03 20:30:46.819922924,200.0,83.0999984741211,0.0,20.0,8217.53490781784
1759523447.7564878,2025-10-03 20:30:47.756487846,200.0,83.0,0.0,20.0,8218.471472740173
1759523448.6116514,2025-10-03 20:30:48.611651421,200.0,82.9000015258789,0.0,20.0,8219.326636314392
1759523449.8367634,2025-10-03 20:30:49.836763382,200.0,82.80000305175781,0.0,20.0,8220.551748275757
1759523450.5587735,2025-10-03 20:30:50.558773518,200.0,82.69999694824219,0.0,20.0,8221.273758411407
1759523451.9099965,2025-10-03 20:30:51.909996271,200.0,82.5999984741211,0.0,20.0,8222.62498140335
1759523453.0044968,2025-10-03 20:30:53.004496813,200.0,82.5,0.0,20.0,8223.71948170662
1759523454.7338705,2025-10-03 20:30:54.733870506,200.0,82.4000015258789,0.0,20.0,8225.448855400085
1759523456.638476,2025-10-03 20:30:56.638475895,200.0,82.30000305175781,0.0,20.0,8227.353460788727
1759523458.5508606,2025-10-03 20:30:58.550860643,200.0,82.19999694824219,0.0,20.0,8229.265845537186
1759523459.9486437,2025-10-03 20:30:59.948643684,200.0,82.0999984741211,0.0,20.0,8230.663628578186
1759523461.2403853,2025-10-03 20:31:01.240385294,200.0,82.0,0.0,20.0,8231.95537018776
1759523462.6547532,2025-10-03 20:31:02.654753208,200.0,81.9000015258789,0.0,20.0,8233.36973810196
1759523464.0507808,2025-10-03 20:31:04.050780773,200.0,81.80000305175781,0.0,20.0,8234.765765666962
1759523465.4362657,2025-10-03 20:31:05.436265469,200.0,81.69999694824219,0.0,20.0,8236.151250600815
1759523466.4090405,2025-10-03 20:31:06.409040451,200.0,81.5999984741211,0.0,20.0,8237.124025344849
1759523467.5199826,2025-10-03 20:31:07.519982576,200.0,81.5,0.0,20.0,8238.234967470169
1759523468.5713787,2025-10-03 20:31:08.571378708,200.0,81.4000015258789,0.0,20.0,8239.286363601685
1759523469.4386346,2025-10-03 20:31:09.438634634,200.0,81.30000305175781,0.0,20.0,8240.153619527817
1759523470.411899,2025-10-03 20:31:10.411899328,200.0,81.19999694824219,0.0,20.0,8241.126883983612
1759523471.3228292,2025-10-03 20:31:11.322829247,200.0,81.0999984741211,0.0,20.0,8242.03781414032
1759523472.7533062,2025-10-03 20:31:12.753306150,200.0,81.0,0.0,20.0,8243.468291044235
1759523474.0405908,2025-10-03 20:31:14.040590763,200.0,80.9000015258789,0.0,20.0,8244.75557565689
1759523475.9338686,2025-10-03 20:31:15.933868647,200.0,80.80000305175781,0.0,20.0,8246.64885354042
1759523476.2375095,2025-10-03 20:31:16.237509727,200.0,80.9000015258789,0.0,20.0,8246.952494382858
1759523476.416295,2025-10-03 20:31:16.416295052,200.0,80.80000305175781,0.0,20.0,8247.131279945374
1759523478.3432868,2025-10-03 20:31:18.343286753,200.0,80.69999694824219,0.0,20.0,8249.0582716465
1759523480.2321968,2025-10-03 20:31:20.232196808,200.0,80.5999984741211,0.0,20.0,8250.94718170166
1759523481.7370565,2025-10-03 20:31:21.737056255,200.0,80.5,0.0,20.0,8252.452041387558
1759523483.512396,2025-10-03 20:31:23.512396097,200.0,80.4000015258789,0.0,20.0,8254.227380990982
1759523485.028004,2025-10-03 20:31:25.028003931,200.0,80.30000305175781,0.0,20.0,8255.742988824844
1759523486.311054,2025-10-03 20:31:26.311053991,200.0,80.19999694824219,0.0,20.0,8257.026038885117
1759523487.7122998,2025-10-03 20:31:27.712299824,200.0,80.0999984741211,0.0,20.0,8258.42728471756
1759523488.6253307,2025-10-03 20:31:28.625330687,200.0,80.0,0.0,20.0,8259.340315580368
1759523489.308196,2025-10-03 20:31:29.308196068,200.0,79.9000015258789,0.0,20.0,8260.023180961609
1759523490.2136571,2025-10-03 20:31:30.213657141,200.0,79.80000305175781,0.0,20.0,8260.92864203453
1759523490.9458246,2025-10-03 20:31:30.945824623,200.0,79.69999694824219,0.0,20.0,8261.660809516907
1759523491.7297225,2025-10-03 20:31:31.729722261,200.0,79.5999984741211,0.0,20.0,8262.444707393646
1759523492.456575,2025-10-03 20:31:32.456574678,200.0,79.5,0.0,20.0,8263.171559810638
1759523493.5553572,2025-10-03 20:31:33.555357218,200.0,79.4000015258789,0.0,20.0,8264.270342111588
1759523494.7648036,2025-10-03 20:31:34.764803648,200.0,79.30000305175781,0.0,20.0,8265.479788541794
1759523496.0365417,2025-10-03 20:31:36.036541700,200.0,79.19999694824219,0.0,20.0,8266.751526594162
1759523497.26213,2025-10-03 20:31:37.262130022,200.0,79.0999984741211,0.0,20.0,8267.977114915848
1759523498.4095654,2025-10-03 20:31:38.409565449,200.0,79.0,0.0,20.0,8269.12455034256
1759523499.4436483,2025-10-03 20:31:39.443648338,200.0,78.9000015258789,0.0,20.0,8270.158633232117
1759523500.718389,2025-10-03 20:31:40.718389034,200.0,78.80000305175781,0.0,20.0,8271.43337392807
1759523502.229974,2025-10-03 20:31:42.229974031,200.0,78.69999694824219,0.0,20.0,8272.944958925247
1759523504.3107643,2025-10-03 20:31:44.310764313,200.0,78.5999984741211,0.0,20.0,8275.025749206543
1759523506.7567618,2025-10-03 20:31:46.756761789,200.0,78.5,0.0,20.0,8277.47174668312
1759523508.214985,2025-10-03 20:31:48.214984655,200.0,78.4000015258789,0.0,20.0,8278.929969787598
1759523509.8471246,2025-10-03 20:31:49.847124577,200.0,78.30000305175781,0.0,20.0,8280.562109470367
1759523510.8158808,2025-10-03 20:31:50.815880775,200.0,78.19999694824219,0.0,20.0,8281.53086566925
1759523512.0322309,2025-10-03 20:31:52.032230854,200.0,78.0999984741211,0.0,20.0,8282.747215747833
1759523513.10884,2025-10-03 20:31:53.108839989,200.0,78.0,0.0,20.0,8283.823824882507
1759523514.027779,2025-10-03 20:31:54.027779102,200.0,77.9000015258789,0.0,20.0,8284.742763996124
1759523515.0089648,2025-10-03 20:31:55.008964777,200.0,77.80000305175781,0.0,20.0,8285.723949670792
1759523516.2325878,2025-10-03 20:31:56.232587814,200.0,77.69999694824219,0.0,20.0,8286.94757270813
1759523517.445695,2025-10-03 20:31:57.445694923,200.0,77.5999984741211,0.0,20.0,8288.1606798172
1759523518.607416,2025-10-03 20:31:58.607415915,200.0,77.5,0.0,20.0,8289.322400808334
1759523520.1112869,2025-10-03 20:32:00.111286879,200.0,77.4000015258789,0.0,20.0,8290.826271772385
1759523521.756817,2025-10-03 20:32:01.756817341,200.0,77.30000305175781,0.0,20.0,8292.471801996231
1759523523.327861,2025-10-03 20:32:03.327861071,200.0,77.19999694824219,0.0,20.0,8294.042845964432
1759523525.0357354,2025-10-03 20:32:05.035735369,200.0,77.0999984741211,0.0,20.0,8295.750720262527
1759523526.5586746,2025-10-03 20:32:06.558674574,200.0,77.0,0.0,20.0,8297.273659467697
1759523528.8333747,2025-10-03 20:32:08.833374739,200.0,76.9000015258789,0.0,20.0,8299.548359632492
1759523530.852846,2025-10-03 20:32:10.852846146,200.0,76.80000305175781,0.0,20.0,8301.56783080101
1759523533.0482502,2025-10-03 20:32:13.048250198,200.0,76.69999694824219,0.0,20.0,8303.763235092163
1759523534.505302,2025-10-03 20:32:14.505301952,200.0,76.5999984741211,0.0,20.0,8305.22028684616
1759523536.1370842,2025-10-03 20:32:16.137084246,200.0,76.5,0.0,20.0,8306.85206913948
1759523537.4089675,2025-10-03 20:32:17.408967733,200.0,76.4000015258789,0.0,20.0,8308.123952388763
1759523539.8549025,2025-10-03 20:32:19.854902267,200.0,76.30000305175781,0.0,20.0,8310.569887399673
1759523542.1065822,2025-10-03 20:32:22.106582165,200.0,76.19999694824219,0.0,20.0,8312.821567058563
1759523544.3593624,2025-10-03 20:32:24.359362364,200.0,76.0999984741211,0.0,20.0,8315.074347257614
1759523546.133861,2025-10-03 20:32:26.133861065,200.0,76.0,0.0,20.0,8316.84884595871
1759523548.4341471,2025-10-03 20:32:28.434147120,200.0,75.9000015258789,0.0,20.0,8319.149132013321
1759523551.7231088,2025-10-03 20:32:31.723108768,200.0,75.80000305175781,0.0,20.0,8322.438093662262
1759523553.5182674,2025-10-03 20:32:33.518267393,200.0,75.69999694824219,0.0,20.0,8324.233252286911
1759523555.4554503,2025-10-03 20:32:35.455450296,200.0,75.5999984741211,0.0,20.0,8326.1704351902
1759523556.9058545,2025-10-03 20:32:36.905854464,200.0,75.5,0.0,20.0,8327.620839357376
1759523558.5364416,2025-10-03 20:32:38.536441564,200.0,75.4000015258789,0.0,20.0,8329.251426458359
1759523559.9291008,2025-10-03 20:32:39.929100752,200.0,75.30000305175781,0.0,20.0,8330.644085645676
1759523561.429881,2025-10-03 20:32:41.429881096,200.0,75.19999694824219,0.0,20.0,8332.144865989685
1759523563.44417,2025-10-03 20:32:43.444169998,200.0,75.0999984741211,0.0,20.0,8334.159154891968
1759523564.6597514,2025-10-03 20:32:44.659751415,200.0,75.0,0.0,20.0,8335.374736309052
1759523566.4467154,2025-10-03 20:32:46.446715355,200.0,74.9000015258789,0.0,20.0,8337.161700248718
1759523567.8291008,2025-10-03 20:32:47.829100847,200.0,74.80000305175781,0.0,20.0,8338.544085741043
1759523570.3077765,2025-10-03 20:32:50.307776451,200.0,74.69999694824219,0.0,20.0,8341.02276134491
1759523572.2628677,2025-10-03 20:32:52.262867689,200.0,74.5999984741211,0.0,20.0,8342.977852582932
1759523573.606798,2025-10-03 20:32:53.606797934,200.0,74.5,0.0,20.0,8344.321782827377
1759523575.2431133,2025-10-03 20:32:55.243113279,200.0,74.4000015258789,0.0,20.0,8345.958098173141
1759523576.53564,2025-10-03 20:32:56.535640001,200.0,74.30000305175781,0.0,20.0,8347.250624895096
1759523577.9339883,2025-10-03 20:32:57.933988333,200.0,74.19999694824219,0.0,20.0,8348.648973226547
1759523579.6266844,2025-10-03 20:32:59.626684427,200.0,74.0999984741211,0.0,20.0,8350.34166932106
1759523582.049168,2025-10-03 20:33:02.049168110,200.0,74.0,0.0,20.0,8352.764153003693
1759523586.613058,2025-10-03 20:33:06.613058090,200.0,73.9000015258789,0.0,20.0,8357.328042984009
1759523588.4472384,2025-10-03 20:33:08.447238445,200.0,73.80000305175781,0.0,20.0,8359.16222333908
1759523590.518881,2025-10-03 20:33:10.518881320,200.0,73.69999694824219,0.0,20.0,8361.233865976334
1759523592.6531334,2025-10-03 20:33:12.653133392,200.0,73.5999984741211,0.0,20.0,8363.368118286133
1759523595.1232553,2025-10-03 20:33:15.123255253,200.0,73.5,0.0,20.0,8365.838240146637
1759523596.909691,2025-10-03 20:33:16.909691334,200.0,73.4000015258789,0.0,20.0,8367.624675989151
1759523598.812421,2025-10-03 20:33:18.812421322,200.0,73.30000305175781,0.0,20.0,8369.52740597725
1759523600.658322,2025-10-03 20:33:20.658321857,200.0,73.19999694824219,0.0,20.0,8371.37330698967
1759523603.110603,2025-10-03 20:33:23.110603094,200.0,73.0999984741211,0.0,20.0,8373.8255879879
1759523606.8358192,2025-10-03 20:33:26.835819244,200.0,73.0,0.0,20.0,8377.550804138184
1759523609.546548,2025-10-03 20:33:29.546547890,200.0,72.9000015258789,0.0,20.0,8380.261532783508
1759523613.527306,2025-10-03 20:33:33.527306080,200.0,72.80000305175781,0.0,20.0,8384.242290973663
1759523615.218564,2025-10-03 20:33:35.218564034,200.0,72.69999694824219,0.0,20.0,8385.933548927307
1759523616.931335,2025-10-03 20:33:36.931334972,200.0,72.5999984741211,0.0,20.0,8387.64631986618
1759523620.525282,2025-10-03 20:33:40.525281906,200.0,72.5,0.0,20.0,8391.240266799927
1759523622.113307,2025-10-03 20:33:42.113306999,200.0,72.4000015258789,0.0,20.0,8392.828291893005
1759523624.5365725,2025-10-03 20:33:44.536572456,200.0,72.30000305175781,0.0,20.0,8395.251557350159
1759523624.7191927,2025-10-03 20:33:44.719192743,200.0,72.4000015258789,0.0,20.0,8395.4341776371
1759523624.8424623,2025-10-03 20:33:44.842462540,200.0,72.30000305175781,0.0,20.0,8395.557447195053
1759523627.5016744,2025-10-03 20:33:47.501674414,200.0,72.19999694824219,0.0,20.0,8398.21665930748
1759523629.751902,2025-10-03 20:33:49.751901865,200.0,72.0999984741211,0.0,20.0,8400.466886997223
1759523631.511624,2025-10-03 20:33:51.511624098,200.0,72.0,0.0,20.0,8402.226608991623
1759523633.3296258,2025-10-03 20:33:53.329625845,200.0,71.9000015258789,0.0,20.0,8404.044610738754
1759523635.0996697,2025-10-03 20:33:55.099669695,200.0,71.80000305175781,0.0,20.0,8405.8146545887
1759523636.3187597,2025-10-03 20:33:56.318759680,200.0,71.69999694824219,0.0,20.0,8407.033744573593
1759523638.025875,2025-10-03 20:33:58.025875092,200.0,71.5999984741211,0.0,20.0,8408.740859985352
1759523640.0286224,2025-10-03 20:34:00.028622389,200.0,71.5,0.0,20.0,8410.743607282639
1759523641.927786,2025-10-03 20:34:01.927785873,200.0,71.4000015258789,0.0,20.0,8412.64277100563
1759523643.2056744,2025-10-03 20:34:03.205674410,200.0,71.30000305175781,0.0,20.0,8413.920659303665
1759523644.419648,2025-10-03 20:34:04.419647932,200.0,71.19999694824219,0.0,20.0,8415.134632825851
1759523645.527228,2025-10-03 20:34:05.527227879,200.0,71.0999984741211,0.0,20.0,8416.242213010788
1759523647.7033775,2025-10-03 20:34:07.703377724,200.0,71.0,0.0,20.0,8418.418362379074
1759523655.1189196,2025-10-03 20:34:15.118919611,200.0,70.9000015258789,0.0,20.0,8425.833904504776
1759523659.7320237,2025-10-03 20:34:19.732023716,200.0,70.80000305175781,0.0,20.0,8430.447008609772
1759523659.9103425,2025-10-03 20:34:19.910342455,200.0,70.9000015258789,0.0,20.0,8430.62532734871
1759523660.0308018,2025-10-03 20:34:20.030801773,200.0,70.80000305175781,0.0,20.0,8430.74578666687
1759523662.65257,2025-10-03 20:34:22.652570009,200.0,70.69999694824219,0.0,20.0,8433.36755490303
1759523665.1432009,2025-10-03 20:34:25.143200874,200.0,70.5999984741211,0.0,20.0,8435.858185768127
1759523665.2034588,2025-10-03 20:34:25.203458786,200.0,70.69999694824219,0.0,20.0,8435.91844367981
1759523665.5076573,2025-10-03 20:34:25.507657290,200.0,70.5999984741211,0.0,20.0,8436.222642183304
1759523668.9596996,2025-10-03 20:34:28.959699631,200.0,70.5,0.0,20.0,8439.674684524536
1759523674.0225303,2025-10-03 20:34:34.022530317,200.0,70.4000015258789,0.0,20.0,8444.737515211105
1759523676.5009408,2025-10-03 20:34:36.500940799,200.0,70.30000305175781,0.0,20.0,8447.215925693512
1759523678.5059755,2025-10-03 20:34:38.505975723,200.0,70.19999694824219,0.0,20.0,8449.220960378647
1759523681.357616,2025-10-03 20:34:41.357615948,200.0,70.0999984741211,0.0,20.0,8452.072600841522
1759523683.841972,2025-10-03 20:34:43.841971874,200.0,70.0,0.0,20.0,8454.556957006454
1759523685.9053051,2025-10-03 20:34:45.905305147,200.0,69.9000015258789,0.0,20.0,8456.62029004097
1759523689.0537395,2025-10-03 20:34:49.053739548,200.0,69.80000305175781,0.0,20.0,8459.768724441528
1759523691.7555368,2025-10-03 20:34:51.755536795,200.0,69.69999694824219,0.0,20.0,8462.470521688461
1759523694.8300288,2025-10-03 20:34:54.830028772,200.0,69.5999984741211,0.0,20.0,8465.545013666153
1759523695.008488,2025-10-03 20:34:55.008487940,200.0,69.69999694824219,0.0,20.0,8465.723472833633
1759523695.1304722,2025-10-03 20:34:55.130472182,200.0,69.5999984741211,0.0,20.0,8465.845457077026
1759523697.6052773,2025-10-03 20:34:57.605277300,200.0,69.5,0.0,20.0,8468.32026219368
1759523700.0295603,2025-10-03 20:35:00.029560328,200.0,69.4000015258789,0.0,20.0,8470.744545221329
1759523703.0043068,2025-10-03 20:35:03.004306793,200.0,69.30000305175781,0.0,20.0,8473.719291687012
1759523706.22289,2025-10-03 20:35:06.222890139,200.0,69.19999694824219,0.0,20.0,8476.937874794006
1759523706.7035944,2025-10-03 20:35:06.703594446,200.0,69.30000305175781,0.0,20.0,8477.418579339981
1759523706.8232546,2025-10-03 20:35:06.823254585,200.0,69.19999694824219,0.0,20.0,8477.538239479065
1759523707.129855,2025-10-03 20:35:07.129854918,200.0,69.30000305175781,0.0,20.0,8477.844839811325
1759523707.3096335,2025-10-03 20:35:07.309633493,200.0,69.19999694824219,0.0,20.0,8478.024618387222
1759523711.0019338,2025-10-03 20:35:11.001933813,200.0,69.0999984741211,0.0,20.0,8481.716918706894
1759523712.8099148,2025-10-03 20:35:12.809914827,200.0,69.0,0.0,20.0,8483.524899721146
1759523715.539318,2025-10-03 20:35:15.539318085,200.0,68.9000015258789,0.0,20.0,8486.254302978516
1759523718.306877,2025-10-03 20:35:18.306876898,200.0,68.80000305175781,0.0,20.0,8489.02186179161
1759523721.7494795,2025-10-03 20:35:21.749479532,200.0,68.69999694824219,0.0,20.0,8492.46446442604
1759523724.721969,2025-10-03 20:35:24.721968651,200.0,68.5999984741211,0.0,20.0,8495.436953783035
1759523727.003814,2025-10-03 20:35:27.003813982,200.0,68.5,0.0,20.0,8497.718798875809
1759523728.8546846,2025-10-03 20:35:28.854684591,200.0,68.4000015258789,0.0,20.0,8499.569669485092
1759523730.909863,2025-10-03 20:35:30.909862995,200.0,68.30000305175781,0.0,20.0,8501.624847888947
1759523733.4406714,2025-10-03 20:35:33.440671444,200.0,68.19999694824219,0.0,20.0,8504.155656337738
1759523735.4409015,2025-10-03 20:35:35.440901518,200.0,68.0999984741211,0.0,20.0,8506.155886411667
1759523737.9019587,2025-10-03 20:35:37.901958704,200.0,68.0,0.0,20.0,8508.616943597794
1759523740.146951,2025-10-03 20:35:40.146950960,200.0,67.9000015258789,0.0,20.0,8510.861935853958
1759523742.5006063,2025-10-03 20:35:42.500606537,200.0,67.80000305175781,0.0,20.0,8513.215591192245
1759523746.3986232,2025-10-03 20:35:46.398623228,200.0,67.69999694824219,0.0,20.0,8517.113608121872
1759523746.518365,2025-10-03 20:35:46.518364668,200.0,67.80000305175781,0.0,20.0,8517.23334980011
1759523746.999421,2025-10-03 20:35:46.999420881,200.0,67.69999694824219,0.0,20.0,8517.71440577507
1759523749.9153256,2025-10-03 20:35:49.915325642,200.0,67.5999984741211,0.0,20.0,8520.63031053543
1759523755.0414689,2025-10-03 20:35:55.041468859,200.0,67.5,0.0,20.0,8525.756453752518
1759523761.4107,2025-10-03 20:36:01.410700083,200.0,67.4000015258789,0.0,20.0,8532.125684976578
1759523763.6255689,2025-10-03 20:36:03.625568867,200.0,67.30000305175781,0.0,20.0,8534.340553760529
1759523767.2338238,2025-10-03 20:36:07.233823776,200.0,67.19999694824219,0.0,20.0,8537.948808670044
1759523769.4153707,2025-10-03 20:36:09.415370703,200.0,67.0999984741211,0.0,20.0,8540.130355596542
1759523770.9269135,2025-10-03 20:36:10.926913738,200.0,67.0,0.0,20.0,8541.641898393631
1759523773.7427387,2025-10-03 20:36:13.742738724,200.0,66.9000015258789,0.0,20.0,8544.457723617554
1759523777.0334418,2025-10-03 20:36:17.033441782,200.0,66.80000305175781,0.0,20.0,8547.748426675797
1759523779.703652,2025-10-03 20:36:19.703652143,200.0,66.69999694824219,0.0,20.0,8550.418636798859
1759523783.2054422,2025-10-03 20:36:23.205442190,200.0,66.5999984741211,0.0,20.0,8553.92042708397
1759523785.6218705,2025-10-03 20:36:25.621870518,200.0,66.5,0.0,20.0,8556.33685541153
1759523802.7256744,2025-10-03 20:36:42.725674391,200.0,66.4000015258789,0.0,20.0,8573.440659284592
1759523804.9030273,2025-10-03 20:36:44.903027296,200.0,66.30000305175781,0.0,20.0,8575.618012189865
1759523807.3066008,2025-10-03 20:36:47.306600809,200.0,66.19999694824219,0.0,20.0,8578.021585702896
1759523807.4280186,2025-10-03 20:36:47.428018570,200.0,66.30000305175781,0.0,20.0,8578.143003463745
1759523808.0352027,2025-10-03 20:36:48.035202742,200.0,66.19999694824219,0.0,20.0,8578.750187635422
1759523812.496307,2025-10-03 20:36:52.496306658,200.0,66.0999984741211,0.0,20.0,8583.211291790009
1759523821.304772,2025-10-03 20:37:01.304772139,200.0,66.0,0.0,20.0,8592.019756793976
1759523821.728258,2025-10-03 20:37:01.728258133,200.0,66.0999984741211,0.0,20.0,8592.443242788315
1759523821.9068477,2025-10-03 20:37:01.906847477,200.0,66.0,0.0,20.0,8592.621832609177
1759523832.8243518,2025-10-03 20:37:12.824351788,200.0,65.9000015258789,0.0,20.0,8603.539336681366
1759523837.3442457,2025-10-03 20:37:17.344245672,200.0,65.80000305175781,0.0,20.0,8608.059230566025
1759523840.6017115,2025-10-03 20:37:20.601711512,200.0,65.69999694824219,0.0,20.0,8611.31669640541
1759523842.540717,2025-10-03 20:37:22.540716887,200.0,65.5999984741211,0.0,20.0,8613.25570178032
1759523845.9292548,2025-10-03 20:37:25.929254770,200.0,65.5,0.0,20.0,8616.644239664078
1759523849.0175862,2025-10-03 20:37:29.017586231,200.0,65.4000015258789,0.0,20.0,8619.73257112503
1759523852.2339818,2025-10-03 20:37:32.233981848,200.0,65.30000305175781,0.0,20.0,8622.948966741562
1759523855.3924608,2025-10-03 20:37:35.392460823,200.0,65.19999694824219,0.0,20.0,8626.107445716858
1759523857.5012686,2025-10-03 20:37:37.501268625,200.0,65.0999984741211,0.0,20.0,8628.216253519058
1759523859.3442533,2025-10-03 20:37:39.344253302,200.0,65.0,0.0,20.0,8630.05923819542
1759523860.901024,2025-10-03 20:37:40.901024103,200.0,64.9000015258789,0.0,20.0,8631.616008996964
1759523863.8156009,2025-10-03 20:37:43.815600872,200.0,64.80000305175781,0.0,20.0,8634.530585765839
1759523863.9332423,2025-10-03 20:37:43.933242321,200.0,64.9000015258789,0.0,20.0,8634.648227214813
1759523864.116881,2025-10-03 20:37:44.116880894,200.0,64.80000305175781,0.0,20.0,8634.831865787506
1759523868.8311293,2025-10-03 20:37:48.831129313,200.0,64.69999694824219,0.0,20.0,8639.546114206314
1759523874.814973,2025-10-03 20:37:54.814973116,200.0,64.5999984741211,0.0,20.0,8645.52995800972
1759523879.537229,2025-10-03 20:37:59.537229061,200.0,64.5,0.0,20.0,8650.252213954926
1759523881.898242,2025-10-03 20:38:01.898241997,200.0,64.4000015258789,0.0,20.0,8652.613226890564
1759523885.9427528,2025-10-03 20:38:05.942752838,200.0,64.30000305175781,0.0,20.0,8656.657737731934
1759523890.1991165,2025-10-03 20:38:10.199116468,200.0,64.19999694824219,0.0,20.0,8660.914101362228
1759523892.894802,2025-10-03 20:38:12.894802094,200.0,64.0999984741211,0.0,20.0,8663.609786987305
1759523895.40537,2025-10-03 20:38:15.405369997,200.0,64.0,0.0,20.0,8666.120354890823
1759523898.5093894,2025-10-03 20:38:18.509389400,200.0,63.900001525878906,0.0,20.0,8669.224374294281
1759523900.0146296,2025-10-03 20:38:20.014629602,200.0,63.79999923706055,0.0,20.0,8670.729614496231
1759523901.2351143,2025-10-03 20:38:21.235114336,200.0,63.70000076293945,0.0,20.0,8671.950099229813
1759523902.7449377,2025-10-03 20:38:22.744937658,200.0,63.59999847412109,0.0,20.0,8673.459922552109
1759523907.0304985,2025-10-03 20:38:27.030498505,200.0,63.5,0.0,20.0,8677.745483398438
1759523910.722888,2025-10-03 20:38:30.722887993,200.0,63.400001525878906,0.0,20.0,8681.437872886658
1759523912.5319629,2025-10-03 20:38:32.531962872,200.0,63.29999923706055,0.0,20.0,8683.24694776535
1759523913.798118,2025-10-03 20:38:33.798117876,200.0,63.20000076293945,0.0,20.0,8684.51310300827
1759523915.9269266,2025-10-03 20:38:35.926926613,200.0,63.09999847412109,0.0,20.0,8686.641911506653
1759523919.3018906,2025-10-03 20:38:39.301890612,200.0,63.0,0.0,20.0,8690.016875505447
1759523923.8390996,2025-10-03 20:38:43.839099646,200.0,62.900001525878906,0.0,20.0,8694.554084539413
1759523931.438265,2025-10-03 20:38:51.438265085,200.0,63.0,0.0,20.0,8702.15324997902
1759523932.111692,2025-10-03 20:38:52.111691952,200.0,62.900001525878906,0.0,20.0,8702.82667684555
1759523932.2902048,2025-10-03 20:38:52.290204763,200.0,63.0,0.0,20.0,8703.005189657211
1759523932.4113052,2025-10-03 20:38:52.411305189,200.0,62.900001525878906,0.0,20.0,8703.126290082932
1759523936.143273,2025-10-03 20:38:56.143273115,200.0,62.79999923706055,0.0,20.0,8706.858258008957
1759523940.9180963,2025-10-03 20:39:00.918096542,200.0,62.70000076293945,0.0,20.0,8711.633081197739
1759523941.0378296,2025-10-03 20:39:01.037829638,200.0,62.79999923706055,0.0,20.0,8711.752814531326
1759523941.340319,2025-10-03 20:39:01.340318918,200.0,62.70000076293945,0.0,20.0,8712.055303812027
1759523942.2510512,2025-10-03 20:39:02.251051187,200.0,62.79999923706055,0.0,20.0,8712.966036081314
1759523942.4304302,2025-10-03 20:39:02.430430174,200.0,62.70000076293945,0.0,20.0,8713.145415067673
1759523942.49078,2025-10-03 20:39:02.490779877,200.0,62.79999923706055,0.0,20.0,8713.205765008926
1759523944.4156754,2025-10-03 20:39:04.415675402,200.0,62.70000076293945,0.0,20.0,8715.130660295486
1759523944.595323,2025-10-03 20:39:04.595323324,200.0,62.79999923706055,0.0,20.0,8715.310307979584
1759523944.896658,2025-10-03 20:39:04.896657944,200.0,62.70000076293945,0.0,20.0,8715.611642837524
1759523945.0164666,2025-10-03 20:39:05.016466617,200.0,62.79999923706055,0.0,20.0,8715.731451511383
1759523950.735826,2025-10-03 20:39:10.735826015,200.0,62.70000076293945,0.0,20.0,8721.450810909271
1759523956.2430232,2025-10-03 20:39:16.243023157,200.0,62.59999847412109,0.0,20.0,8726.958008050919
1759523958.727134,2025-10-03 20:39:18.727133989,200.0,62.5,0.0,20.0,8729.442118883133
1759523958.9078307,2025-10-03 20:39:18.907830715,200.0,62.59999847412109,0.0,20.0,8729.622815608978
1759523959.0303664,2025-10-03 20:39:19.030366421,200.0,62.5,0.0,20.0,8729.745351314545
1759523961.5195696,2025-10-03 20:39:21.519569635,200.0,62.400001525878906,0.0,20.0,8732.23455452919
1759523963.326491,2025-10-03 20:39:23.326491117,200.0,62.29999923706055,0.0,20.0,8734.041476011276
1759523965.2129345,2025-10-03 20:39:25.212934256,200.0,62.20000076293945,0.0,20.0,8735.927919387817
1759523972.228664,2025-10-03 20:39:32.228663921,200.0,62.09999847412109,0.0,20.0,8742.943648815155
1759523972.4125197,2025-10-03 20:39:32.412519693,200.0,62.20000076293945,0.0,20.0,8743.127504587173
1759523972.529461,2025-10-03 20:39:32.529460907,200.0,62.09999847412109,0.0,20.0,8743.244445800781
1759523976.8360293,2025-10-03 20:39:36.836029291,200.0,62.0,0.0,20.0,8747.551014184952
1759523978.8982885,2025-10-03 20:39:38.898288488,200.0,61.900001525878906,0.0,20.0,8749.613273382187
1759523981.6135075,2025-10-03 20:39:41.613507748,200.0,61.79999923706055,0.0,20.0,8752.32849240303
1759523985.310254,2025-10-03 20:39:45.310254097,200.0,61.70000076293945,0.0,20.0,8756.025238990784
1759523988.6168466,2025-10-03 20:39:48.616846561,200.0,61.59999847412109,0.0,20.0,8759.33183145523
1759523988.736795,2025-10-03 20:39:48.736794949,200.0,61.70000076293945,0.0,20.0,8759.451779842377
1759523989.0390038,2025-10-03 20:39:49.039003849,200.0,61.59999847412109,0.0,20.0,8759.753988742828
1759523990.79791,2025-10-03 20:39:50.797909975,200.0,61.5,0.0,20.0,8761.51289486885
1759523993.3174162,2025-10-03 20:39:53.317416191,200.0,61.400001525878906,0.0,20.0,8764.0324010849
1759524004.8044722,2025-10-03 20:40:04.804472208,200.0,61.29999923706055,0.0,20.0,8775.519457101822
1759524007.0379694,2025-10-03 20:40:07.037969351,200.0,61.20000076293945,0.0,20.0,8777.752954244614
1759524009.69321,2025-10-03 20:40:09.693209887,200.0,61.09999847412109,0.0,20.0,8780.40819478035
1759524011.906217,2025-10-03 20:40:11.906217098,200.0,61.0,0.0,20.0,8782.621201992035
1759524014.134674,2025-10-03 20:40:14.134674072,200.0,60.900001525878906,0.0,20.0,8784.849658966064
1759524014.3933878,2025-10-03 20:40:14.393387794,200.0,61.0,0.0,20.0,8785.108372688293
1759524014.6381404,2025-10-03 20:40:14.638140440,200.0,60.900001525878906,0.0,20.0,8785.353125333786
1759524018.6320128,2025-10-03 20:40:18.632012844,200.0,60.79999923706055,0.0,20.0,8789.346997737885
1759524021.917946,2025-10-03 20:40:21.917946100,200.0,60.70000076293945,0.0,20.0,8792.632930994034
1759524031.8203142,2025-10-03 20:40:31.820314169,200.0,60.59999847412109,0.0,20.0,8802.535299062729
1759524032.3137684,2025-10-03 20:40:32.313768387,200.0,60.70000076293945,0.0,20.0,8803.02875328064
1759524032.4337444,2025-10-03 20:40:32.433744431,200.0,60.59999847412109,0.0,20.0,8803.14872932434
1759524032.6146066,2025-10-03 20:40:32.614606619,200.0,60.70000076293945,0.0,20.0,8803.32959151268
1759524032.7373772,2025-10-03 20:40:32.737377167,200.0,60.59999847412109,0.0,20.0,8803.452362060547
1759524033.040099,2025-10-03 20:40:33.040098906,200.0,60.70000076293945,0.0,20.0,8803.755083799362
1759524038.1121645,2025-10-03 20:40:38.112164497,200.0,60.79999923706055,0.0,20.0,8808.827149391174
1759524042.3863776,2025-10-03 20:40:42.386377573,200.0,60.70000076293945,0.0,20.0,8813.101362466812
1759524042.5120673,2025-10-03 20:40:42.512067318,200.0,60.79999923706055,0.0,20.0,8813.227052211761
1759524042.8160548,2025-10-03 20:40:42.816054821,200.0,60.70000076293945,0.0,20.0,8813.531039714813
1759524049.0982828,2025-10-03 20:40:49.098282814,200.0,60.59999847412109,0.0,20.0,8819.813267707825
1759524051.1044283,2025-10-03 20:40:51.104428291,200.0,60.70000076293945,0.0,20.0,8821.81941318512
1759524064.844565,2025-10-03 20:41:04.844564915,200.0,60.59999847412109,0.0,20.0,8835.559549808502
1759524067.0256758,2025-10-03 20:41:07.025675774,200.0,60.5,0.0,20.0,8837.74066066742
1759524069.028379,2025-10-03 20:41:09.028378963,200.0,60.400001525878906,0.0,20.0,8839.74336385727
1759524082.6196191,2025-10-03 20:41:22.619619131,200.0,60.29999923706055,0.0,20.0,8853.334604024887
1759524085.3082306,2025-10-03 20:41:25.308230639,200.0,60.20000076293945,0.0,20.0,8856.023215532303
1759524102.6914318,2025-10-03 20:41:42.691431761,200.0,60.09999847412109,0.0,20.0,8873.406416654587
1759524113.1246383,2025-10-03 20:41:53.124638319,200.0,60.0,0.0,20.0,8883.839623212814
1759524113.4288042,2025-10-03 20:41:53.428804159,200.0,60.09999847412109,0.0,20.0,8884.143789052963
1759524113.488516,2025-10-03 20:41:53.488515854,200.0,60.0,0.0,20.0,8884.2035009861
1759524116.8256776,2025-10-03 20:41:56.825677633,200.0,59.900001525878906,0.0,20.0,8887.540662527084
1759524121.939754,2025-10-03 20:42:01.939754009,200.0,59.79999923706055,0.0,20.0,8892.654738903046
1759524126.640447,2025-10-03 20:42:06.640446663,200.0,59.900001525878906,0.0,20.0,8897.35543179512
1759524128.53961,2025-10-03 20:42:08.539610147,200.0,59.79999923706055,0.0,20.0,8899.254594802856
1759524129.026682,2025-10-03 20:42:09.026681900,200.0,59.900001525878906,0.0,20.0,8899.741666793823
1759524129.0867789,2025-10-03 20:42:09.086778879,200.0,59.79999923706055,0.0,20.0,8899.801763772964
1759524130.0030248,2025-10-03 20:42:10.003024817,200.0,59.900001525878906,0.0,20.0,8900.718009710312
1759524142.4388754,2025-10-03 20:42:22.438875437,200.0,59.79999923706055,0.0,20.0,8913.153860330582
1759524142.499975,2025-10-03 20:42:22.499974966,200.0,59.900001525878906,0.0,20.0,8913.214959859848
1759524142.9866984,2025-10-03 20:42:22.986698389,200.0,59.79999923706055,0.0,20.0,8913.701683282852
1759524143.5985048,2025-10-03 20:42:23.598504782,200.0,59.900001525878906,0.0,20.0,8914.313489675522
1759524150.8292782,2025-10-03 20:42:30.829278231,200.0,60.0,0.0,20.0,8921.544263124466
1759524151.3378425,2025-10-03 20:42:31.337842464,200.0,59.900001525878906,0.0,20.0,8922.052827358246
1759524151.398588,2025-10-03 20:42:31.398587942,200.0,60.0,0.0,20.0,8922.113572835922
1759524158.017604,2025-10-03 20:42:38.017604113,200.0,60.09999847412109,0.0,20.0,8928.732589006424
1759524158.3881004,2025-10-03 20:42:38.388100386,200.0,60.0,0.0,20.0,8929.103085279465
1759524158.9261105,2025-10-03 20:42:38.926110268,200.0,60.09999847412109,0.0,20.0,8929.641095399857
1759524158.9848878,2025-10-03 20:42:38.984887838,200.0,60.0,0.0,20.0,8929.699872732162
1759524159.2828753,2025-10-03 20:42:39.282875299,200.0,60.09999847412109,0.0,20.0,8929.997860193253
1759524162.5811846,2025-10-03 20:42:42.581184626,200.0,60.0,0.0,20.0,8933.296169519424
1759524171.91878,2025-10-03 20:42:51.918780088,200.0,59.900001525878906,0.0,20.0,8942.633764982224
1759524175.880168,2025-10-03 20:42:55.880167961,200.0,59.79999923706055,0.0,20.0,8946.59515285492
1759524179.830871,2025-10-03 20:42:59.830871344,200.0,59.70000076293945,0.0,20.0,8950.545855998993
1759524185.0128565,2025-10-03 20:43:05.012856483,200.0,59.59999847412109,0.0,20.0,8955.727841377258
1759524188.7206955,2025-10-03 20:43:08.720695496,200.0,59.70000076293945,0.0,20.0,8959.435680389404
1759524209.1137972,2025-10-03 20:43:29.113797188,200.0,59.79999923706055,0.0,20.0,8979.828782081604
1759524209.232389,2025-10-03 20:43:29.232388973,200.0,59.70000076293945,0.0,20.0,8979.947373867035
1759524210.72672,2025-10-03 20:43:30.726719856,200.0,59.79999923706055,0.0,20.0,8981.44170498848
1759524211.0270848,2025-10-03 20:43:31.027084827,200.0,59.70000076293945,0.0,20.0,8981.742069721222
1759524212.3836088,2025-10-03 20:43:32.383608818,200.0,59.79999923706055,0.0,20.0,8983.098593711853
1759524222.8877704,2025-10-03 20:43:42.887770414,200.0,59.900001525878906,0.0,20.0,8993.602755308151
1759524224.397786,2025-10-03 20:43:44.397785902,200.0,59.79999923706055,0.0,20.0,8995.112770795822
1759524232.9193146,2025-10-03 20:43:52.919314623,200.0,59.70000076293945,0.0,20.0,9003.634299516678
1759524244.3291085,2025-10-03 20:44:04.329108477,200.0,59.59999847412109,0.0,20.0,9015.044093370438
1759524245.480095,2025-10-03 20:44:05.480094671,200.0,59.70000076293945,0.0,20.0,9016.195079803467
1759524245.606229,2025-10-03 20:44:05.606229067,200.0,59.59999847412109,0.0,20.0,9016.321213960648
1759524246.22661,2025-10-03 20:44:06.226609945,200.0,59.70000076293945,0.0,20.0,9016.941594839096
1759524251.93815,2025-10-03 20:44:11.938149929,200.0,59.59999847412109,0.0,20.0,9022.653134822845
1759524254.6925015,2025-10-03 20:44:14.692501545,200.0,59.5,0.0,20.0,9025.407486438751
1759524269.6378329,2025-10-03 20:44:29.637832880,200.0,59.400001525878906,0.0,20.0,9040.352817773819
1759524269.8897903,2025-10-03 20:44:29.889790297,200.0,59.5,0.0,20.0,9040.604775190353
1759524271.304412,2025-10-03 20:44:31.304411888,200.0,59.400001525878906,0.0,20.0,9042.019396781921
1759524271.6034074,2025-10-03 20:44:31.603407383,200.0,59.5,0.0,20.0,9042.318392276764
1759524271.9070272,2025-10-03 20:44:31.907027245,200.0,59.400001525878906,0.0,20.0,9042.622012138367
1759524279.408815,2025-10-03 20:44:39.408814669,200.0,59.29999923706055,0.0,20.0,9050.123799800873
1759524282.2363305,2025-10-03 20:44:42.236330509,200.0,59.20000076293945,0.0,20.0,9052.951315402985
1759524285.6269095,2025-10-03 20:44:45.626909733,200.0,59.09999847412109,0.0,20.0,9056.341894388199
1759524286.1180904,2025-10-03 20:44:46.118090391,200.0,59.20000076293945,0.0,20.0,9056.833075284958
1759524286.599612,2025-10-03 20:44:46.599611998,200.0,59.09999847412109,0.0,20.0,9057.314596891403
1759524286.9013517,2025-10-03 20:44:46.901351452,200.0,59.20000076293945,0.0,20.0,9057.616336584091
1759524287.526303,2025-10-03 20:44:47.526303053,200.0,59.09999847412109,0.0,20.0,9058.241287946701
1759524287.7068653,2025-10-03 20:44:47.706865311,200.0,59.20000076293945,0.0,20.0,9058.421850204468
1759524288.9253006,2025-10-03 20:44:48.925300598,200.0,59.09999847412109,0.0,20.0,9059.640285491943
1759524289.2257462,2025-10-03 20:44:49.225746155,200.0,59.20000076293945,0.0,20.0,9059.940731048584
1759524295.979424,2025-10-03 20:44:55.979424000,200.0,59.29999923706055,0.0,20.0,9066.694408893585
1759524301.4186409,2025-10-03 20:45:01.418640852,200.0,59.400001525878906,0.0,20.0,9072.133625745773
1759524306.893057,2025-10-03 20:45:06.893057346,200.0,59.29999923706055,0.0,20.0,9077.608042001724
1759524307.633445,2025-10-03 20:45:07.633445024,200.0,59.400001525878906,0.0,20.0,9078.34842991829
1759524307.695125,2025-10-03 20:45:07.695125103,200.0,59.29999923706055,0.0,20.0,9078.410109996796
1759524307.879767,2025-10-03 20:45:07.879766941,200.0,59.400001525878906,0.0,20.0,9078.59475183487
1759524308.7981925,2025-10-03 20:45:08.798192501,200.0,59.29999923706055,0.0,20.0,9079.513177394867
1759524309.2326517,2025-10-03 20:45:09.232651472,200.0,59.400001525878906,0.0,20.0,9079.947636604309
1759524309.415157,2025-10-03 20:45:09.415157080,200.0,59.29999923706055,0.0,20.0,9080.130141973495
1759524311.8062954,2025-10-03 20:45:11.806295395,200.0,59.400001525878906,0.0,20.0,9082.521280288696
1759524312.1086,2025-10-03 20:45:12.108599901,200.0,59.29999923706055,0.0,20.0,9082.823584794998
1759524313.2073126,2025-10-03 20:45:13.207312584,200.0,59.400001525878906,0.0,20.0,9083.922297477722
1759524313.817451,2025-10-03 20:45:13.817451000,200.0,59.29999923706055,0.0,20.0,9084.532435894012
1759524314.1231902,2025-10-03 20:45:14.123190165,200.0,59.400001525878906,0.0,20.0,9084.838175058365
1759524314.4258204,2025-10-03 20:45:14.425820351,200.0,59.29999923706055,0.0,20.0,9085.140805244446
1759524322.8307014,2025-10-03 20:45:22.830701351,200.0,59.20000076293945,0.0,20.0,9093.545686244965
1759524328.0161366,2025-10-03 20:45:28.016136646,200.0,59.09999847412109,0.0,20.0,9098.73112154007
1759524335.512575,2025-10-03 20:45:35.512574910,200.0,59.0,0.0,20.0,9106.227559804916
1759524336.0028682,2025-10-03 20:45:36.002868176,200.0,59.09999847412109,0.0,20.0,9106.717853069305
1759524336.321182,2025-10-03 20:45:36.321182013,200.0,59.0,0.0,20.0,9107.036166906357
1759524339.4013426,2025-10-03 20:45:39.401342630,200.0,58.900001525878906,0.0,20.0,9110.116327524185
1759524352.0197475,2025-10-03 20:45:52.019747734,200.0,58.79999923706055,0.0,20.0,9122.73473238945
1759524352.3241105,2025-10-03 20:45:52.324110508,200.0,58.900001525878906,0.0,20.0,9123.039095401764
1759524355.272877,2025-10-03 20:45:55.272876978,200.0,58.79999923706055,0.0,20.0,9125.98786187172
1759524367.0082333,2025-10-03 20:46:07.008233308,200.0,58.70000076293945,0.0,20.0,9137.723218202591
1759524367.1902733,2025-10-03 20:46:07.190273285,200.0,58.79999923706055,0.0,20.0,9137.905258178711
1759524367.3114524,2025-10-03 20:46:07.311452389,200.0,58.70000076293945,0.0,20.0,9138.026437282562
1759524368.119848,2025-10-03 20:46:08.119848013,200.0,58.79999923706055,0.0,20.0,9138.834832906723
1759524368.4828715,2025-10-03 20:46:08.482871532,200.0,58.70000076293945,0.0,20.0,9139.197856426239
1759524368.7275765,2025-10-03 20:46:08.727576494,200.0,58.79999923706055,0.0,20.0,9139.442561388016
1759524368.7904234,2025-10-03 20:46:08.790423393,200.0,58.70000076293945,0.0,20.0,9139.505408287048
1759524370.2040913,2025-10-03 20:46:10.204091311,200.0,58.79999923706055,0.0,20.0,9140.9190762043
1759524376.822744,2025-10-03 20:46:16.822744131,200.0,58.900001525878906,0.0,20.0,9147.537728786469
1759524382.574923,2025-10-03 20:46:22.574923038,200.0,59.0,0.0,20.0,9153.289907932281
1759524386.197766,2025-10-03 20:46:26.197766066,200.0,59.09999847412109,0.0,20.0,9156.912750959396
1759524398.677423,2025-10-03 20:46:38.677423000,200.0,59.0,0.0,20.0,9169.392407894135
1759524399.1130044,2025-10-03 20:46:39.113004446,200.0,59.09999847412109,0.0,20.0,9169.827989339828
1759524399.414225,2025-10-03 20:46:39.414225101,200.0,59.0,0.0,20.0,9170.12920999527
1759524399.598319,2025-10-03 20:46:39.598319054,200.0,59.09999847412109,0.0,20.0,9170.313303947449
1759524414.3966212,2025-10-03 20:46:54.396621227,200.0,59.0,0.0,20.0,9185.111606121063
1759524422.5119865,2025-10-03 20:47:02.511986256,200.0,59.09999847412109,0.0,20.0,9193.226971387863
1759524423.4374237,2025-10-03 20:47:03.437423468,200.0,59.0,0.0,20.0,9194.152408599854
1759524423.5007954,2025-10-03 20:47:03.500795364,200.0,59.09999847412109,0.0,20.0,9194.215780258179
1759524423.9222844,2025-10-03 20:47:03.922284365,200.0,59.0,0.0,20.0,9194.6372692585
1759524424.4069836,2025-10-03 20:47:04.406983614,200.0,59.09999847412109,0.0,20.0,9195.121968507767
1759524424.7144587,2025-10-03 20:47:04.714458704,200.0,59.0,0.0,20.0,9195.429443597794
1759524424.774372,2025-10-03 20:47:04.774371862,200.0,59.09999847412109,0.0,20.0,9195.489356994629
1759524431.981205,2025-10-03 20:47:11.981204987,200.0,59.20000076293945,0.0,20.0,9202.696189880371
1759524432.3057585,2025-10-03 20:47:12.305758476,200.0,59.09999847412109,0.0,20.0,9203.020743370056
1759524432.6711895,2025-10-03 20:47:12.671189547,200.0,59.20000076293945,0.0,20.0,9203.386174440384
1759524433.282758,2025-10-03 20:47:13.282757998,200.0,59.09999847412109,0.0,20.0,9203.997742891312
1759524433.5869956,2025-10-03 20:47:13.586995602,200.0,59.20000076293945,0.0,20.0,9204.301980495453
1759524433.824518,2025-10-03 20:47:13.824517965,200.0,59.09999847412109,0.0,20.0,9204.539502859116
1759524434.3156784,2025-10-03 20:47:14.315678358,200.0,59.20000076293945,0.0,20.0,9205.030663251877
1759524436.5940695,2025-10-03 20:47:16.594069481,200.0,59.09999847412109,0.0,20.0,9207.309054374695
1759524436.9057674,2025-10-03 20:47:16.905767441,200.0,59.20000076293945,0.0,20.0,9207.620752334595
1759524437.51503,2025-10-03 20:47:17.515029906,200.0,59.09999847412109,0.0,20.0,9208.230014801025
1759524438.075251,2025-10-03 20:47:18.075251102,200.0,59.20000076293945,0.0,20.0,9208.790235996246
1759524438.385916,2025-10-03 20:47:18.385915995,200.0,59.09999847412109,0.0,20.0,9209.100900888443
1759524438.993554,2025-10-03 20:47:18.993553877,200.0,59.20000076293945,0.0,20.0,9209.708539009094
1759524439.1154983,2025-10-03 20:47:19.115498304,200.0,59.09999847412109,0.0,20.0,9209.830483198166
1759524444.2902732,2025-10-03 20:47:24.290273190,200.0,59.0,0.0,20.0,9215.005258083344
1759524444.591702,2025-10-03 20:47:24.591701984,200.0,59.09999847412109,0.0,20.0,9215.306686878204
1759524444.7952895,2025-10-03 20:47:24.795289516,200.0,59.0,0.0,20.0,9215.510274410248
1759524463.3151984,2025-10-03 20:47:43.315198421,200.0,58.900001525878906,0.0,20.0,9234.030183315277
1759524463.509166,2025-10-03 20:47:43.509166001,200.0,59.0,0.0,20.0,9234.224150896072
1759524463.5749469,2025-10-03 20:47:43.574946880,200.0,58.900001525878906,0.0,20.0,9234.28993177414
1759524464.9775171,2025-10-03 20:47:44.977517128,200.0,59.0,0.0,20.0,9235.69250202179
1759524470.4708426,2025-10-03 20:47:50.470842600,200.0,59.09999847412109,0.0,20.0,9241.185827493668
1759524470.596413,2025-10-03 20:47:50.596412659,200.0,59.0,0.0,20.0,9241.311397790909
1759524470.8929305,2025-10-03 20:47:50.892930269,200.0,59.09999847412109,0.0,20.0,9241.607915401459
1759524482.8234265,2025-10-03 20:48:02.823426485,200.0,59.20000076293945,0.0,20.0,9253.53841137886
1759524482.8838885,2025-10-03 20:48:02.883888483,200.0,59.09999847412109,0.0,20.0,9253.598873376846
1759524483.6711214,2025-10-03 20:48:03.671121359,200.0,59.20000076293945,0.0,20.0,9254.38610625267
1759524491.0774531,2025-10-03 20:48:11.077453136,200.0,59.29999923706055,0.0,20.0,9261.792438030243
1759524491.3284266,2025-10-03 20:48:11.328426600,200.0,59.20000076293945,0.0,20.0,9262.043411493301
1759524491.388673,2025-10-03 20:48:11.388673067,200.0,59.29999923706055,0.0,20.0,9262.103657960892
1759524491.5729508,2025-10-03 20:48:11.572950840,200.0,59.20000076293945,0.0,20.0,9262.287935733795
1759524491.8767667,2025-10-03 20:48:11.876766682,200.0,59.29999923706055,0.0,20.0,9262.59175157547
1759524506.3833528,2025-10-03 20:48:26.383352757,200.0,59.20000076293945,0.0,20.0,9277.098337650299
1759524513.0825012,2025-10-03 20:48:33.082501173,200.0,59.09999847412109,0.0,20.0,9283.797486066818
1759524513.5689006,2025-10-03 20:48:33.568900585,200.0,59.20000076293945,0.0,20.0,9284.283885478973
1759524513.693525,2025-10-03 20:48:33.693525076,200.0,59.09999847412109,0.0,20.0,9284.408509969711
1759524516.2171695,2025-10-03 20:48:36.217169523,200.0,59.20000076293945,0.0,20.0,9286.932154417038
1759524516.4008212,2025-10-03 20:48:36.400821209,200.0,59.09999847412109,0.0,20.0,9287.115806102753
1759524517.5715382,2025-10-03 20:48:37.571538210,200.0,59.20000076293945,0.0,20.0,9288.286523103714
1759524518.6102211,2025-10-03 20:48:38.610221148,200.0,59.09999847412109,0.0,20.0,9289.325206041336
1759524518.9225574,2025-10-03 20:48:38.922557354,200.0,59.20000076293945,0.0,20.0,9289.637542247772
1759524518.9814112,2025-10-03 20:48:38.981411219,200.0,59.09999847412109,0.0,20.0,9289.696396112442
1759524519.2876456,2025-10-03 20:48:39.287645578,200.0,59.20000076293945,0.0,20.0,9290.002630472183
1759524519.4746578,2025-10-03 20:48:39.474657774,200.0,59.09999847412109,0.0,20.0,9290.18964266777
1759524537.5726414,2025-10-03 20:48:57.572641373,200.0,59.20000076293945,0.0,20.0,9308.28762626648
1759524573.0706418,2025-10-03 20:49:33.070641756,200.0,59.09999847412109,0.0,20.0,9343.785626649857
1759524579.690161,2025-10-03 20:49:39.690160990,200.0,59.20000076293945,0.0,20.0,9350.40514588356
1759524580.9757087,2025-10-03 20:49:40.975708723,200.0,59.09999847412109,0.0,20.0,9351.690693616867
1759524581.6082697,2025-10-03 20:49:41.608269453,200.0,59.20000076293945,0.0,20.0,9352.323254585266
1759524581.9118292,2025-10-03 20:49:41.911829233,200.0,59.09999847412109,0.0,20.0,9352.626814126968
1759524582.090108,2025-10-03 20:49:42.090107918,200.0,59.20000076293945,0.0,20.0,9352.805092811584
1759524593.18757,2025-10-03 20:49:53.187569857,200.0,59.09999847412109,0.0,20.0,9363.902554988861
1759524599.982404,2025-10-03 20:49:59.982403994,200.0,59.0,0.0,20.0,9370.697388887405
1759524600.2866497,2025-10-03 20:50:00.286649704,200.0,59.09999847412109,0.0,20.0,9371.001634597778
1759524600.5884998,2025-10-03 20:50:00.588499784,200.0,59.0,0.0,20.0,9371.303484678268
1759524602.985604,2025-10-03 20:50:02.985604048,200.0,59.09999847412109,0.0,20.0,9373.700588941574
1759524603.1650395,2025-10-03 20:50:03.165039539,200.0,59.0,0.0,20.0,9373.880024433136
1759524603.590798,2025-10-03 20:50:03.590797901,200.0,59.09999847412109,0.0,20.0,9374.305782794952
1759524603.890503,2025-10-03 20:50:03.890502930,200.0,59.0,0.0,20.0,9374.605487823486
1759524604.265967,2025-10-03 20:50:04.265966654,200.0,59.09999847412109,0.0,20.0,9374.980951786041
1759524605.186936,2025-10-03 20:50:05.186935902,200.0,59.0,0.0,20.0,9375.90192079544
1759524605.3695197,2025-10-03 20:50:05.369519711,200.0,59.09999847412109,0.0,20.0,9376.08450460434
1759524614.4039807,2025-10-03 20:50:14.403980732,200.0,59.20000076293945,0.0,20.0,9385.118965625763
1759524614.5866003,2025-10-03 20:50:14.586600542,200.0,59.09999847412109,0.0,20.0,9385.301585197449
1759524614.7097895,2025-10-03 20:50:14.709789515,200.0,59.20000076293945,0.0,20.0,9385.42477440834
1759524615.2136962,2025-10-03 20:50:15.213696241,200.0,59.09999847412109,0.0,20.0,9385.928681135178
1759524616.064537,2025-10-03 20:50:16.064537048,200.0,59.20000076293945,0.0,20.0,9386.779521942139
1759524621.3961856,2025-10-03 20:50:21.396185637,200.0,59.09999847412109,0.0,20.0,9392.11117053032
1759524621.574214,2025-10-03 20:50:21.574213982,200.0,59.20000076293945,0.0,20.0,9392.289198875427
1759524622.322557,2025-10-03 20:50:22.322556973,200.0,59.09999847412109,0.0,20.0,9393.037541866302
1759524648.8750594,2025-10-03 20:50:48.875059366,200.0,59.0,0.0,20.0,9419.590044260025
1759524649.1766882,2025-10-03 20:50:49.176688194,200.0,59.09999847412109,0.0,20.0,9419.891673088074
1759524649.3636577,2025-10-03 20:50:49.363657713,200.0,59.0,0.0,20.0,9420.078642606735
1759524649.7977407,2025-10-03 20:50:49.797740698,200.0,59.09999847412109,0.0,20.0,9420.51272559166
1759524650.5898757,2025-10-03 20:50:50.589875460,200.0,59.0,0.0,20.0,9421.304860591888
1759524658.313027,2025-10-03 20:50:58.313026905,200.0,59.09999847412109,0.0,20.0,9429.028011798859
1759524658.3728952,2025-10-03 20:50:58.372895241,200.0,59.0,0.0,20.0,9429.087880134583
1759524659.1741076,2025-10-03 20:50:59.174107552,200.0,59.09999847412109,0.0,20.0,9429.889092445374
1759524659.2952237,2025-10-03 20:50:59.295223713,200.0,59.0,0.0,20.0,9430.01020860672
1759524660.0942678,2025-10-03 20:51:00.094267845,200.0,59.09999847412109,0.0,20.0,9430.809252738953
1759524660.4670854,2025-10-03 20:51:00.467085361,200.0,59.0,0.0,20.0,9431.18207025528
1759524660.7133336,2025-10-03 20:51:00.713333607,200.0,59.09999847412109,0.0,20.0,9431.428318500519
1759524661.4110308,2025-10-03 20:51:01.411030769,200.0,59.0,0.0,20.0,9432.126015663147
1759524662.0130918,2025-10-03 20:51:02.013091803,200.0,59.09999847412109,0.0,20.0,9432.728076696396
1759524662.5665212,2025-10-03 20:51:02.566521168,200.0,59.0,0.0,20.0,9433.281506061554
1759524662.8688948,2025-10-03 20:51:02.868894815,200.0,59.09999847412109,0.0,20.0,9433.583879709244
1759524662.9880347,2025-10-03 20:51:02.988034725,200.0,59.0,0.0,20.0,9433.703019618988
1759524665.893578,2025-10-03 20:51:05.893578053,200.0,59.09999847412109,0.0,20.0,9436.60856294632
1759524666.7647336,2025-10-03 20:51:06.764733553,200.0,59.0,0.0,20.0,9437.479718446732
1759524689.611876,2025-10-03 20:51:29.611876011,200.0,59.09999847412109,0.0,20.0,9460.326860904694
1759524689.7958148,2025-10-03 20:51:29.795814753,200.0,59.0,0.0,20.0,9460.510799646378
1759524690.0990386,2025-10-03 20:51:30.099038601,200.0,59.09999847412109,0.0,20.0,9460.81402349472
1759524698.309833,2025-10-03 20:51:38.309833050,200.0,59.20000076293945,0.0,20.0,9469.024817943573
1759524698.676287,2025-10-03 20:51:38.676286936,200.0,59.09999847412109,0.0,20.0,9469.391271829605
1759524698.9899645,2025-10-03 20:51:38.989964485,200.0,59.20000076293945,0.0,20.0,9469.704949378967
1759524700.4655674,2025-10-03 20:51:40.465567350,200.0,59.09999847412109,0.0,20.0,9471.180552244186
1759524701.3871222,2025-10-03 20:51:41.387122154,200.0,59.20000076293945,0.0,20.0,9472.102107048035
1759524719.4690986,2025-10-03 20:51:59.469098568,200.0,59.09999847412109,0.0,20.0,9490.184083461761
1759524750.566487,2025-10-03 20:52:30.566487074,200.0,59.0,0.0,20.0,9521.281471967697
1759524750.6892562,2025-10-03 20:52:30.689256191,200.0,59.09999847412109,0.0,20.0,9521.404241085052
1759524750.8707194,2025-10-03 20:52:30.870719433,200.0,59.0,0.0,20.0,9521.58570432663
1759524750.989977,2025-10-03 20:52:30.989976883,200.0,59.09999847412109,0.0,20.0,9521.704961776733
1759524755.500097,2025-10-03 20:52:35.500097036,200.0,59.0,0.0,20.0,9526.21508193016
1759524755.5605838,2025-10-03 20:52:35.560583830,200.0,59.09999847412109,0.0,20.0,9526.275568723679
1759524755.864287,2025-10-03 20:52:35.864286661,200.0,59.0,0.0,20.0,9526.579271793365
1759524769.1081195,2025-10-03 20:52:49.108119488,200.0,58.900001525878906,0.0,20.0,9539.823104381561
1759524771.3701537,2025-10-03 20:52:51.370153666,200.0,59.0,0.0,20.0,9542.085138559341
1759524776.714879,2025-10-03 20:52:56.714879036,200.0,58.900001525878906,0.0,20.0,9547.429863929749
1759524780.3077905,2025-10-03 20:53:00.307790518,200.0,59.0,0.0,20.0,9551.022775411606
1759524780.615929,2025-10-03 20:53:00.615928888,200.0,58.900001525878906,0.0,20.0,9551.33091378212
1759524785.7867804,2025-10-03 20:53:05.786780357,200.0,59.0,0.0,20.0,9556.50176525116
1759524786.2072923,2025-10-03 20:53:06.207292318,200.0,58.900001525878906,0.0,20.0,9556.922277212143
1759524786.3917468,2025-10-03 20:53:06.391746759,200.0,59.0,0.0,20.0,9557.106731653214
1759524786.5209894,2025-10-03 20:53:06.520989418,200.0,58.900001525878906,0.0,20.0,9557.235974311829
1759524786.705124,2025-10-03 20:53:06.705124140,200.0,59.0,0.0,20.0,9557.420108795166
1759524787.6786053,2025-10-03 20:53:07.678605318,200.0,58.900001525878906,0.0,20.0,9558.393590211868
1759524788.167305,2025-10-03 20:53:08.167304993,200.0,59.0,0.0,20.0,9558.882289886475
1759524788.5861683,2025-10-03 20:53:08.586168528,200.0,58.900001525878906,0.0,20.0,9559.301153182983
1759524791.2768836,2025-10-03 20:53:11.276883602,200.0,59.0,0.0,20.0,9561.991868495941
1759524811.4771445,2025-10-03 20:53:31.477144480,200.0,59.09999847412109,0.0,20.0,9582.19212937355
1759524840.2578187,2025-10-03 20:54:00.257818698,200.0,59.0,0.0,20.0,9610.972803592682
1759524840.5022852,2025-10-03 20:54:00.502285242,200.0,59.09999847412109,0.0,20.0,9611.21727013588
1759524841.9170926,2025-10-03 20:54:01.917092562,200.0,59.0,0.0,20.0,9612.63207745552
1759524845.100819,2025-10-03 20:54:05.100819111,200.0,59.09999847412109,0.0,20.0,9615.81580400467
1759524845.4057465,2025-10-03 20:54:05.405746460,200.0,59.0,0.0,20.0,9616.12073135376
1759524845.7147655,2025-10-03 20:54:05.714765549,200.0,59.09999847412109,0.0,20.0,9616.429750442505
1759524849.0820284,2025-10-03 20:54:09.082028389,200.0,59.0,0.0,20.0,9619.797013282776
1759524849.207265,2025-10-03 20:54:09.207264662,200.0,59.09999847412109,0.0,20.0,9619.922249794006
1759524849.5085263,2025-10-03 20:54:09.508526324,200.0,59.0,0.0,20.0,9620.223511219025
1759524859.8604455,2025-10-03 20:54:19.860445499,200.0,58.900001525878906,0.0,20.0,9630.575430393219
1759524875.789488,2025-10-03 20:54:35.789488077,200.0,58.79999923706055,0.0,20.0,9646.504472970963
1759524878.484316,2025-10-03 20:54:38.484316111,200.0,58.900001525878906,0.0,20.0,9649.19930100441
1759524882.7994015,2025-10-03 20:54:42.799401522,200.0,59.0,0.0,20.0,9653.514386415482
1759524882.9871516,2025-10-03 20:54:42.987151623,200.0,58.900001525878906,0.0,20.0,9653.702136516571
1759524883.110437,2025-10-03 20:54:43.110436916,200.0,59.0,0.0,20.0,9653.82542181015
1759524892.2885418,2025-10-03 20:54:52.288541794,200.0,58.900001525878906,0.0,20.0,9663.003526687622
1759524892.603619,2025-10-03 20:54:52.603619099,200.0,59.0,0.0,20.0,9663.318603992462
1759524893.6978378,2025-10-03 20:54:53.697837830,200.0,58.900001525878906,0.0,20.0,9664.412822723389
1759524893.7590754,2025-10-03 20:54:53.759075403,200.0,59.0,0.0,20.0,9664.474060297012
1759524894.4950984,2025-10-03 20:54:54.495098352,200.0,58.900001525878906,0.0,20.0,9665.210083246231
1759524895.6045268,2025-10-03 20:54:55.604526758,200.0,59.0,0.0,20.0,9666.319511651993
1759524895.9197493,2025-10-03 20:54:55.919749260,200.0,58.900001525878906,0.0,20.0,9666.634734153748
1759524895.9815753,2025-10-03 20:54:55.981575251,200.0,59.0,0.0,20.0,9666.696560144424
1759524896.1609082,2025-10-03 20:54:56.160908222,200.0,58.900001525878906,0.0,20.0,9666.875893115997
1759524897.207174,2025-10-03 20:54:57.207174063,200.0,59.0,0.0,20.0,9667.922158956528
1759524897.806382,2025-10-03 20:54:57.806381941,200.0,58.900001525878906,0.0,20.0,9668.52136683464
1759524899.405778,2025-10-03 20:54:59.405777931,200.0,59.0,0.0,20.0,9670.120762825012
1759524904.7649033,2025-10-03 20:55:04.764903307,200.0,58.900001525878906,0.0,20.0,9675.47988820076
1759524906.0051816,2025-10-03 20:55:06.005181551,200.0,59.0,0.0,20.0,9676.720166444778
1759524906.0655088,2025-10-03 20:55:06.065508842,200.0,58.900001525878906,0.0,20.0,9676.780493736267
1759524923.4901855,2025-10-03 20:55:23.490185738,200.0,58.79999923706055,0.0,20.0,9694.20517039299
1759524924.705431,2025-10-03 20:55:24.705430984,200.0,58.900001525878906,0.0,20.0,9695.420415878296
1759524925.5617416,2025-10-03 20:55:25.561741590,200.0,58.79999923706055,0.0,20.0,9696.276726484299
1759524925.6958358,2025-10-03 20:55:25.695835829,200.0,58.900001525878906,0.0,20.0,9696.41082072258
1759524926.1888237,2025-10-03 20:55:26.188823462,200.0,58.79999923706055,0.0,20.0,9696.90380859375
1759524926.31172,2025-10-03 20:55:26.311720133,200.0,58.900001525878906,0.0,20.0,9697.026704788208
1759524926.8022518,2025-10-03 20:55:26.802251816,200.0,58.79999923706055,0.0,20.0,9697.517236709595
1759524927.3640964,2025-10-03 20:55:27.364096403,200.0,58.900001525878906,0.0,20.0,9698.07908129692
1759524947.394024,2025-10-03 20:55:47.394024134,200.0,59.0,0.0,20.0,9718.109008789062
1759524947.7134633,2025-10-03 20:55:47.713463306,200.0,58.900001525878906,0.0,20.0,9718.428448200226
1759524950.36667,2025-10-03 20:55:50.366670132,200.0,59.0,0.0,20.0,9721.081654787064
1759524950.9811778,2025-10-03 20:55:50.981177807,200.0,58.900001525878906,0.0,20.0,9721.696162700653
1759524951.1668785,2025-10-03 20:55:51.166878462,200.0,59.0,0.0,20.0,9721.881863355637
1759524951.596089,2025-10-03 20:55:51.596088886,200.0,58.900001525878906,0.0,20.0,9722.31107378006
1759524952.1955376,2025-10-03 20:55:52.195537567,200.0,59.0,0.0,20.0,9722.910522460938
1759524952.7604706,2025-10-03 20:55:52.760470629,200.0,58.900001525878906,0.0,20.0,9723.475455522537
1759524953.0627515,2025-10-03 20:55:53.062751532,200.0,59.0,0.0,20.0,9723.7777364254
1759524955.157279,2025-10-03 20:55:55.157279015,200.0,58.900001525878906,0.0,20.0,9725.872263908386
1759524955.2771945,2025-10-03 20:55:55.277194500,200.0,59.0,0.0,20.0,9725.992179393768
1759524958.6994622,2025-10-03 20:55:58.699462175,200.0,58.900001525878906,0.0,20.0,9729.414447069168
1759524977.8819375,2025-10-03 20:56:17.881937742,200.0,59.0,0.0,20.0,9748.596922397614
1759524982.7758183,2025-10-03 20:56:22.775818348,200.0,58.900001525878906,0.0,20.0,9753.49080324173
1759524999.3024974,2025-10-03 20:56:39.302497387,200.0,59.0,0.0,20.0,9770.017482280731
1759524999.3629043,2025-10-03 20:56:39.362904549,200.0,58.900001525878906,0.0,20.0,9770.077889204025
1759524999.6097925,2025-10-03 20:56:39.609792471,200.0,59.0,0.0,20.0,9770.32477736473
1759524999.6717558,2025-10-03 20:56:39.671755791,200.0,58.900001525878906,0.0,20.0,9770.38674068451
1759525001.0746694,2025-10-03 20:56:41.074669361,200.0,59.0,0.0,20.0,9771.789654254913
1759525002.0599296,2025-10-03 20:56:42.059929609,200.0,58.900001525878906,0.0,20.0,9772.774914503098
1759525004.166845,2025-10-03 20:56:44.166845083,200.0,59.0,0.0,20.0,9774.881829977036
1759525004.2888415,2025-10-03 20:56:44.288841724,200.0,58.900001525878906,0.0,20.0,9775.003826379776
1759525004.4703913,2025-10-03 20:56:44.470391273,200.0,59.0,0.0,20.0,9775.185376167297
1759525009.0798502,2025-10-03 20:56:49.079850197,200.0,58.900001525878906,0.0,20.0,9779.794835090637
1759525010.6103687,2025-10-03 20:56:50.610368729,200.0,59.0,0.0,20.0,9781.325353622437
1759525010.671765,2025-10-03 20:56:50.671765089,200.0,58.900001525878906,0.0,20.0,9781.386749982834
1759525010.8546128,2025-10-03 20:56:50.854612827,200.0,59.0,0.0,20.0,9781.5695977211
1759525011.46393,2025-10-03 20:56:51.463930130,200.0,58.900001525878906,0.0,20.0,9782.178914785385
1759525011.5859416,2025-10-03 20:56:51.585941553,200.0,59.0,0.0,20.0,9782.300926446915
1759525012.0836165,2025-10-03 20:56:52.083616495,200.0,58.900001525878906,0.0,20.0,9782.798601388931
1759525013.986353,2025-10-03 20:56:53.986352921,200.0,59.0,0.0,20.0,9784.701337814331
1759525015.2115831,2025-10-03 20:56:55.211583138,200.0,58.900001525878906,0.0,20.0,9785.926568031311
1759525017.8506353,2025-10-03 20:56:57.850635290,200.0,59.0,0.0,20.0,9788.565620183945
1759525017.9752023,2025-10-03 20:56:57.975202322,200.0,58.900001525878906,0.0,20.0,9788.690187215805
1759525018.156697,2025-10-03 20:56:58.156697035,200.0,59.0,0.0,20.0,9788.871681928635
1759525018.4566534,2025-10-03 20:56:58.456653357,200.0,58.900001525878906,0.0,20.0,9789.171638250351
1759525074.8582814,2025-10-03 20:57:54.858281374,200.0,59.0,0.0,20.0,9845.573266267776
1759525078.0090482,2025-10-03 20:57:58.009048223,200.0,59.09999847412109,0.0,20.0,9848.724033117294
1759525080.099351,2025-10-03 20:58:00.099350929,200.0,59.0,0.0,20.0,9850.814335823059
1759525080.4089088,2025-10-03 20:58:00.408908844,200.0,59.09999847412109,0.0,20.0,9851.123893737793
1759525093.065707,2025-10-03 20:58:13.065706968,200.0,59.20000076293945,0.0,20.0,9863.780691862106
1759525093.3648512,2025-10-03 20:58:13.364851236,200.0,59.09999847412109,0.0,20.0,9864.079836130142
1759525111.451197,2025-10-03 20:58:31.451196909,200.0,59.0,0.0,20.0,9882.16618180275
1759525111.8755517,2025-10-03 20:58:31.875551462,200.0,59.09999847412109,0.0,20.0,9882.59053659439
1759525129.1702197,2025-10-03 20:58:49.170219660,200.0,59.20000076293945,0.0,20.0,9899.885204553604
1759525129.4781382,2025-10-03 20:58:49.478138208,200.0,59.09999847412109,0.0,20.0,9900.193123102188
1759525130.0922918,2025-10-03 20:58:50.092291832,200.0,59.20000076293945,0.0,20.0,9900.807276725769
1759525136.557444,2025-10-03 20:58:56.557444096,200.0,59.29999923706055,0.0,20.0,9907.27242898941
1759525136.6798587,2025-10-03 20:58:56.679858685,200.0,59.20000076293945,0.0,20.0,9907.394843578339
1759525139.276622,2025-10-03 20:58:59.276622057,200.0,59.29999923706055,0.0,20.0,9909.99160695076
1759525139.7017238,2025-10-03 20:58:59.701723814,200.0,59.20000076293945,0.0,20.0,9910.41670870781
1759525140.1957831,2025-10-03 20:59:00.195783138,200.0,59.29999923706055,0.0,20.0,9910.910768032074
1759525140.451552,2025-10-03 20:59:00.451551914,200.0,59.20000076293945,0.0,20.0,9911.166536808014
1759525140.573123,2025-10-03 20:59:00.573122978,200.0,59.29999923706055,0.0,20.0,9911.28810787201
1759525141.0006514,2025-10-03 20:59:01.000651360,200.0,59.20000076293945,0.0,20.0,9911.715636253357
1759525142.170477,2025-10-03 20:59:02.170476913,200.0,59.29999923706055,0.0,20.0,9912.885461807251
1759525142.3590205,2025-10-03 20:59:02.359020472,200.0,59.20000076293945,0.0,20.0,9913.074005365372
1759525159.556638,2025-10-03 20:59:19.556638002,200.0,59.09999847412109,0.0,20.0,9930.271622896194
1759525159.8047552,2025-10-03 20:59:19.804755211,200.0,59.20000076293945,0.0,20.0,9930.519740104675
1759525172.0496218,2025-10-03 20:59:32.049621820,200.0,59.09999847412109,0.0,20.0,9942.764606714249
1759525175.6660824,2025-10-03 20:59:35.666082382,200.0,59.20000076293945,0.0,20.0,9946.381067276001
1759525183.1896036,2025-10-03 20:59:43.189603567,200.0,59.29999923706055,0.0,20.0,9953.904588460922
1759525183.3708866,2025-10-03 20:59:43.370886564,200.0,59.20000076293945,0.0,20.0,9954.085871458054
1759525183.9874587,2025-10-03 20:59:43.987458706,200.0,59.29999923706055,0.0,20.0,9954.702443599701
1759525184.2898376,2025-10-03 20:59:44.289837599,200.0,59.20000076293945,0.0,20.0,9955.0048224926
1759525185.2771726,2025-10-03 20:59:45.277172565,200.0,59.29999923706055,0.0,20.0,9955.992157459259
1759525185.467337,2025-10-03 20:59:45.467336893,200.0,59.20000076293945,0.0,20.0,9956.18232178688
1759525186.1981668,2025-10-03 20:59:46.198166847,200.0,59.29999923706055,0.0,20.0,9956.913151741028
1759525188.699498,2025-10-03 20:59:48.699497938,200.0,59.20000076293945,0.0,20.0,9959.414482831955
1759525188.8826098,2025-10-03 20:59:48.882609844,200.0,59.29999923706055,0.0,20.0,9959.597594738007
1759525191.3973496,2025-10-03 20:59:51.397349596,200.0,59.20000076293945,0.0,20.0,9962.112334489822
1759525193.4798915,2025-10-03 20:59:53.479891539,200.0,59.29999923706055,0.0,20.0,9964.194876432419
1759525194.3956292,2025-10-03 20:59:54.395629168,200.0,59.20000076293945,0.0,20.0,9965.110614061356
1759525195.3668578,2025-10-03 20:59:55.366857767,200.0,59.29999923706055,0.0,20.0,9966.081842660904
1759525195.5539744,2025-10-03 20:59:55.553974390,200.0,59.20000076293945,0.0,20.0,9966.268959283829
1759525195.6790285,2025-10-03 20:59:55.679028511,200.0,59.29999923706055,0.0,20.0,9966.394013404846
1759525195.870746,2025-10-03 20:59:55.870746136,200.0,59.20000076293945,0.0,20.0,9966.585730791092
1759525195.9887996,2025-10-03 20:59:55.988799572,200.0,59.29999923706055,0.0,20.0,9966.70378446579
1759525198.3654342,2025-10-03 20:59:58.365434170,200.0,59.20000076293945,0.0,20.0,9969.080419063568
1759525199.2892284,2025-10-03 20:59:59.289228439,200.0,59.29999923706055,0.0,20.0,9970.00421333313
1759525199.897234,2025-10-03 20:59:59.897233963,200.0,59.20000076293945,0.0,20.0,9970.612218856812
1759525200.151849,2025-10-03 21:00:00.151849031,200.0,59.29999923706055,0.0,20.0,9970.866833925247
1759525201.3697784,2025-10-03 21:00:01.369778395,200.0,59.20000076293945,0.0,20.0,9972.084763288498
1759525201.488798,2025-10-03 21:00:01.488798141,200.0,59.29999923706055,0.0,20.0,9972.20378279686
1759525201.9723246,2025-10-03 21:00:01.972324610,200.0,59.20000076293945,0.0,20.0,9972.687309503555
1759525202.6063888,2025-10-03 21:00:02.606388807,200.0,59.29999923706055,0.0,20.0,9973.321373701096
1759525202.8574982,2025-10-03 21:00:02.857498169,200.0,59.20000076293945,0.0,20.0,9973.572483062744
1759525202.9788294,2025-10-03 21:00:02.978829384,200.0,59.29999923706055,0.0,20.0,9973.693814277649
1759525203.7825546,2025-10-03 21:00:03.782554626,200.0,59.20000076293945,0.0,20.0,9974.497539520264
1759525208.6630836,2025-10-03 21:00:08.663083553,200.0,59.29999923706055,0.0,20.0,9979.378068447113
1759525208.9644487,2025-10-03 21:00:08.964448690,200.0,59.20000076293945,0.0,20.0,9979.679433584213
1759525209.463628,2025-10-03 21:00:09.463628054,200.0,59.29999923706055,0.0,20.0,9980.178612947464
1759525209.9589367,2025-10-03 21:00:09.958936691,200.0,59.20000076293945,0.0,20.0,9980.673921585083
1759525210.082151,2025-10-03 21:00:10.082150936,200.0,59.29999923706055,0.0,20.0,9980.797135829926
1759525210.2684216,2025-10-03 21:00:10.268421650,200.0,59.20000076293945,0.0,20.0,9980.983406543732
1759525217.5922885,2025-10-03 21:00:17.592288256,200.0,59.29999923706055,0.0,20.0,9988.307273387909
1759525217.6524203,2025-10-03 21:00:17.652420521,200.0,59.20000076293945,0.0,20.0,9988.367405176163
1759525218.257511,2025-10-03 21:00:18.257510662,200.0,59.29999923706055,0.0,20.0,9988.972495794296
1759525218.4455082,2025-10-03 21:00:18.445508242,200.0,59.20000076293945,0.0,20.0,9989.160493135452
1759525219.060259,2025-10-03 21:00:19.060259104,200.0,59.29999923706055,0.0,20.0,9989.775243997574
1759525219.1820345,2025-10-03 21:00:19.182034254,200.0,59.20000076293945,0.0,20.0,9989.897019386292
1759525219.488761,2025-10-03 21:00:19.488760948,200.0,59.29999923706055,0.0,20.0,9990.20374584198
1759525220.0483148,2025-10-03 21:00:20.048314810,200.0,59.20000076293945,0.0,20.0,9990.763299703598
1759525243.0927024,2025-10-03 21:00:43.092702389,200.0,59.29999923706055,0.0,20.0,10013.807687282562
1759525243.5875158,2025-10-03 21:00:43.587515831,200.0,59.20000076293945,0.0,20.0,10014.302500724792
1759525244.5756495,2025-10-03 21:00:44.575649738,200.0,59.29999923706055,0.0,20.0,10015.290634393692
1759525245.0774922,2025-10-03 21:00:45.077492237,200.0,59.20000076293945,0.0,20.0,10015.79247713089
1759525246.4730475,2025-10-03 21:00:46.473047733,200.0,59.29999923706055,0.0,20.0,10017.188032388687
1759525246.7792015,2025-10-03 21:00:46.779201508,200.0,59.20000076293945,0.0,20.0,10017.494186401367
1759525248.7532852,2025-10-03 21:00:48.753285170,200.0,59.29999923706055,0.0,20.0,10019.4682700634
1759525248.883669,2025-10-03 21:00:48.883668900,200.0,59.20000076293945,0.0,20.0,10019.598653793335
1759525252.4983275,2025-10-03 21:00:52.498327732,200.0,59.29999923706055,0.0,20.0,10023.213312387466
1759525252.801113,2025-10-03 21:00:52.801112890,200.0,59.20000076293945,0.0,20.0,10023.516097784042
1759525252.8621297,2025-10-03 21:00:52.862129688,200.0,59.29999923706055,0.0,20.0,10023.577114582062
1759525253.174389,2025-10-03 21:00:53.174388885,200.0,59.20000076293945,0.0,20.0,10023.889373779297
1759525258.9479046,2025-10-03 21:00:58.947904587,200.0,59.29999923706055,0.0,20.0,10029.66288948059
1759525272.9899032,2025-10-03 21:01:12.989903212,200.0,59.20000076293945,0.0,20.0,10043.704888105392
1759525274.7639718,2025-10-03 21:01:14.763971806,200.0,59.29999923706055,0.0,20.0,10045.478956699371
1759525274.8892882,2025-10-03 21:01:14.889288187,200.0,59.20000076293945,0.0,20.0,10045.604273080826
1759525276.2524612,2025-10-03 21:01:16.252461195,200.0,59.29999923706055,0.0,20.0,10046.96744608879
1759525276.5532415,2025-10-03 21:01:16.553241491,200.0,59.20000076293945,0.0,20.0,10047.268226385117
1759525276.969463,2025-10-03 21:01:16.969463348,200.0,59.29999923706055,0.0,20.0,10047.684448003769
1759525277.3604658,2025-10-03 21:01:17.360465765,200.0,59.20000076293945,0.0,20.0,10048.075450658798
1759525277.601936,2025-10-03 21:01:17.601935863,200.0,59.29999923706055,0.0,20.0,10048.316920995712
1759525279.0798955,2025-10-03 21:01:19.079895496,200.0,59.20000076293945,0.0,20.0,10049.794880390167
1759525292.551561,2025-10-03 21:01:32.551561117,200.0,59.29999923706055,0.0,20.0,10063.266546010971
1759525294.7725196,2025-10-03 21:01:34.772519588,200.0,59.20000076293945,0.0,20.0,10065.48750448227
1759525297.182922,2025-10-03 21:01:37.182921886,200.0,59.29999923706055,0.0,20.0,10067.897906780243
1759525297.362771,2025-10-03 21:01:37.362771034,200.0,59.20000076293945,0.0,20.0,10068.07775592804
1759525300.2825167,2025-10-03 21:01:40.282516718,200.0,59.29999923706055,0.0,20.0,10070.99750161171
1759525301.3750136,2025-10-03 21:01:41.375013590,200.0,59.20000076293945,0.0,20.0,10072.089998483658
1759525301.6757507,2025-10-03 21:01:41.675750732,200.0,59.29999923706055,0.0,20.0,10072.39073562622
1759525301.977616,2025-10-03 21:01:41.977616072,200.0,59.20000076293945,0.0,20.0,10072.6926009655
1759525302.8969555,2025-10-03 21:01:42.896955490,200.0,59.29999923706055,0.0,20.0,10073.611940383911
1759525302.9578316,2025-10-03 21:01:42.957831621,200.0,59.20000076293945,0.0,20.0,10073.672816514969
1759525303.153009,2025-10-03 21:01:43.153008938,200.0,59.29999923706055,0.0,20.0,10073.867993831635
1759525303.2796936,2025-10-03 21:01:43.279693604,200.0,59.20000076293945,0.0,20.0,10073.994678497314
1759525304.2705383,2025-10-03 21:01:44.270538330,200.0,59.29999923706055,0.0,20.0,10074.985523223877
1759525304.450389,2025-10-03 21:01:44.450388908,200.0,59.20000076293945,0.0,20.0,10075.165373802185
1759525306.2927892,2025-10-03 21:01:46.292789221,200.0,59.29999923706055,0.0,20.0,10077.007774114609
1759525306.3571837,2025-10-03 21:01:46.357183456,200.0,59.20000076293945,0.0,20.0,10077.072168588638
1759525306.9603283,2025-10-03 21:01:46.960328341,200.0,59.29999923706055,0.0,20.0,10077.67531323433
1759525320.154644,2025-10-03 21:02:00.154644012,200.0,59.20000076293945,0.0,20.0,10090.86962890625
1759525320.397242,2025-10-03 21:02:00.397242069,200.0,59.29999923706055,0.0,20.0,10091.112226963043
1759525320.641029,2025-10-03 21:02:00.641028881,200.0,59.20000076293945,0.0,20.0,10091.356013774872
1759525323.1507905,2025-10-03 21:02:03.150790453,200.0,59.29999923706055,0.0,20.0,10093.865775346756
1759525324.0886817,2025-10-03 21:02:04.088681459,200.0,59.20000076293945,0.0,20.0,10094.803666591644
1759525324.6460242,2025-10-03 21:02:04.646024227,200.0,59.29999923706055,0.0,20.0,10095.361009120941
1759525325.071276,2025-10-03 21:02:05.071275949,200.0,59.20000076293945,0.0,20.0,10095.786260843277
1759525325.373113,2025-10-03 21:02:05.373112679,200.0,59.29999923706055,0.0,20.0,10096.088097810745
1759525325.858173,2025-10-03 21:02:05.858172655,200.0,59.20000076293945,0.0,20.0,10096.573157787323
1759525325.979262,2025-10-03 21:02:05.979262114,200.0,59.29999923706055,0.0,20.0,10096.69424700737
1759525345.772434,2025-10-03 21:02:25.772433996,200.0,59.400001525878906,0.0,20.0,10116.48741889
1759525345.8937898,2025-10-03 21:02:25.893789768,200.0,59.29999923706055,0.0,20.0,10116.608774662018
1759525346.379189,2025-10-03 21:02:26.379189014,200.0,59.400001525878906,0.0,20.0,10117.094173908234
1759525357.6919,2025-10-03 21:02:37.691900015,200.0,59.29999923706055,0.0,20.0,10128.406884908676
1759525357.7523594,2025-10-03 21:02:37.752359390,200.0,59.400001525878906,0.0,20.0,10128.467344284058
1759525358.0696056,2025-10-03 21:02:38.069605589,200.0,59.29999923706055,0.0,20.0,10128.784590482712
1759525358.8680198,2025-10-03 21:02:38.868019819,200.0,59.400001525878906,0.0,20.0,10129.583004713058
1759525360.392447,2025-10-03 21:02:40.392446995,200.0,59.29999923706055,0.0,20.0,10131.10743188858
1759525360.9866836,2025-10-03 21:02:40.986683607,200.0,59.400001525878906,0.0,20.0,10131.7016685009
1759525361.0451748,2025-10-03 21:02:41.045174837,200.0,59.29999923706055,0.0,20.0,10131.760159730911
1759525361.3443973,2025-10-03 21:02:41.344397306,200.0,59.400001525878906,0.0,20.0,10132.059382200241
1759525370.748161,2025-10-03 21:02:50.748161077,200.0,59.29999923706055,0.0,20.0,10141.463145971298
1759525370.8674414,2025-10-03 21:02:50.867441416,200.0,59.400001525878906,0.0,20.0,10141.582426309586
1759525372.1600568,2025-10-03 21:02:52.160056829,200.0,59.29999923706055,0.0,20.0,10142.875041723251
1759525376.359497,2025-10-03 21:02:56.359497070,200.0,59.400001525878906,0.0,20.0,10147.074481964111
1759525377.388491,2025-10-03 21:02:57.388490677,200.0,59.29999923706055,0.0,20.0,10148.103475809097
1759525377.5824947,2025-10-03 21:02:57.582494736,200.0,59.400001525878906,0.0,20.0,10148.297479629517
1759525379.0602632,2025-10-03 21:02:59.060263157,200.0,59.29999923706055,0.0,20.0,10149.77524805069
1759525379.3726244,2025-10-03 21:02:59.372624397,200.0,59.400001525878906,0.0,20.0,10150.087609291077
1759525379.4906363,2025-10-03 21:02:59.490636349,200.0,59.29999923706055,0.0,20.0,10150.205621242523
1759525382.2648787,2025-10-03 21:03:02.264878750,200.0,59.400001525878906,0.0,20.0,10152.979863643646
1759525382.4509811,2025-10-03 21:03:02.450981140,200.0,59.29999923706055,0.0,20.0,10153.165966033936
1759525383.674429,2025-10-03 21:03:03.674428940,200.0,59.400001525878906,0.0,20.0,10154.389413833618
1759525407.5890212,2025-10-03 21:03:27.589021206,200.0,59.5,0.0,20.0,10178.304006099701
1759525427.077233,2025-10-03 21:03:47.077233076,200.0,59.400001525878906,0.0,20.0,10197.792217969894
1759525443.234948,2025-10-03 21:04:03.234947920,200.0,59.5,0.0,20.0,10213.949932813644
1759525447.5880525,2025-10-03 21:04:07.588052273,200.0,59.400001525878906,0.0,20.0,10218.303037405014
1759525451.670687,2025-10-03 21:04:11.670686960,200.0,59.5,0.0,20.0,10222.38567185402
1759525452.5867949,2025-10-03 21:04:12.586794853,200.0,59.400001525878906,0.0,20.0,10223.30177974701
1759525452.7691836,2025-10-03 21:04:12.769183636,200.0,59.5,0.0,20.0,10223.48416852951
1759525453.0748265,2025-10-03 21:04:13.074826479,200.0,59.400001525878906,0.0,20.0,10223.789811372757
1759525459.568222,2025-10-03 21:04:19.568222046,200.0,59.5,0.0,20.0,10230.283206939697
1759525459.8699572,2025-10-03 21:04:19.869957209,200.0,59.400001525878906,0.0,20.0,10230.584942102432
1759525460.0541403,2025-10-03 21:04:20.054140329,200.0,59.5,0.0,20.0,10230.76912522316
1759525461.038781,2025-10-03 21:04:21.038780928,200.0,59.400001525878906,0.0,20.0,10231.753765821457
1759525463.7361495,2025-10-03 21:04:23.736149549,200.0,59.5,0.0,20.0,10234.451134443283
1759525473.334555,2025-10-03 21:04:33.334554672,200.0,59.400001525878906,0.0,20.0,10244.049539804459
1759525473.5760138,2025-10-03 21:04:33.576013803,200.0,59.5,0.0,20.0,10244.29099869728
1759525473.637869,2025-10-03 21:04:33.637868881,200.0,59.400001525878906,0.0,20.0,10244.352853775024
1759525473.8807216,2025-10-03 21:04:33.880721569,200.0,59.5,0.0,20.0,10244.59570646286
1759525473.940413,2025-10-03 21:04:33.940412998,200.0,59.400001525878906,0.0,20.0,10244.655397891998
1759525474.742186,2025-10-03 21:04:34.742186069,200.0,59.5,0.0,20.0,10245.457170963287
1759525474.8641818,2025-10-03 21:04:34.864181757,200.0,59.400001525878906,0.0,20.0,10245.579166650772
1759525475.0455155,2025-10-03 21:04:35.045515537,200.0,59.5,0.0,20.0,10245.76050043106
1759525476.4583156,2025-10-03 21:04:36.458315611,200.0,59.400001525878906,0.0,20.0,10247.173300504684
1759525476.7630494,2025-10-03 21:04:36.763049364,200.0,59.5,0.0,20.0,10247.478034257889
1759525496.7810478,2025-10-03 21:04:56.781047821,200.0,59.59999847412109,0.0,20.0,10267.496032714844
1759525496.840244,2025-10-03 21:04:56.840244055,200.0,59.5,0.0,20.0,10267.555228948593
1759525497.5760171,2025-10-03 21:04:57.576017141,200.0,59.59999847412109,0.0,20.0,10268.291002035141
1759525574.876462,2025-10-03 21:06:14.876461983,200.0,59.70000076293945,0.0,20.0,10345.591446876526
1759525575.0557585,2025-10-03 21:06:15.055758476,200.0,59.59999847412109,0.0,20.0,10345.770743370056
1759525575.7354827,2025-10-03 21:06:15.735482693,200.0,59.70000076293945,0.0,20.0,10346.450467586517
1759525576.335631,2025-10-03 21:06:16.335630655,200.0,59.59999847412109,0.0,20.0,10347.050615787506
1759525576.457202,2025-10-03 21:06:16.457201958,200.0,59.70000076293945,0.0,20.0,10347.172186851501
1759525576.638309,2025-10-03 21:06:16.638309002,200.0,59.59999847412109,0.0,20.0,10347.353293895721
1759525576.7590492,2025-10-03 21:06:16.759049177,200.0,59.70000076293945,0.0,20.0,10347.474034070969
1759525587.071262,2025-10-03 21:06:27.071262121,200.0,59.79999923706055,0.0,20.0,10357.78624677658
1759525587.1333709,2025-10-03 21:06:27.133370876,200.0,59.70000076293945,0.0,20.0,10357.848355770111
1759525589.2611997,2025-10-03 21:06:29.261199713,200.0,59.79999923706055,0.0,20.0,10359.976184606552
1759525594.371223,2025-10-03 21:06:34.371222973,200.0,59.70000076293945,0.0,20.0,10365.086207866669
1759525603.3514028,2025-10-03 21:06:43.351402760,200.0,59.59999847412109,0.0,20.0,10374.06638765335
1759525604.8583384,2025-10-03 21:06:44.858338356,200.0,59.70000076293945,0.0,20.0,10375.573323249817
1759525605.1618476,2025-10-03 21:06:45.161847591,200.0,59.59999847412109,0.0,20.0,10375.876832485199
1759525605.3419895,2025-10-03 21:06:45.341989517,200.0,59.70000076293945,0.0,20.0,10376.05697441101
1759525605.641582,2025-10-03 21:06:45.641582012,200.0,59.59999847412109,0.0,20.0,10376.356566905975
1759525608.4603443,2025-10-03 21:06:48.460344315,200.0,59.70000076293945,0.0,20.0,10379.175329208374
1759525608.7696698,2025-10-03 21:06:48.769669771,200.0,59.59999847412109,0.0,20.0,10379.484654664993
1759525608.8304265,2025-10-03 21:06:48.830426455,200.0,59.70000076293945,0.0,20.0,10379.545411348343
1759525609.381712,2025-10-03 21:06:49.381711960,200.0,59.59999847412109,0.0,20.0,10380.096696853638
1759525609.7502675,2025-10-03 21:06:49.750267744,200.0,59.70000076293945,0.0,20.0,10380.465252399445
1759525626.467198,2025-10-03 21:07:06.467197895,200.0,59.79999923706055,0.0,20.0,10397.182182788849
1759525627.8296,2025-10-03 21:07:07.829600096,200.0,59.70000076293945,0.0,20.0,10398.544584989548
1759525634.560743,2025-10-03 21:07:14.560743332,200.0,59.79999923706055,0.0,20.0,10405.27572798729
1759525650.040055,2025-10-03 21:07:30.040055037,200.0,59.70000076293945,0.0,20.0,10420.755039930344
1759525655.6815157,2025-10-03 21:07:35.681515694,200.0,59.79999923706055,0.0,20.0,10426.396500587463
1759525655.8732607,2025-10-03 21:07:35.873260736,200.0,59.70000076293945,0.0,20.0,10426.588245630264
1759525655.9384089,2025-10-03 21:07:35.938408852,200.0,59.79999923706055,0.0,20.0,10426.653393745422
1759525698.7267258,2025-10-03 21:08:18.726725817,200.0,59.900001525878906,0.0,20.0,10469.441710710526
1759525699.030116,2025-10-03 21:08:19.030116081,200.0,59.79999923706055,0.0,20.0,10469.745100975037
1759525699.270923,2025-10-03 21:08:19.270922661,200.0,59.900001525878906,0.0,20.0,10469.985907793045
1759525700.263926,2025-10-03 21:08:20.263926029,200.0,59.79999923706055,0.0,20.0,10470.978910923004
1759525700.447667,2025-10-03 21:08:20.447666883,200.0,59.900001525878906,0.0,20.0,10471.162651777267
1759525712.2842517,2025-10-03 21:08:32.284251451,200.0,59.79999923706055,0.0,20.0,10482.99923658371
1759525712.467518,2025-10-03 21:08:32.467518091,200.0,59.900001525878906,0.0,20.0,10483.182502985
1759525716.8335638,2025-10-03 21:08:36.833563805,200.0,60.0,0.0,20.0,10487.548548698425
1759525721.3443975,2025-10-03 21:08:41.344397545,200.0,59.900001525878906,0.0,20.0,10492.05938243866
1759525722.021774,2025-10-03 21:08:42.021774054,200.0,60.0,0.0,20.0,10492.736758947372
1759525722.330551,2025-10-03 21:08:42.330550671,200.0,59.900001525878906,0.0,20.0,10493.045535802841
1759525736.5735664,2025-10-03 21:08:56.573566437,200.0,59.79999923706055,0.0,20.0,10507.288551330566
1759525736.6333177,2025-10-03 21:08:56.633317471,200.0,59.900001525878906,0.0,20.0,10507.348302602768
1759525738.2382529,2025-10-03 21:08:58.238252878,200.0,59.79999923706055,0.0,20.0,10508.953237771988
1759525738.4811697,2025-10-03 21:08:58.481169701,200.0,59.900001525878906,0.0,20.0,10509.196154594421
1759525739.7697349,2025-10-03 21:08:59.769734859,200.0,59.79999923706055,0.0,20.0,10510.484719753265
1759525739.9617944,2025-10-03 21:08:59.961794376,200.0,59.900001525878906,0.0,20.0,10510.676779270172
1759525740.0244188,2025-10-03 21:09:00.024418831,200.0,59.79999923706055,0.0,20.0,10510.73940372467
1759525741.25208,2025-10-03 21:09:01.252079964,200.0,59.900001525878906,0.0,20.0,10511.967064857483
1759525741.4372923,2025-10-03 21:09:01.437292337,200.0,59.79999923706055,0.0,20.0,10512.152277231216
1759525741.5594952,2025-10-03 21:09:01.559495211,200.0,59.900001525878906,0.0,20.0,10512.274480104446
1759525741.7374,2025-10-03 21:09:01.737400055,200.0,59.79999923706055,0.0,20.0,10512.45238494873
1759525758.4470732,2025-10-03 21:09:18.447073221,200.0,59.900001525878906,0.0,20.0,10529.162058115005
1759525764.5321836,2025-10-03 21:09:24.532183647,200.0,60.0,0.0,20.0,10535.247168540955
1759525765.0807502,2025-10-03 21:09:25.080750227,200.0,59.900001525878906,0.0,20.0,10535.795735120773
1759525765.1427398,2025-10-03 21:09:25.142739773,200.0,60.0,0.0,20.0,10535.857724666595
1759525768.6511946,2025-10-03 21:09:28.651194572,200.0,59.900001525878906,0.0,20.0,10539.366179466248
1759525774.9359927,2025-10-03 21:09:34.935992718,200.0,60.0,0.0,20.0,10545.650977611542
1759525775.1823173,2025-10-03 21:09:35.182317257,200.0,59.900001525878906,0.0,20.0,10545.897302150726
1759525775.559786,2025-10-03 21:09:35.559786081,200.0,60.0,0.0,20.0,10546.274770975113
1759525775.7463818,2025-10-03 21:09:35.746381760,200.0,59.900001525878906,0.0,20.0,10546.461366653442
1759525776.3615203,2025-10-03 21:09:36.361520290,200.0,60.0,0.0,20.0,10547.076505184174
1759525776.664284,2025-10-03 21:09:36.664283991,200.0,59.900001525878906,0.0,20.0,10547.379268884659
1759525776.728138,2025-10-03 21:09:36.728137970,200.0,60.0,0.0,20.0,10547.44312286377
1759525777.2728243,2025-10-03 21:09:37.272824287,200.0,59.900001525878906,0.0,20.0,10547.987809181213
1759525777.6340995,2025-10-03 21:09:37.634099483,200.0,60.0,0.0,20.0,10548.349084377289
1759525777.8888674,2025-10-03 21:09:37.888867378,200.0,59.900001525878906,0.0,20.0,10548.603852272034
1759525777.9565434,2025-10-03 21:09:37.956543446,200.0,60.0,0.0,20.0,10548.671528339386
1759525778.262253,2025-10-03 21:09:38.262253046,200.0,59.900001525878906,0.0,20.0,10548.977237939835
1759525778.5605578,2025-10-03 21:09:38.560557842,200.0,60.0,0.0,20.0,10549.275542736053
1759525780.667628,2025-10-03 21:09:40.667628050,200.0,59.900001525878906,0.0,20.0,10551.38261294365
1759525781.9461615,2025-10-03 21:09:41.946161509,200.0,60.0,0.0,20.0,10552.661146402359
1759525782.127921,2025-10-03 21:09:42.127921343,200.0,59.900001525878906,0.0,20.0,10552.84290599823
1759525801.8696716,2025-10-03 21:10:01.869671583,200.0,59.79999923706055,0.0,20.0,10572.584656476974
1759525802.0516603,2025-10-03 21:10:02.051660299,200.0,59.900001525878906,0.0,20.0,10572.7666451931
1759525802.971602,2025-10-03 21:10:02.971601963,200.0,59.79999923706055,0.0,20.0,10573.686586856842
1759525815.83307,2025-10-03 21:10:15.833070040,200.0,59.900001525878906,0.0,20.0,10586.548054933548
1759525816.869378,2025-10-03 21:10:16.869377851,200.0,59.79999923706055,0.0,20.0,10587.584362983704
1759525823.5272098,2025-10-03 21:10:23.527209759,200.0,59.900001525878906,0.0,20.0,10594.242194652557
1759525823.7682283,2025-10-03 21:10:23.768228292,200.0,59.79999923706055,0.0,20.0,10594.483213186264
1759525824.934943,2025-10-03 21:10:24.934942961,200.0,59.900001525878906,0.0,20.0,10595.649927854538
1759525828.0216813,2025-10-03 21:10:28.021681309,200.0,59.79999923706055,0.0,20.0,10598.736666202545
1759525828.7667005,2025-10-03 21:10:28.766700506,200.0,59.900001525878906,0.0,20.0,10599.48168540001
1759525828.94431,2025-10-03 21:10:28.944309950,200.0,59.79999923706055,0.0,20.0,10599.659294843674
1759525843.173262,2025-10-03 21:10:43.173261881,200.0,59.900001525878906,0.0,20.0,10613.888246774673
1759525843.3536365,2025-10-03 21:10:43.353636503,200.0,59.79999923706055,0.0,20.0,10614.068621397018
1759525859.0730782,2025-10-03 21:10:59.073078156,200.0,59.900001525878906,0.0,20.0,10629.788063049316
1759525865.3810833,2025-10-03 21:11:05.381083250,200.0,60.0,0.0,20.0,10636.096068143845
1759525875.263503,2025-10-03 21:11:15.263503074,200.0,60.09999847412109,0.0,20.0,10645.978487968445
1759525875.4447978,2025-10-03 21:11:15.444797754,200.0,60.0,0.0,20.0,10646.159782648087
1759525877.0288315,2025-10-03 21:11:17.028831482,200.0,60.09999847412109,0.0,20.0,10647.743816375732
1759525877.57159,2025-10-03 21:11:17.571589947,200.0,60.0,0.0,20.0,10648.286574840546
1759525884.626546,2025-10-03 21:11:24.626546144,200.0,60.09999847412109,0.0,20.0,10655.341530799866
1759525885.977507,2025-10-03 21:11:25.977507114,200.0,60.0,0.0,20.0,10656.69249200821
1759525886.1627636,2025-10-03 21:11:26.162763596,200.0,60.09999847412109,0.0,20.0,10656.87774848938
1759525934.250346,2025-10-03 21:12:14.250345945,200.0,60.0,0.0,20.0,10704.965330839157
1759525934.7494323,2025-10-03 21:12:14.749432325,200.0,60.09999847412109,0.0,20.0,10705.464417219162
1759525934.8726442,2025-10-03 21:12:14.872644186,200.0,60.0,0.0,20.0,10705.587629079819
1759525936.4629464,2025-10-03 21:12:16.462946415,200.0,60.09999847412109,0.0,20.0,10707.177931308746
1759525940.6551883,2025-10-03 21:12:20.655188322,200.0,60.20000076293945,0.0,20.0,10711.370173215866
1759525943.4380074,2025-10-03 21:12:23.438007355,200.0,60.09999847412109,0.0,20.0,10714.152992248535
1759525943.6267655,2025-10-03 21:12:23.626765728,200.0,60.20000076293945,0.0,20.0,10714.341750383377
1759525943.9312122,2025-10-03 21:12:23.931212187,200.0,60.09999847412109,0.0,20.0,10714.646197080612
1759525944.5382414,2025-10-03 21:12:24.538241386,200.0,60.20000076293945,0.0,20.0,10715.253226280212
1759525944.6668868,2025-10-03 21:12:24.666886806,200.0,60.09999847412109,0.0,20.0,10715.381871700287
1759525944.8512173,2025-10-03 21:12:24.851217270,200.0,60.20000076293945,0.0,20.0,10715.566202163696
1759525944.973709,2025-10-03 21:12:24.973709106,200.0,60.09999847412109,0.0,20.0,10715.688694000244
1759525951.9649456,2025-10-03 21:12:31.964945555,200.0,60.20000076293945,0.0,20.0,10722.679930448532
1759525955.2573333,2025-10-03 21:12:35.257333279,200.0,60.09999847412109,0.0,20.0,10725.972318172455
1759525955.5682786,2025-10-03 21:12:35.568278551,200.0,60.20000076293945,0.0,20.0,10726.2832634449
1759525956.6262643,2025-10-03 21:12:36.626264334,200.0,60.09999847412109,0.0,20.0,10727.341249227524
1759525961.8307505,2025-10-03 21:12:41.830750465,200.0,60.20000076293945,0.0,20.0,10732.545735359192
1759525962.9255404,2025-10-03 21:12:42.925540447,200.0,60.09999847412109,0.0,20.0,10733.640525341034
1759525963.0505905,2025-10-03 21:12:43.050590277,200.0,60.20000076293945,0.0,20.0,10733.765575408936
1759525963.3542626,2025-10-03 21:12:43.354262590,200.0,60.09999847412109,0.0,20.0,10734.069247484207
1759525963.5376532,2025-10-03 21:12:43.537653208,200.0,60.20000076293945,0.0,20.0,10734.252638101578
1759525965.9438818,2025-10-03 21:12:45.943881750,200.0,60.09999847412109,0.0,20.0,10736.658866643906
1759525976.148986,2025-10-03 21:12:56.148986101,200.0,60.0,0.0,20.0,10746.86397099495
1759525977.355089,2025-10-03 21:12:57.355088949,200.0,60.09999847412109,0.0,20.0,10748.070073843002
1759525977.967375,2025-10-03 21:12:57.967375040,200.0,60.0,0.0,20.0,10748.682359933853
1759525978.0274136,2025-10-03 21:12:58.027413607,200.0,60.09999847412109,0.0,20.0,10748.742398500443
1759525982.92578,2025-10-03 21:13:02.925780058,200.0,60.0,0.0,20.0,10753.640764951706
1759525983.174227,2025-10-03 21:13:03.174226999,200.0,60.09999847412109,0.0,20.0,10753.889211893082
1759525983.5421145,2025-10-03 21:13:03.542114496,200.0,60.0,0.0,20.0,10754.25709939003
1759525983.852194,2025-10-03 21:13:03.852194071,200.0,60.09999847412109,0.0,20.0,10754.567178964615
1759525988.7502177,2025-10-03 21:13:08.750217676,200.0,60.0,0.0,20.0,10759.465202569962
1759525988.9339783,2025-10-03 21:13:08.933978319,200.0,60.09999847412109,0.0,20.0,10759.648963212967
1759525989.2403705,2025-10-03 21:13:09.240370274,200.0,60.0,0.0,20.0,10759.955355405807
1759525989.3686364,2025-10-03 21:13:09.368636370,200.0,60.09999847412109,0.0,20.0,10760.083621263504
1759526003.44834,2025-10-03 21:13:23.448339939,200.0,60.0,0.0,20.0,10774.163324832916
1759526012.1278565,2025-10-03 21:13:32.127856492,200.0,60.09999847412109,0.0,20.0,10782.842841386795
1759526012.9158697,2025-10-03 21:13:32.915869713,200.0,60.0,0.0,20.0,10783.630854606628
1759526016.7618308,2025-10-03 21:13:36.761830807,200.0,60.09999847412109,0.0,20.0,10787.476815700531
1759526016.8218904,2025-10-03 21:13:36.821890354,200.0,60.0,0.0,20.0,10787.536875247955
1759526017.3291118,2025-10-03 21:13:37.329111814,200.0,60.09999847412109,0.0,20.0,10788.044096708298
1759526017.4602656,2025-10-03 21:13:37.460265636,200.0,60.0,0.0,20.0,10788.175250530243
1759526017.6446905,2025-10-03 21:13:37.644690275,200.0,60.09999847412109,0.0,20.0,10788.35967540741
1759526025.663648,2025-10-03 21:13:45.663647890,200.0,60.0,0.0,20.0,10796.37863278389
1759526025.9647114,2025-10-03 21:13:45.964711428,200.0,60.09999847412109,0.0,20.0,10796.679696321487
1759526026.5207658,2025-10-03 21:13:46.520765781,200.0,60.0,0.0,20.0,10797.235750675201
1759526026.8277764,2025-10-03 21:13:46.827776432,200.0,60.09999847412109,0.0,20.0,10797.542761325836
1759526030.6234825,2025-10-03 21:13:50.623482466,200.0,60.0,0.0,20.0,10801.338467359543
1759526030.8737743,2025-10-03 21:13:50.873774529,200.0,60.09999847412109,0.0,20.0,10801.588759183884
1759526031.119269,2025-10-03 21:13:51.119268656,200.0,60.0,0.0,20.0,10801.834253787994
1759526031.2426238,2025-10-03 21:13:51.242623806,200.0,60.09999847412109,0.0,20.0,10801.957608699799
1759526031.547264,2025-10-03 21:13:51.547264099,200.0,60.0,0.0,20.0,10802.26224899292
1759526032.343185,2025-10-03 21:13:52.343184948,200.0,60.09999847412109,0.0,20.0,10803.058169841766
1759526034.0625458,2025-10-03 21:13:54.062545776,200.0,60.0,0.0,20.0,10804.777530670166
1759526034.6736083,2025-10-03 21:13:54.673608303,200.0,60.09999847412109,0.0,20.0,10805.388593196869
1759526039.556467,2025-10-03 21:13:59.556467056,200.0,60.0,0.0,20.0,10810.271451950073
1759526047.0749698,2025-10-03 21:14:07.074969769,200.0,60.09999847412109,0.0,20.0,10817.789954662323
1759526121.1302514,2025-10-03 21:15:21.130251408,200.0,60.20000076293945,0.0,20.0,10891.845236301422
1759526121.3710887,2025-10-03 21:15:21.371088743,200.0,60.09999847412109,0.0,20.0,10892.086073637009
1759526125.430492,2025-10-03 21:15:25.430491924,200.0,60.20000076293945,0.0,20.0,10896.145476818085
1759526125.6161904,2025-10-03 21:15:25.616190434,200.0,60.09999847412109,0.0,20.0,10896.331175327301
1759526126.3585446,2025-10-03 21:15:26.358544588,200.0,60.20000076293945,0.0,20.0,10897.073529481888
1759526132.2329075,2025-10-03 21:15:32.232907534,200.0,60.09999847412109,0.0,20.0,10902.947892427444
1759526132.8373628,2025-10-03 21:15:32.837362766,200.0,60.20000076293945,0.0,20.0,10903.552347660065
1759526137.7687302,2025-10-03 21:15:37.768730164,200.0,60.09999847412109,0.0,20.0,10908.483715057373
1759526137.9502995,2025-10-03 21:15:37.950299740,200.0,60.20000076293945,0.0,20.0,10908.665284395218
1759526139.738254,2025-10-03 21:15:39.738254070,200.0,60.09999847412109,0.0,20.0,10910.45323896408
1759526139.858473,2025-10-03 21:15:39.858473063,200.0,60.20000076293945,0.0,20.0,10910.573457956314
1759526140.7289398,2025-10-03 21:15:40.728939772,200.0,60.09999847412109,0.0,20.0,10911.443924665451
1759526141.2167203,2025-10-03 21:15:41.216720343,200.0,60.20000076293945,0.0,20.0,10911.931705236435
1759526160.529841,2025-10-03 21:16:00.529840946,200.0,60.29999923706055,0.0,20.0,10931.244825839996
1759526168.9098322,2025-10-03 21:16:08.909832239,200.0,60.20000076293945,0.0,20.0,10939.62481713295
1759526171.5530732,2025-10-03 21:16:11.553073168,200.0,60.29999923706055,0.0,20.0,10942.2680580616
1759526171.9201355,2025-10-03 21:16:11.920135498,200.0,60.20000076293945,0.0,20.0,10942.635120391846
1759526172.4701216,2025-10-03 21:16:12.470121622,200.0,60.29999923706055,0.0,20.0,10943.185106515884
1759526191.168148,2025-10-03 21:16:31.168148041,200.0,60.20000076293945,0.0,20.0,10961.88313293457
1759526205.3133974,2025-10-03 21:16:45.313397408,200.0,60.29999923706055,0.0,20.0,10976.02838230133
1759526206.234699,2025-10-03 21:16:46.234699011,200.0,60.20000076293945,0.0,20.0,10976.949683904648
1759526206.4148717,2025-10-03 21:16:46.414871693,200.0,60.29999923706055,0.0,20.0,10977.129856586456
1759526215.7443483,2025-10-03 21:16:55.744348526,200.0,60.20000076293945,0.0,20.0,10986.459333181381
1759526216.5478845,2025-10-03 21:16:56.547884464,200.0,60.29999923706055,0.0,20.0,10987.262869358063
1759526216.6087396,2025-10-03 21:16:56.608739614,200.0,60.20000076293945,0.0,20.0,10987.323724508286
1759526217.415038,2025-10-03 21:16:57.415037870,200.0,60.29999923706055,0.0,20.0,10988.130023002625
1759526217.5395968,2025-10-03 21:16:57.539596796,200.0,60.20000076293945,0.0,20.0,10988.254581689835
1759526218.3406906,2025-10-03 21:16:58.340690613,200.0,60.29999923706055,0.0,20.0,10989.055675506592
1759526219.5676742,2025-10-03 21:16:59.567674160,200.0,60.20000076293945,0.0,20.0,10990.282659053802
1759526219.6287076,2025-10-03 21:16:59.628707647,200.0,60.29999923706055,0.0,20.0,10990.343692541122
1759526255.9321897,2025-10-03 21:17:35.932189703,200.0,60.400001525878906,0.0,20.0,11026.647174596786
1759526266.1149724,2025-10-03 21:17:46.114972353,200.0,60.29999923706055,0.0,20.0,11036.82995724678
1759526269.8573344,2025-10-03 21:17:49.857334375,200.0,60.400001525878906,0.0,20.0,11040.57231926918
1759526277.724375,2025-10-03 21:17:57.724375010,200.0,60.5,0.0,20.0,11048.439359903336
1759526278.462958,2025-10-03 21:17:58.462957859,200.0,60.400001525878906,0.0,20.0,11049.177942991257
1759526278.6442702,2025-10-03 21:17:58.644270182,200.0,60.5,0.0,20.0,11049.359255075455
1759526280.2302272,2025-10-03 21:18:00.230227232,200.0,60.400001525878906,0.0,20.0,11050.945212125778
1759526280.4081736,2025-10-03 21:18:00.408173561,200.0,60.5,0.0,20.0,11051.123158454895
1759526303.4136343,2025-10-03 21:18:23.413634300,200.0,60.59999847412109,0.0,20.0,11074.12861919403
1759526309.5565965,2025-10-03 21:18:29.556596518,200.0,60.5,0.0,20.0,11080.271581411362
1759526309.9150093,2025-10-03 21:18:29.915009260,200.0,60.59999847412109,0.0,20.0,11080.629994153976
1759526310.2136395,2025-10-03 21:18:30.213639498,200.0,60.5,0.0,20.0,11080.928624391556
1759526310.462304,2025-10-03 21:18:30.462304115,200.0,60.59999847412109,0.0,20.0,11081.177289009094
1759526317.2050369,2025-10-03 21:18:37.205036879,200.0,60.5,0.0,20.0,11087.920021772385
1759526318.1483154,2025-10-03 21:18:38.148315430,200.0,60.59999847412109,0.0,20.0,11088.863300323486
1759526318.3307276,2025-10-03 21:18:38.330727577,200.0,60.5,0.0,20.0,11089.045712471008
1759526334.0413148,2025-10-03 21:18:54.041314840,200.0,60.400001525878906,0.0,20.0,11104.756299734116
1759526334.225782,2025-10-03 21:18:54.225781918,200.0,60.5,0.0,20.0,11104.94076681137
1759526346.3168485,2025-10-03 21:19:06.316848278,200.0,60.400001525878906,0.0,20.0,11117.031833410263
1759526346.8517044,2025-10-03 21:19:06.851704359,200.0,60.5,0.0,20.0,11117.566689252853
1759526348.1330018,2025-10-03 21:19:08.133001804,200.0,60.400001525878906,0.0,20.0,11118.84798669815
1759526349.236281,2025-10-03 21:19:09.236280680,200.0,60.5,0.0,20.0,11119.95126581192
1759526349.358878,2025-10-03 21:19:09.358878136,200.0,60.400001525878906,0.0,20.0,11120.073862791061
1759526349.8462894,2025-10-03 21:19:09.846289396,200.0,60.5,0.0,20.0,11120.561274290085
1759526349.9066374,2025-10-03 21:19:09.906637430,200.0,60.400001525878906,0.0,20.0,11120.62162232399
1759526352.915745,2025-10-03 21:19:12.915745020,200.0,60.5,0.0,20.0,11123.630729913712
1759526353.9478388,2025-10-03 21:19:13.947838783,200.0,60.400001525878906,0.0,20.0,11124.662823677063
1759526355.1127503,2025-10-03 21:19:15.112750292,200.0,60.5,0.0,20.0,11125.827735185623
1759526356.713024,2025-10-03 21:19:16.713024139,200.0,60.400001525878906,0.0,20.0,11127.428008794785
1759526357.0207396,2025-10-03 21:19:17.020739555,200.0,60.5,0.0,20.0,11127.735724449158
1759526371.0151522,2025-10-03 21:19:31.015152216,200.0,60.59999847412109,0.0,20.0,11141.730137109756
1759526371.134916,2025-10-03 21:19:31.134916067,200.0,60.5,0.0,20.0,11141.849900960922
1759526371.4339814,2025-10-03 21:19:31.433981419,200.0,60.59999847412109,0.0,20.0,11142.148966312408
1759526372.0445666,2025-10-03 21:19:32.044566631,200.0,60.5,0.0,20.0,11142.759551525116
1759526372.225193,2025-10-03 21:19:32.225193024,200.0,60.59999847412109,0.0,20.0,11142.94017791748
1759526372.5311928,2025-10-03 21:19:32.531192780,200.0,60.5,0.0,20.0,11143.24617767334
1759526381.4283009,2025-10-03 21:19:41.428300858,200.0,60.59999847412109,0.0,20.0,11152.143285751343
1759526381.7313054,2025-10-03 21:19:41.731305361,200.0,60.5,0.0,20.0,11152.446290254593
1759526386.448876,2025-10-03 21:19:46.448876143,200.0,60.59999847412109,0.0,20.0,11157.163860797882
1759526407.4183998,2025-10-03 21:20:07.418399811,200.0,60.5,0.0,20.0,11178.13338470459
1759526410.5278285,2025-10-03 21:20:10.527828455,200.0,60.59999847412109,0.0,20.0,11181.24281334877
1759526413.6481571,2025-10-03 21:20:13.648157120,200.0,60.5,0.0,20.0,11184.36314201355
1759526413.9508483,2025-10-03 21:20:13.950848341,200.0,60.59999847412109,0.0,20.0,11184.665833234787
1759526414.4460924,2025-10-03 21:20:14.446092367,200.0,60.5,0.0,20.0,11185.161077260971
1759526418.4492412,2025-10-03 21:20:18.449241161,200.0,60.59999847412109,0.0,20.0,11189.164226055145
1759526418.7606146,2025-10-03 21:20:18.760614634,200.0,60.5,0.0,20.0,11189.475599527359
1759526419.128919,2025-10-03 21:20:19.128918886,200.0,60.59999847412109,0.0,20.0,11189.843903779984
1759526419.3121245,2025-10-03 21:20:19.312124491,200.0,60.5,0.0,20.0,11190.027109384537
1759526419.433848,2025-10-03 21:20:19.433848143,200.0,60.59999847412109,0.0,20.0,11190.148832798004
1759526420.056157,2025-10-03 21:20:20.056157112,200.0,60.5,0.0,20.0,11190.77114200592
1759526420.3601084,2025-10-03 21:20:20.360108376,200.0,60.59999847412109,0.0,20.0,11191.075093269348
1759526421.2355068,2025-10-03 21:20:21.235506773,200.0,60.5,0.0,20.0,11191.950491666794
1759526421.8438342,2025-10-03 21:20:21.843834162,200.0,60.59999847412109,0.0,20.0,11192.558819055557
1759526436.2206566,2025-10-03 21:20:36.220656633,200.0,60.70000076293945,0.0,20.0,11206.935641527176
1759526437.0151243,2025-10-03 21:20:37.015124321,200.0,60.59999847412109,0.0,20.0,11207.730109214783
1759526449.4209237,2025-10-03 21:20:49.420923710,200.0,60.5,0.0,20.0,11220.135908603668
1759526450.041312,2025-10-03 21:20:50.041311979,200.0,60.59999847412109,0.0,20.0,11220.756296873093
1759526450.2258654,2025-10-03 21:20:50.225865364,200.0,60.5,0.0,20.0,11220.940850257874
1759526459.4396076,2025-10-03 21:20:59.439607620,200.0,60.59999847412109,0.0,20.0,11230.154592514038
1759526460.057077,2025-10-03 21:21:00.057076931,200.0,60.5,0.0,20.0,11230.772061824799
1759526461.825405,2025-10-03 21:21:01.825404882,200.0,60.59999847412109,0.0,20.0,11232.54038977623
1759526469.4359496,2025-10-03 21:21:09.435949564,200.0,60.5,0.0,20.0,11240.150934457779
1759526469.4987533,2025-10-03 21:21:09.498753309,200.0,60.59999847412109,0.0,20.0,11240.213738203049
1759526476.9106257,2025-10-03 21:21:16.910625696,200.0,60.5,0.0,20.0,11247.625610589981
1759526477.5278928,2025-10-03 21:21:17.527892828,200.0,60.59999847412109,0.0,20.0,11248.242877721786
1759526486.612831,2025-10-03 21:21:26.612831116,200.0,60.5,0.0,20.0,11257.327816009521
1759526486.7376025,2025-10-03 21:21:26.737602472,200.0,60.59999847412109,0.0,20.0,11257.452587366104
1759526487.049586,2025-10-03 21:21:27.049586058,200.0,60.5,0.0,20.0,11257.764570951462
1759526487.229769,2025-10-03 21:21:27.229768991,200.0,60.59999847412109,0.0,20.0,11257.94475388527
1759526500.817847,2025-10-03 21:21:40.817847013,200.0,60.70000076293945,0.0,20.0,11271.532831907272
1759526501.0028317,2025-10-03 21:21:41.002831459,200.0,60.59999847412109,0.0,20.0,11271.717816591263
1759526511.2530208,2025-10-03 21:21:51.253020762,200.0,60.70000076293945,0.0,20.0,11281.968005657196
1759526513.0153315,2025-10-03 21:21:53.015331745,200.0,60.59999847412109,0.0,20.0,11283.730316400528
1759526516.9526408,2025-10-03 21:21:56.952640772,200.0,60.70000076293945,0.0,20.0,11287.667625665665
1759526517.0118985,2025-10-03 21:21:57.011898279,200.0,60.59999847412109,0.0,20.0,11287.726883411407
1759526517.8039908,2025-10-03 21:21:57.803990841,200.0,60.70000076293945,0.0,20.0,11288.51897573471
1759526536.5339022,2025-10-03 21:22:16.533902168,200.0,60.79999923706055,0.0,20.0,11307.248887062073
1759526536.8962762,2025-10-03 21:22:16.896276236,200.0,60.70000076293945,0.0,20.0,11307.61126112938
1759526537.5109177,2025-10-03 21:22:17.510917664,200.0,60.79999923706055,0.0,20.0,11308.225902557373
1759526537.7531114,2025-10-03 21:22:17.753111362,200.0,60.70000076293945,0.0,20.0,11308.468096256256
1759526537.814206,2025-10-03 21:22:17.814205885,200.0,60.79999923706055,0.0,20.0,11308.529190778732
1759526538.933708,2025-10-03 21:22:18.933707952,200.0,60.70000076293945,0.0,20.0,11309.648692846298
1759526539.054066,2025-10-03 21:22:19.054065943,200.0,60.79999923706055,0.0,20.0,11309.769050836563
1759526543.8975866,2025-10-03 21:22:23.897586584,200.0,60.70000076293945,0.0,20.0,11314.61257147789
1759526544.4489815,2025-10-03 21:22:24.448981524,200.0,60.79999923706055,0.0,20.0,11315.163966417313
1759526544.5098908,2025-10-03 21:22:24.509890795,200.0,60.70000076293945,0.0,20.0,11315.224875688553
1759526544.6957486,2025-10-03 21:22:24.695748568,200.0,60.79999923706055,0.0,20.0,11315.41073346138
1759526547.145738,2025-10-03 21:22:27.145737886,200.0,60.70000076293945,0.0,20.0,11317.860722780228
1759526575.006292,2025-10-03 21:22:55.006291866,200.0,60.59999847412109,0.0,20.0,11345.72127699852
1759526591.5473063,2025-10-03 21:23:11.547306299,200.0,60.70000076293945,0.0,20.0,11362.262291193008
1759526597.1229498,2025-10-03 21:23:17.122949839,200.0,60.59999847412109,0.0,20.0,11367.837934732437
1759526597.6115,2025-10-03 21:23:17.611500025,200.0,60.70000076293945,0.0,20.0,11368.326484918594
1759526598.0562537,2025-10-03 21:23:18.056253672,200.0,60.59999847412109,0.0,20.0,11368.771238565445
1759526598.239437,2025-10-03 21:23:18.239437342,200.0,60.70000076293945,0.0,20.0,11368.95442199707
1759526598.9063728,2025-10-03 21:23:18.906372786,200.0,60.59999847412109,0.0,20.0,11369.621357679367
1759526609.898955,2025-10-03 21:23:29.898955345,200.0,60.70000076293945,0.0,20.0,11380.613940000534
1759526612.11875,2025-10-03 21:23:32.118749857,200.0,60.59999847412109,0.0,20.0,11382.833734989166
1759526615.8508198,2025-10-03 21:23:35.850819826,200.0,60.70000076293945,0.0,20.0,11386.565804719925
1759526616.6512046,2025-10-03 21:23:36.651204586,200.0,60.59999847412109,0.0,20.0,11387.366189479828
1759526616.7120569,2025-10-03 21:23:36.712056875,200.0,60.70000076293945,0.0,20.0,11387.427041769028
1759526633.4401116,2025-10-03 21:23:53.440111637,200.0,60.59999847412109,0.0,20.0,11404.155096530914
1759526647.5959797,2025-10-03 21:24:07.595979691,200.0,60.70000076293945,0.0,20.0,11418.31096458435
1759526656.708396,2025-10-03 21:24:16.708395958,200.0,60.59999847412109,0.0,20.0,11427.423380851746
1759526659.509391,2025-10-03 21:24:19.509391069,200.0,60.70000076293945,0.0,20.0,11430.224375963211
1759526660.616691,2025-10-03 21:24:20.616691113,200.0,60.59999847412109,0.0,20.0,11431.331676006317
1759526660.7367826,2025-10-03 21:24:20.736782551,200.0,60.70000076293945,0.0,20.0,11431.45176744461
1759526671.8035853,2025-10-03 21:24:31.803585291,200.0,60.59999847412109,0.0,20.0,11442.518570184708
1759526674.7390387,2025-10-03 21:24:34.739038706,200.0,60.70000076293945,0.0,20.0,11445.454023599625
1759526674.8003144,2025-10-03 21:24:34.800314426,200.0,60.59999847412109,0.0,20.0,11445.515299320221
1759526675.0491576,2025-10-03 21:24:35.049157619,200.0,60.70000076293945,0.0,20.0,11445.764142513275
1759526676.3495598,2025-10-03 21:24:36.349559784,200.0,60.59999847412109,0.0,20.0,11447.064544677734
1759526677.0203595,2025-10-03 21:24:37.020359516,200.0,60.70000076293945,0.0,20.0,11447.735344409943
1759526677.3251345,2025-10-03 21:24:37.325134277,200.0,60.59999847412109,0.0,20.0,11448.040119409561
1759526677.6314986,2025-10-03 21:24:37.631498575,200.0,60.70000076293945,0.0,20.0,11448.34648346901
1759526677.938109,2025-10-03 21:24:37.938108921,200.0,60.59999847412109,0.0,20.0,11448.65309381485
1759526693.820053,2025-10-03 21:24:53.820053101,200.0,60.70000076293945,0.0,20.0,11464.535037994385
1759526694.1303415,2025-10-03 21:24:54.130341530,200.0,60.59999847412109,0.0,20.0,11464.845326423645
1759526695.1913412,2025-10-03 21:24:55.191341162,200.0,60.70000076293945,0.0,20.0,11465.906326055527
1759526695.4920175,2025-10-03 21:24:55.492017746,200.0,60.59999847412109,0.0,20.0,11466.207002401352
1759526695.6135178,2025-10-03 21:24:55.613517761,200.0,60.70000076293945,0.0,20.0,11466.32850265503
1759526701.1317315,2025-10-03 21:25:01.131731510,200.0,60.59999847412109,0.0,20.0,11471.846716403961
1759526707.1196733,2025-10-03 21:25:07.119673252,200.0,60.70000076293945,0.0,20.0,11477.834658145905
1759526735.7211845,2025-10-03 21:25:35.721184254,200.0,60.79999923706055,0.0,20.0,11506.43616938591
1759526736.0294385,2025-10-03 21:25:36.029438257,200.0,60.70000076293945,0.0,20.0,11506.744423389435
1759526760.1420062,2025-10-03 21:26:00.142006159,200.0,60.59999847412109,0.0,20.0,11530.856991052628
1759526760.202514,2025-10-03 21:26:00.202513933,200.0,60.70000076293945,0.0,20.0,11530.91749882698
1759526772.1134243,2025-10-03 21:26:12.113424301,200.0,60.59999847412109,0.0,20.0,11542.828409194946
1759526772.5914507,2025-10-03 21:26:12.591450691,200.0,60.70000076293945,0.0,20.0,11543.306435585022
1759526774.7958558,2025-10-03 21:26:14.795855761,200.0,60.59999847412109,0.0,20.0,11545.510840654373
1759526778.7039528,2025-10-03 21:26:18.703952789,200.0,60.70000076293945,0.0,20.0,11549.418937683105
1759526799.5428853,2025-10-03 21:26:39.542885303,200.0,60.79999923706055,0.0,20.0,11570.257870197296
1759526804.506683,2025-10-03 21:26:44.506683350,200.0,60.70000076293945,0.0,20.0,11575.22166800499
1759526804.6929283,2025-10-03 21:26:44.692928314,200.0,60.79999923706055,0.0,20.0,11575.407913208008
1759526804.816125,2025-10-03 21:26:44.816124678,200.0,60.70000076293945,0.0,20.0,11575.531109809875
1759526824.135641,2025-10-03 21:27:04.135641336,200.0,60.59999847412109,0.0,20.0,11594.850625991821
1759526824.3165054,2025-10-03 21:27:04.316505432,200.0,60.70000076293945,0.0,20.0,11595.031490325928
1759526824.619004,2025-10-03 21:27:04.619004011,200.0,60.59999847412109,0.0,20.0,11595.333988904953
1759526825.4934008,2025-10-03 21:27:05.493400812,200.0,60.70000076293945,0.0,20.0,11596.208385705948
1759526825.6146126,2025-10-03 21:27:05.614612579,200.0,60.59999847412109,0.0,20.0,11596.329597473145
1759526825.9185822,2025-10-03 21:27:05.918582201,200.0,60.70000076293945,0.0,20.0,11596.633567094803
1759526841.2351716,2025-10-03 21:27:21.235171556,200.0,60.59999847412109,0.0,20.0,11611.950156450272
1759526841.417609,2025-10-03 21:27:21.417608976,200.0,60.70000076293945,0.0,20.0,11612.132593870163
1759526841.5378149,2025-10-03 21:27:21.537814856,200.0,60.59999847412109,0.0,20.0,11612.252799749374
1759526843.1325758,2025-10-03 21:27:23.132575749,200.0,60.70000076293945,0.0,20.0,11613.84756064415
1759526843.31532,2025-10-03 21:27:23.315320015,200.0,60.59999847412109,0.0,20.0,11614.030304908752
1759526850.045591,2025-10-03 21:27:30.045591116,200.0,60.70000076293945,0.0,20.0,11620.76057600975
1759526850.2882612,2025-10-03 21:27:30.288261175,200.0,60.59999847412109,0.0,20.0,11621.003246068954
1759526850.4085724,2025-10-03 21:27:30.408572435,200.0,60.70000076293945,0.0,20.0,11621.123557329178
1759526855.4939172,2025-10-03 21:27:35.493917227,200.0,60.59999847412109,0.0,20.0,11626.20890212059
1759526855.6147509,2025-10-03 21:27:35.614750862,200.0,60.70000076293945,0.0,20.0,11626.32973575592
1759526865.4132795,2025-10-03 21:27:45.413279533,200.0,60.79999923706055,0.0,20.0,11636.128264427185
1759526866.3254354,2025-10-03 21:27:46.325435400,200.0,60.70000076293945,0.0,20.0,11637.040420293808
1759526868.284392,2025-10-03 21:27:48.284392118,200.0,60.79999923706055,0.0,20.0,11638.999377012253
1759526883.9842172,2025-10-03 21:28:03.984217167,200.0,60.900001525878906,0.0,20.0,11654.6992020607
1759526884.105369,2025-10-03 21:28:04.105369091,200.0,60.79999923706055,0.0,20.0,11654.820353984833
1759526884.2892969,2025-10-03 21:28:04.289296865,200.0,60.900001525878906,0.0,20.0,11655.004281759262
1759526885.2131553,2025-10-03 21:28:05.213155270,200.0,60.79999923706055,0.0,20.0,11655.928140163422
1759526885.8256214,2025-10-03 21:28:05.825621367,200.0,60.900001525878906,0.0,20.0,11656.5406062603
1759526886.7349808,2025-10-03 21:28:06.734980822,200.0,60.79999923706055,0.0,20.0,11657.449965715408
1759526887.097989,2025-10-03 21:28:07.097989321,200.0,60.900001525878906,0.0,20.0,11657.812973976135
1759526887.285415,2025-10-03 21:28:07.285414934,200.0,60.79999923706055,0.0,20.0,11658.000399827957
1759526924.407874,2025-10-03 21:28:44.407873869,200.0,60.70000076293945,0.0,20.0,11695.12285900116
1759526924.588003,2025-10-03 21:28:44.588002920,200.0,60.79999923706055,0.0,20.0,11695.30298781395
1759526926.6239235,2025-10-03 21:28:46.623923540,200.0,60.70000076293945,0.0,20.0,11697.338908433914
1759526928.0886016,2025-10-03 21:28:48.088601589,200.0,60.79999923706055,0.0,20.0,11698.803586483002
1759526928.3335783,2025-10-03 21:28:48.333578348,200.0,60.70000076293945,0.0,20.0,11699.048563241959
1759526928.5837383,2025-10-03 21:28:48.583738327,200.0,60.79999923706055,0.0,20.0,11699.298723220825
1759526928.8912222,2025-10-03 21:28:48.891222239,200.0,60.70000076293945,0.0,20.0,11699.60620713234
1759526929.1905506,2025-10-03 21:28:49.190550566,200.0,60.79999923706055,0.0,20.0,11699.905535459518
1759526936.1037488,2025-10-03 21:28:56.103748798,200.0,60.70000076293945,0.0,20.0,11706.81873369217
1759526936.596722,2025-10-03 21:28:56.596722126,200.0,60.79999923706055,0.0,20.0,11707.311706781387
1759526936.7170224,2025-10-03 21:28:56.717022419,200.0,60.70000076293945,0.0,20.0,11707.432007312775
1759526937.5168402,2025-10-03 21:28:57.516840219,200.0,60.79999923706055,0.0,20.0,11708.231825113297
1759526937.825868,2025-10-03 21:28:57.825867891,200.0,60.70000076293945,0.0,20.0,11708.54085278511
1759526938.743354,2025-10-03 21:28:58.743354082,200.0,60.79999923706055,0.0,20.0,11709.458338975906
1759526951.9914565,2025-10-03 21:29:11.991456270,200.0,60.900001525878906,0.0,20.0,11722.706441402435
1759526952.231724,2025-10-03 21:29:12.231724024,200.0,60.79999923706055,0.0,20.0,11722.946708917618
1759526964.9848394,2025-10-03 21:29:24.984839439,200.0,60.900001525878906,0.0,20.0,11735.699824333191
1759526965.110338,2025-10-03 21:29:25.110337973,200.0,60.79999923706055,0.0,20.0,11735.82532286644
1759526965.2925968,2025-10-03 21:29:25.292596817,200.0,60.900001525878906,0.0,20.0,11736.007581710815
1759526965.411698,2025-10-03 21:29:25.411698103,200.0,60.79999923706055,0.0,20.0,11736.12668299675
1759526966.6293535,2025-10-03 21:29:26.629353523,200.0,60.900001525878906,0.0,20.0,11737.344338417053
1759526967.30225,2025-10-03 21:29:27.302249908,200.0,60.79999923706055,0.0,20.0,11738.017234802246
1759526968.2250404,2025-10-03 21:29:28.225040436,200.0,60.900001525878906,0.0,20.0,11738.94002532959
1759526968.4071138,2025-10-03 21:29:28.407113791,200.0,60.79999923706055,0.0,20.0,11739.122098684311
1759527000.626208,2025-10-03 21:30:00.626208067,200.0,60.900001525878906,0.0,20.0,11771.34119296074
1759527000.812658,2025-10-03 21:30:00.812658072,200.0,60.79999923706055,0.0,20.0,11771.527642965317
1759527000.9340482,2025-10-03 21:30:00.934048176,200.0,60.900001525878906,0.0,20.0,11771.64903306961
1759527001.1247911,2025-10-03 21:30:01.124791145,200.0,60.79999923706055,0.0,20.0,11771.839776039124
1759527003.580954,2025-10-03 21:30:03.580954075,200.0,60.900001525878906,0.0,20.0,11774.295938968658
1759527003.7064435,2025-10-03 21:30:03.706443548,200.0,60.79999923706055,0.0,20.0,11774.421428442001
1759527003.8870747,2025-10-03 21:30:03.887074709,200.0,60.900001525878906,0.0,20.0,11774.602059602737
1759527004.1927168,2025-10-03 21:30:04.192716837,200.0,60.79999923706055,0.0,20.0,11774.907701730728
1759527005.49169,2025-10-03 21:30:05.491689920,200.0,60.900001525878906,0.0,20.0,11776.206674814224
1759527006.590737,2025-10-03 21:30:06.590737104,200.0,60.79999923706055,0.0,20.0,11777.305721998215
1759527006.7107866,2025-10-03 21:30:06.710786581,200.0,60.900001525878906,0.0,20.0,11777.425771474838
1759527007.1940303,2025-10-03 21:30:07.194030523,200.0,60.79999923706055,0.0,20.0,11777.90901517868
1759527007.3146122,2025-10-03 21:30:07.314612150,200.0,60.900001525878906,0.0,20.0,11778.029597043991
1759527010.6151116,2025-10-03 21:30:10.615111589,200.0,60.79999923706055,0.0,20.0,11781.33009648323
1759527010.9817202,2025-10-03 21:30:10.981720209,200.0,60.900001525878906,0.0,20.0,11781.69670510292
1759527012.4087005,2025-10-03 21:30:12.408700466,200.0,60.79999923706055,0.0,20.0,11783.123685359955
1759527012.530936,2025-10-03 21:30:12.530936003,200.0,60.900001525878906,0.0,20.0,11783.24592089653
1759527012.5916858,2025-10-03 21:30:12.591685772,200.0,60.79999923706055,0.0,20.0,11783.306670665741
1759527027.5106,2025-10-03 21:30:27.510600089,200.0,60.900001525878906,0.0,20.0,11798.225584983826
1759527027.8270338,2025-10-03 21:30:27.827033758,200.0,60.79999923706055,0.0,20.0,11798.542018651962
1759527028.6798935,2025-10-03 21:30:28.679893494,200.0,60.900001525878906,0.0,20.0,11799.394878387451
1759527029.1124794,2025-10-03 21:30:29.112479448,200.0,60.79999923706055,0.0,20.0,11799.827464342117
1759527029.2951012,2025-10-03 21:30:29.295101166,200.0,60.900001525878906,0.0,20.0,11800.01008605957
1759527030.331014,2025-10-03 21:30:30.331013918,200.0,60.79999923706055,0.0,20.0,11801.045998811722
1759527030.517145,2025-10-03 21:30:30.517144680,200.0,60.900001525878906,0.0,20.0,11801.23212981224
1759527030.641283,2025-10-03 21:30:30.641283035,200.0,60.79999923706055,0.0,20.0,11801.356267929077
1759527031.1296697,2025-10-03 21:30:31.129669665,200.0,60.900001525878906,0.0,20.0,11801.84465456009
1759527038.7802725,2025-10-03 21:30:38.780272484,200.0,60.79999923706055,0.0,20.0,11809.495257377625
1759527039.2076943,2025-10-03 21:30:39.207694292,200.0,60.900001525878906,0.0,20.0,11809.922679185867
1759527039.3866866,2025-10-03 21:30:39.386686563,200.0,60.79999923706055,0.0,20.0,11810.10167145729
1759527039.5085914,2025-10-03 21:30:39.508591413,200.0,60.900001525878906,0.0,20.0,11810.223576307297
1759527040.0054164,2025-10-03 21:30:40.005416393,200.0,60.79999923706055,0.0,20.0,11810.720401287079
1759527040.1275165,2025-10-03 21:30:40.127516508,200.0,60.900001525878906,0.0,20.0,11810.842501401901
1759527040.4268355,2025-10-03 21:30:40.426835537,200.0,60.79999923706055,0.0,20.0,11811.141820430756
1759527041.2312982,2025-10-03 21:30:41.231298208,200.0,60.900001525878906,0.0,20.0,11811.946283102036
1759527042.5257208,2025-10-03 21:30:42.525720835,200.0,60.79999923706055,0.0,20.0,11813.24070572853
1759527042.8371878,2025-10-03 21:30:42.837187767,200.0,60.900001525878906,0.0,20.0,11813.552172660828
1759527048.305889,2025-10-03 21:30:48.305888653,200.0,60.79999923706055,0.0,20.0,11819.020873785019
1759527050.818985,2025-10-03 21:30:50.818984985,200.0,60.900001525878906,0.0,20.0,11821.53396987915
1759527052.0426788,2025-10-03 21:30:52.042678833,200.0,60.79999923706055,0.0,20.0,11822.757663726807
1759527053.524887,2025-10-03 21:30:53.524887322,200.0,60.900001525878906,0.0,20.0,11824.23987197876
1759527054.6805534,2025-10-03 21:30:54.680553436,200.0,60.79999923706055,0.0,20.0,11825.395538330078
1759527060.2128675,2025-10-03 21:31:00.212867498,200.0,60.900001525878906,0.0,20.0,11830.927852392197
1759527061.4979963,2025-10-03 21:31:01.497996330,200.0,60.79999923706055,0.0,20.0,11832.21298122406
1759527062.1206586,2025-10-03 21:31:02.120658636,200.0,60.900001525878906,0.0,20.0,11832.835643529892
1759527066.9253983,2025-10-03 21:31:06.925398350,200.0,60.79999923706055,0.0,20.0,11837.64038324356
1759527068.0804005,2025-10-03 21:31:08.080400467,200.0,60.900001525878906,0.0,20.0,11838.795385360718
1759527068.2002213,2025-10-03 21:31:08.200221300,200.0,60.79999923706055,0.0,20.0,11838.915206193924
1759527073.4042432,2025-10-03 21:31:13.404243231,200.0,60.900001525878906,0.0,20.0,11844.119228124619
1759527073.7159748,2025-10-03 21:31:13.715974808,200.0,60.79999923706055,0.0,20.0,11844.430959701538
1759527073.897197,2025-10-03 21:31:13.897197008,200.0,60.900001525878906,0.0,20.0,11844.612181901932
1759527074.3298812,2025-10-03 21:31:14.329881191,200.0,60.79999923706055,0.0,20.0,11845.044866085052
1759527075.184498,2025-10-03 21:31:15.184498072,200.0,60.900001525878906,0.0,20.0,11845.89948296547
1759527076.41141,2025-10-03 21:31:16.411409855,200.0,60.79999923706055,0.0,20.0,11847.126394987106
1759527079.1125329,2025-10-03 21:31:19.112532854,200.0,60.900001525878906,0.0,20.0,11849.827517747879
1759527079.2347617,2025-10-03 21:31:19.234761715,200.0,60.79999923706055,0.0,20.0,11849.949746608734
1759527079.4784312,2025-10-03 21:31:19.478431225,200.0,60.900001525878906,0.0,20.0,11850.193416118622
1759527079.5985088,2025-10-03 21:31:19.598508835,200.0,60.79999923706055,0.0,20.0,11850.313493728638
1759527080.6999493,2025-10-03 21:31:20.699949265,200.0,60.900001525878906,0.0,20.0,11851.414934158325
1759527082.026296,2025-10-03 21:31:22.026296139,200.0,60.79999923706055,0.0,20.0,11852.741280794144
1759527113.2101312,2025-10-03 21:31:53.210131168,200.0,60.900001525878906,0.0,20.0,11883.925116062164
1759527122.999845,2025-10-03 21:32:02.999845028,200.0,60.79999923706055,0.0,20.0,11893.714829921722
1759527123.1816509,2025-10-03 21:32:03.181650877,200.0,60.900001525878906,0.0,20.0,11893.896635770798
1759527123.78173,2025-10-03 21:32:03.781729937,200.0,60.79999923706055,0.0,20.0,11894.496714830399
1759527126.6183703,2025-10-03 21:32:06.618370295,200.0,60.900001525878906,0.0,20.0,11897.33335518837
1759527136.7205656,2025-10-03 21:32:16.720565557,200.0,61.0,0.0,20.0,11907.435550451279
1759527137.0979395,2025-10-03 21:32:17.097939491,200.0,60.900001525878906,0.0,20.0,11907.81292438507
1759527170.8801906,2025-10-03 21:32:50.880190611,200.0,61.0,0.0,20.0,11941.595175504684
1759527172.4805474,2025-10-03 21:32:52.480547428,200.0,60.900001525878906,0.0,20.0,11943.19553232193
1759527184.3865712,2025-10-03 21:33:04.386571169,200.0,61.0,0.0,20.0,11955.101556062698
1759527189.107088,2025-10-03 21:33:09.107088089,200.0,60.900001525878906,0.0,20.0,11959.822072982788
1759527192.9872074,2025-10-03 21:33:12.987207413,200.0,61.0,0.0,20.0,11963.702192306519
1759527196.3080127,2025-10-03 21:33:16.308012724,200.0,61.09999847412109,0.0,20.0,11967.022997617722
1759527197.9112637,2025-10-03 21:33:17.911263466,200.0,61.0,0.0,20.0,11968.626248598099
1759527213.2249262,2025-10-03 21:33:33.224926233,200.0,61.09999847412109,0.0,20.0,11983.93991112709
1759527214.0789778,2025-10-03 21:33:34.078977823,200.0,61.0,0.0,20.0,11984.793962717056
1759527214.3754914,2025-10-03 21:33:34.375491381,200.0,61.09999847412109,0.0,20.0,11985.09047627449
1759527214.494288,2025-10-03 21:33:34.494287968,200.0,61.0,0.0,20.0,11985.20927286148
1759527221.3952024,2025-10-03 21:33:41.395202398,200.0,61.09999847412109,0.0,20.0,11992.110187292099
1759527221.5189447,2025-10-03 21:33:41.518944740,200.0,61.0,0.0,20.0,11992.233929634094
1759527221.8322237,2025-10-03 21:33:41.832223654,200.0,61.09999847412109,0.0,20.0,11992.547208547592
1759527222.020372,2025-10-03 21:33:42.020371914,200.0,61.0,0.0,20.0,11992.735356807709
1759527222.0825024,2025-10-03 21:33:42.082502365,200.0,61.09999847412109,0.0,20.0,11992.797487258911
1759527226.009697,2025-10-03 21:33:46.009696960,200.0,61.0,0.0,20.0,11996.724681854248
1759527226.6968784,2025-10-03 21:33:46.696878433,200.0,61.09999847412109,0.0,20.0,11997.411863327026
1759527226.8783567,2025-10-03 21:33:46.878356695,200.0,61.0,0.0,20.0,11997.593341588974
1759527227.0000882,2025-10-03 21:33:47.000088215,200.0,61.09999847412109,0.0,20.0,11997.715073108673
1759527230.1248724,2025-10-03 21:33:50.124872446,200.0,61.0,0.0,20.0,12000.839857339859
1759527235.2046697,2025-10-03 21:33:55.204669476,200.0,61.09999847412109,0.0,20.0,12005.919654607773
1759527235.32524,2025-10-03 21:33:55.325239897,200.0,61.0,0.0,20.0,12006.040224790573
1759527235.5753868,2025-10-03 21:33:55.575386763,200.0,61.09999847412109,0.0,20.0,12006.290371656418
1759527240.794846,2025-10-03 21:34:00.794846058,200.0,61.0,0.0,20.0,12011.50983095169
1759527241.1034396,2025-10-03 21:34:01.103439569,200.0,61.09999847412109,0.0,20.0,12011.818424463272
1759527241.2958367,2025-10-03 21:34:01.295836687,200.0,61.0,0.0,20.0,12012.010821580887
1759527243.39772,2025-10-03 21:34:03.397720098,200.0,61.09999847412109,0.0,20.0,12014.112704992294
1759527243.7092586,2025-10-03 21:34:03.709258556,200.0,61.0,0.0,20.0,12014.424243450165
1759527244.0177932,2025-10-03 21:34:04.017793179,200.0,61.09999847412109,0.0,20.0,12014.732778072357
1759527244.5024846,2025-10-03 21:34:04.502484559,200.0,61.0,0.0,20.0,12015.217469453812
1759527245.3711462,2025-10-03 21:34:05.371146202,200.0,61.09999847412109,0.0,20.0,12016.086131095886
1759527245.6750982,2025-10-03 21:34:05.675098181,200.0,61.0,0.0,20.0,12016.39008307457
1759527258.6962285,2025-10-03 21:34:18.696228266,200.0,60.900001525878906,0.0,20.0,12029.41121339798
1759527259.6079843,2025-10-03 21:34:19.607984543,200.0,61.0,0.0,20.0,12030.322969198227
1759527259.795254,2025-10-03 21:34:19.795253992,200.0,60.900001525878906,0.0,20.0,12030.51023888588
1759527260.1053169,2025-10-03 21:34:20.105316877,200.0,61.0,0.0,20.0,12030.820301771164
1759527261.0275269,2025-10-03 21:34:21.027526855,200.0,60.900001525878906,0.0,20.0,12031.742511749268
1759527261.5142677,2025-10-03 21:34:21.514267683,200.0,61.0,0.0,20.0,12032.229252576828
1759527262.117809,2025-10-03 21:34:22.117809057,200.0,60.900001525878906,0.0,20.0,12032.832793951035
1759527262.7212348,2025-10-03 21:34:22.721234798,200.0,61.0,0.0,20.0,12033.43621969223
1759527296.7070725,2025-10-03 21:34:56.707072496,200.0,61.09999847412109,0.0,20.0,12067.422057390213
1759527302.9054987,2025-10-03 21:35:02.905498743,200.0,61.0,0.0,20.0,12073.620483636856
1759527303.0915763,2025-10-03 21:35:03.091576338,200.0,61.09999847412109,0.0,20.0,12073.806561231613
1759527303.215248,2025-10-03 21:35:03.215248108,200.0,61.0,0.0,20.0,12073.930233001709
1759527303.5149777,2025-10-03 21:35:03.514977455,200.0,61.09999847412109,0.0,20.0,12074.229962587357
1759527303.8197396,2025-10-03 21:35:03.819739580,200.0,61.0,0.0,20.0,12074.534724473953
1759527304.1214552,2025-10-03 21:35:04.121455193,200.0,61.09999847412109,0.0,20.0,12074.836440086365
1759527307.1083786,2025-10-03 21:35:07.108378649,200.0,61.0,0.0,20.0,12077.823363542557
1759527307.4159389,2025-10-03 21:35:07.415938854,200.0,61.09999847412109,0.0,20.0,12078.130923748016
1759527312.878987,2025-10-03 21:35:12.878987074,200.0,61.0,0.0,20.0,12083.593971967697
1759527329.4784944,2025-10-03 21:35:29.478494406,200.0,61.09999847412109,0.0,20.0,12100.193479299545
1759527331.0013752,2025-10-03 21:35:31.001375198,200.0,61.0,0.0,20.0,12101.716360092163
1759527342.394417,2025-10-03 21:35:42.394417048,200.0,60.900001525878906,0.0,20.0,12113.1094019413
1759527342.5735874,2025-10-03 21:35:42.573587418,200.0,61.0,0.0,20.0,12113.288572311401
1759527352.8223732,2025-10-03 21:35:52.822373152,200.0,60.900001525878906,0.0,20.0,12123.537358045578
1759527353.0713854,2025-10-03 21:35:53.071385384,200.0,61.0,0.0,20.0,12123.786370277405
1759527353.688602,2025-10-03 21:35:53.688601971,200.0,60.900001525878906,0.0,20.0,12124.403586864471
1759527353.86966,2025-10-03 21:35:53.869660139,200.0,61.0,0.0,20.0,12124.584644794464
1759527353.9925652,2025-10-03 21:35:53.992565155,200.0,60.900001525878906,0.0,20.0,12124.707550048828
1759527354.8723378,2025-10-03 21:35:54.872337818,200.0,61.0,0.0,20.0,12125.587322711945
1759527355.1146777,2025-10-03 21:35:55.114677668,200.0,60.900001525878906,0.0,20.0,12125.829662561417
1759527355.4285176,2025-10-03 21:35:55.428517580,200.0,61.0,0.0,20.0,12126.143502473831
1759527355.4907925,2025-10-03 21:35:55.490792513,200.0,60.900001525878906,0.0,20.0,12126.205777406693
1759527355.674922,2025-10-03 21:35:55.674921989,200.0,61.0,0.0,20.0,12126.38990688324
1759527355.9788785,2025-10-03 21:35:55.978878498,200.0,60.900001525878906,0.0,20.0,12126.693863391876
1759527356.2822144,2025-10-03 21:35:56.282214403,200.0,61.0,0.0,20.0,12126.997199296951
1759527356.5882857,2025-10-03 21:35:56.588285685,200.0,60.900001525878906,0.0,20.0,12127.303270578384
1759527357.025732,2025-10-03 21:35:57.025732040,200.0,61.0,0.0,20.0,12127.740716934204
1759527357.2736478,2025-10-03 21:35:57.273647785,200.0,60.900001525878906,0.0,20.0,12127.988632678986
1759527357.5150404,2025-10-03 21:35:57.515040398,200.0,61.0,0.0,20.0,12128.230025291443
1759527360.074843,2025-10-03 21:36:00.074842930,200.0,60.900001525878906,0.0,20.0,12130.789827823639
1759527360.321172,2025-10-03 21:36:00.321171999,200.0,61.0,0.0,20.0,12131.036156892776
1759527361.1853883,2025-10-03 21:36:01.185388327,200.0,60.900001525878906,0.0,20.0,12131.900373220444
1759527362.100165,2025-10-03 21:36:02.100164652,200.0,61.0,0.0,20.0,12132.815149784088
1759527362.2273672,2025-10-03 21:36:02.227367163,200.0,60.900001525878906,0.0,20.0,12132.942352056503
1759527366.1922815,2025-10-03 21:36:06.192281485,200.0,61.0,0.0,20.0,12136.907266378403
1759527366.3751888,2025-10-03 21:36:06.375188828,200.0,60.900001525878906,0.0,20.0,12137.090173721313
1759527367.101109,2025-10-03 21:36:07.101109028,200.0,61.0,0.0,20.0,12137.816093921661
1759527367.2899375,2025-10-03 21:36:07.289937496,200.0,60.900001525878906,0.0,20.0,12138.004922389984
1759527367.4133248,2025-10-03 21:36:07.413324833,200.0,61.0,0.0,20.0,12138.128309726715
1759527367.5919027,2025-10-03 21:36:07.591902733,200.0,60.900001525878906,0.0,20.0,12138.306887626648
1759527368.570441,2025-10-03 21:36:08.570441008,200.0,61.0,0.0,20.0,12139.285425901413
1759527369.1887956,2025-10-03 21:36:09.188795567,200.0,60.900001525878906,0.0,20.0,12139.903780460358
1759527370.2196918,2025-10-03 21:36:10.219691753,200.0,61.0,0.0,20.0,12140.934676647186
1759527370.406994,2025-10-03 21:36:10.406993866,200.0,60.900001525878906,0.0,20.0,12141.121978998184
1759527370.4696612,2025-10-03 21:36:10.469661236,200.0,61.0,0.0,20.0,12141.184646129608
1759527370.6668684,2025-10-03 21:36:10.666868448,200.0,60.900001525878906,0.0,20.0,12141.381853342056
1759527371.395352,2025-10-03 21:36:11.395351887,200.0,61.0,0.0,20.0,12142.110336780548
1759527371.8939672,2025-10-03 21:36:11.893967152,200.0,60.900001525878906,0.0,20.0,12142.60895204544
1759527372.500096,2025-10-03 21:36:12.500096082,200.0,61.0,0.0,20.0,12143.215080976486
1759527372.6257582,2025-10-03 21:36:12.625758171,200.0,60.900001525878906,0.0,20.0,12143.34074306488
1759527372.8743043,2025-10-03 21:36:12.874304295,200.0,61.0,0.0,20.0,12143.589289188385
1759527373.1742685,2025-10-03 21:36:13.174268484,200.0,60.900001525878906,0.0,20.0,12143.889253377914
1759527373.2980037,2025-10-03 21:36:13.298003674,200.0,61.0,0.0,20.0,12144.012988567352
1759527382.3671198,2025-10-03 21:36:22.367119789,200.0,60.900001525878906,0.0,20.0,12153.082104682922
1759527383.275072,2025-10-03 21:36:23.275072098,200.0,61.0,0.0,20.0,12153.990056991577
1759527383.5747275,2025-10-03 21:36:23.574727535,200.0,60.900001525878906,0.0,20.0,12154.289712429047
1759527384.197485,2025-10-03 21:36:24.197484970,200.0,61.0,0.0,20.0,12154.912469863892
1759527384.3231397,2025-10-03 21:36:24.323139668,200.0,60.900001525878906,0.0,20.0,12155.03812456131
1759527389.503496,2025-10-03 21:36:29.503495932,200.0,61.0,0.0,20.0,12160.218480825424
1759527390.114393,2025-10-03 21:36:30.114392996,200.0,60.900001525878906,0.0,20.0,12160.829377889633
1759527390.295941,2025-10-03 21:36:30.295941114,200.0,61.0,0.0,20.0,12161.010926008224
1759527390.417375,2025-10-03 21:36:30.417375088,200.0,60.900001525878906,0.0,20.0,12161.132359981537
1759527390.5964997,2025-10-03 21:36:30.596499681,200.0,61.0,0.0,20.0,12161.311484575272
1759527406.5801244,2025-10-03 21:36:46.580124378,200.0,61.09999847412109,0.0,20.0,12177.295109272003
1759527421.275514,2025-10-03 21:37:01.275513887,200.0,61.20000076293945,0.0,20.0,12191.990498781204
1759527421.512831,2025-10-03 21:37:01.512830973,200.0,61.09999847412109,0.0,20.0,12192.22781586647
1759527422.371574,2025-10-03 21:37:02.371573925,200.0,61.20000076293945,0.0,20.0,12193.086558818817
1759527422.811147,2025-10-03 21:37:02.811146975,200.0,61.09999847412109,0.0,20.0,12193.526131868362
1759527423.6741855,2025-10-03 21:37:03.674185514,200.0,61.20000076293945,0.0,20.0,12194.389170408249
1759527424.2162278,2025-10-03 21:37:04.216227770,200.0,61.09999847412109,0.0,20.0,12194.93121266365
1759527424.2769222,2025-10-03 21:37:04.276922226,200.0,61.20000076293945,0.0,20.0,12194.991907119751
1759527431.297405,2025-10-03 21:37:11.297405005,200.0,61.09999847412109,0.0,20.0,12202.0123898983
1759527431.6108596,2025-10-03 21:37:11.610859632,200.0,61.20000076293945,0.0,20.0,12202.32584452629
1759527438.1090286,2025-10-03 21:37:18.109028578,200.0,61.09999847412109,0.0,20.0,12208.824013471603
1759527441.4981005,2025-10-03 21:37:21.498100281,200.0,61.20000076293945,0.0,20.0,12212.21308541298
1759527442.114591,2025-10-03 21:37:22.114590883,200.0,61.09999847412109,0.0,20.0,12212.829575777054
1759527442.2977033,2025-10-03 21:37:22.297703266,200.0,61.20000076293945,0.0,20.0,12213.012688159943
1759527442.596704,2025-10-03 21:37:22.596704006,200.0,61.09999847412109,0.0,20.0,12213.311688899994
1759527442.7174914,2025-10-03 21:37:22.717491388,200.0,61.20000076293945,0.0,20.0,12213.43247628212
1759527451.495137,2025-10-03 21:37:31.495136976,200.0,61.09999847412109,0.0,20.0,12222.21012187004
1759527451.9158237,2025-10-03 21:37:31.915823698,200.0,61.20000076293945,0.0,20.0,12222.630808591843
1759527454.486437,2025-10-03 21:37:34.486437082,200.0,61.09999847412109,0.0,20.0,12225.20142197609
1759527454.9189582,2025-10-03 21:37:34.918958187,200.0,61.20000076293945,0.0,20.0,12225.633943080902
1759527455.2174067,2025-10-03 21:37:35.217406750,200.0,61.09999847412109,0.0,20.0,12225.932391643524
1759527455.3992977,2025-10-03 21:37:35.399297714,200.0,61.20000076293945,0.0,20.0,12226.114282608032
1759527455.522945,2025-10-03 21:37:35.522944926,200.0,61.09999847412109,0.0,20.0,12226.237929821014
1759527472.5953531,2025-10-03 21:37:52.595353127,200.0,61.0,0.0,20.0,12243.310338020325
1759527472.7136965,2025-10-03 21:37:52.713696480,200.0,61.09999847412109,0.0,20.0,12243.428681373596
1759527473.2002883,2025-10-03 21:37:53.200288534,200.0,61.0,0.0,20.0,12243.915273189545
1759527478.394981,2025-10-03 21:37:58.394980907,200.0,61.09999847412109,0.0,20.0,12249.109965801239
1759527491.8832886,2025-10-03 21:38:11.883288622,200.0,61.0,0.0,20.0,12262.598273515701
1759527492.1894283,2025-10-03 21:38:12.189428329,200.0,61.09999847412109,0.0,20.0,12262.904413223267
1759527495.4982378,2025-10-03 21:38:15.498237848,200.0,61.0,0.0,20.0,12266.21322274208
1759527495.8623629,2025-10-03 21:38:15.862362862,200.0,61.09999847412109,0.0,20.0,12266.577347755432
1759527496.1114092,2025-10-03 21:38:16.111409187,200.0,61.0,0.0,20.0,12266.826394081116
1759527496.1723723,2025-10-03 21:38:16.172372341,200.0,61.09999847412109,0.0,20.0,12266.887357234955
1759527496.4161804,2025-10-03 21:38:16.416180372,200.0,61.0,0.0,20.0,12267.131165266037
1759527505.101074,2025-10-03 21:38:25.101073980,200.0,61.09999847412109,0.0,20.0,12275.81605887413
1759527505.6653495,2025-10-03 21:38:25.665349722,200.0,61.0,0.0,20.0,12276.380334377289
1759527506.8880908,2025-10-03 21:38:26.888090849,200.0,61.09999847412109,0.0,20.0,12277.603075742722
1759527515.1068027,2025-10-03 21:38:35.106802702,200.0,61.20000076293945,0.0,20.0,12285.821787595749
1759527515.9587393,2025-10-03 21:38:35.958739281,200.0,61.09999847412109,0.0,20.0,12286.6737241745
1759527516.896383,2025-10-03 21:38:36.896383047,200.0,61.20000076293945,0.0,20.0,12287.611367940903
1759527524.313737,2025-10-03 21:38:44.313736916,200.0,61.29999923706055,0.0,20.0,12295.028721809387
1759527524.3751633,2025-10-03 21:38:44.375163317,200.0,61.20000076293945,0.0,20.0,12295.090148210526
1759527525.3066902,2025-10-03 21:38:45.306690216,200.0,61.29999923706055,0.0,20.0,12296.021675109863
1759527525.4894304,2025-10-03 21:38:45.489430428,200.0,61.20000076293945,0.0,20.0,12296.20441532135
1759527525.6088648,2025-10-03 21:38:45.608864784,200.0,61.29999923706055,0.0,20.0,12296.32384967804
1759527539.3087916,2025-10-03 21:38:59.308791637,200.0,61.20000076293945,0.0,20.0,12310.02377653122
1759527539.9868526,2025-10-03 21:38:59.986852646,200.0,61.29999923706055,0.0,20.0,12310.701837539673
1759527540.4862618,2025-10-03 21:39:00.486261845,200.0,61.20000076293945,0.0,20.0,12311.201246738434
1759527561.862676,2025-10-03 21:39:21.862675905,200.0,61.29999923706055,0.0,20.0,12332.577660799026
1759527562.7676098,2025-10-03 21:39:22.767609835,200.0,61.20000076293945,0.0,20.0,12333.48259472847
1759527563.0779252,2025-10-03 21:39:23.077925205,200.0,61.29999923706055,0.0,20.0,12333.79291009903
1759527563.3819342,2025-10-03 21:39:23.381934166,200.0,61.20000076293945,0.0,20.0,12334.096919059753
1759527563.808808,2025-10-03 21:39:23.808808088,200.0,61.29999923706055,0.0,20.0,12334.523792982101
1759527564.6679907,2025-10-03 21:39:24.667990685,200.0,61.20000076293945,0.0,20.0,12335.382975578308
1759527602.863107,2025-10-03 21:40:02.863106966,200.0,61.29999923706055,0.0,20.0,12373.578091859818
1759527603.7680142,2025-10-03 21:40:03.768014193,200.0,61.20000076293945,0.0,20.0,12374.48299908638
1759527603.8871844,2025-10-03 21:40:03.887184381,200.0,61.29999923706055,0.0,20.0,12374.602169275284
1759527606.7110925,2025-10-03 21:40:06.711092472,200.0,61.20000076293945,0.0,20.0,12377.426077365875
1759527611.7648442,2025-10-03 21:40:11.764844179,200.0,61.29999923706055,0.0,20.0,12382.479829072952
1759527615.5943522,2025-10-03 21:40:15.594352245,200.0,61.20000076293945,0.0,20.0,12386.30933713913
1759527620.465139,2025-10-03 21:40:20.465138912,200.0,61.29999923706055,0.0,20.0,12391.180123806
1759527651.8838885,2025-10-03 21:40:51.883888483,200.0,61.20000076293945,0.0,20.0,12422.598873376846
1759527652.00405,2025-10-03 21:40:52.004050016,200.0,61.29999923706055,0.0,20.0,12422.719034910202
1759527652.1864738,2025-10-03 21:40:52.186473846,200.0,61.20000076293945,0.0,20.0,12422.901458740234
1759527652.4932885,2025-10-03 21:40:52.493288279,200.0,61.29999923706055,0.0,20.0,12423.208273410797
1759527652.6187425,2025-10-03 21:40:52.618742466,200.0,61.20000076293945,0.0,20.0,12423.333727359772
1759527652.86231,2025-10-03 21:40:52.862309933,200.0,61.29999923706055,0.0,20.0,12423.577294826508
1759527653.169694,2025-10-03 21:40:53.169693947,200.0,61.20000076293945,0.0,20.0,12423.884678840637
1759527669.6616256,2025-10-03 21:41:09.661625624,200.0,61.09999847412109,0.0,20.0,12440.376610517502
1759527669.9812033,2025-10-03 21:41:09.981203318,200.0,61.20000076293945,0.0,20.0,12440.696188211441
1759527681.7857218,2025-10-03 21:41:21.785721779,200.0,61.29999923706055,0.0,20.0,12452.500706672668
1759527682.268781,2025-10-03 21:41:22.268780947,200.0,61.20000076293945,0.0,20.0,12452.98376584053
1759527683.4810522,2025-10-03 21:41:23.481052160,200.0,61.29999923706055,0.0,20.0,12454.196037054062
1759527684.9552815,2025-10-03 21:41:24.955281496,200.0,61.20000076293945,0.0,20.0,12455.670266389847
1759527695.2843325,2025-10-03 21:41:35.284332275,200.0,61.09999847412109,0.0,20.0,12465.999317407608
1759527695.5977144,2025-10-03 21:41:35.597714424,200.0,61.20000076293945,0.0,20.0,12466.312699317932
1759527695.6587613,2025-10-03 21:41:35.658761263,200.0,61.09999847412109,0.0,20.0,12466.373746156693
1759527695.8944943,2025-10-03 21:41:35.894494534,200.0,61.20000076293945,0.0,20.0,12466.609479188919
1759527695.9551208,2025-10-03 21:41:35.955120802,200.0,61.09999847412109,0.0,20.0,12466.670105695724
1759527704.180199,2025-10-03 21:41:44.180198908,200.0,61.20000076293945,0.0,20.0,12474.895183801651
1759527705.409933,2025-10-03 21:41:45.409933090,200.0,61.09999847412109,0.0,20.0,12476.124917984009
1759527705.4703343,2025-10-03 21:41:45.470334291,200.0,61.20000076293945,0.0,20.0,12476.185319185257
1759527722.0110433,2025-10-03 21:42:02.011043310,200.0,61.09999847412109,0.0,20.0,12492.726028203964
1759527722.5907586,2025-10-03 21:42:02.590758562,200.0,61.20000076293945,0.0,20.0,12493.305743455887
1759527724.5014665,2025-10-03 21:42:04.501466513,200.0,61.09999847412109,0.0,20.0,12495.216451406479
1759527724.805193,2025-10-03 21:42:04.805192947,200.0,61.20000076293945,0.0,20.0,12495.520177841187
1759527725.0590906,2025-10-03 21:42:05.059090614,200.0,61.09999847412109,0.0,20.0,12495.774075508118
1759527725.6093512,2025-10-03 21:42:05.609351158,200.0,61.20000076293945,0.0,20.0,12496.324336051941
1759527730.9056191,2025-10-03 21:42:10.905619144,200.0,61.09999847412109,0.0,20.0,12501.620604038239
1759527731.0869105,2025-10-03 21:42:11.086910486,200.0,61.20000076293945,0.0,20.0,12501.80189538002
1759527732.312489,2025-10-03 21:42:12.312489033,200.0,61.09999847412109,0.0,20.0,12503.027473926544
1759527732.3744822,2025-10-03 21:42:12.374482155,200.0,61.20000076293945,0.0,20.0,12503.089467048645
1759527732.8580475,2025-10-03 21:42:12.858047485,200.0,61.09999847412109,0.0,20.0,12503.57303237915
1759527733.293223,2025-10-03 21:42:13.293222904,200.0,61.20000076293945,0.0,20.0,12504.008207798004
1759527741.7814467,2025-10-03 21:42:21.781446695,200.0,61.09999847412109,0.0,20.0,12512.496431589127
1759527741.9042466,2025-10-03 21:42:21.904246569,200.0,61.20000076293945,0.0,20.0,12512.619231462479
1759527742.1631713,2025-10-03 21:42:22.163171291,200.0,61.09999847412109,0.0,20.0,12512.87815618515
1759527742.404966,2025-10-03 21:42:22.404965878,200.0,61.20000076293945,0.0,20.0,12513.11995100975
1759527768.69899,2025-10-03 21:42:48.698989868,200.0,61.09999847412109,0.0,20.0,12539.413975000381
1759527769.685498,2025-10-03 21:42:49.685497999,200.0,61.20000076293945,0.0,20.0,12540.40048289299
1759527771.2902071,2025-10-03 21:42:51.290207148,200.0,61.09999847412109,0.0,20.0,12542.005192041397
1759527771.7790265,2025-10-03 21:42:51.779026270,200.0,61.20000076293945,0.0,20.0,12542.49401140213
1759527776.493249,2025-10-03 21:42:56.493248940,200.0,61.09999847412109,0.0,20.0,12547.208233833313
1759527776.682557,2025-10-03 21:42:56.682557106,200.0,61.20000076293945,0.0,20.0,12547.397541999817
1759527777.9787624,2025-10-03 21:42:57.978762388,200.0,61.09999847412109,0.0,20.0,12548.693747282028
1759527782.4517946,2025-10-03 21:43:02.451794624,200.0,61.20000076293945,0.0,20.0,12553.166779518127
1759527782.5754728,2025-10-03 21:43:02.575472832,200.0,61.09999847412109,0.0,20.0,12553.290457725525
1759527783.9792142,2025-10-03 21:43:03.979214191,200.0,61.20000076293945,0.0,20.0,12554.694199085236
1759527815.2735643,2025-10-03 21:43:35.273564339,200.0,61.09999847412109,0.0,20.0,12585.988549232483
1759527816.8613684,2025-10-03 21:43:36.861368418,200.0,61.20000076293945,0.0,20.0,12587.576353311539
1759527817.0517182,2025-10-03 21:43:37.051718235,200.0,61.09999847412109,0.0,20.0,12587.766703128815
1759527818.8633337,2025-10-03 21:43:38.863333702,200.0,61.20000076293945,0.0,20.0,12589.578318595886
1759527826.2827227,2025-10-03 21:43:46.282722712,200.0,61.09999847412109,0.0,20.0,12596.997707605362
1759527826.404497,2025-10-03 21:43:46.404496908,200.0,61.20000076293945,0.0,20.0,12597.119481801987
1759527836.7061434,2025-10-03 21:43:56.706143379,200.0,61.09999847412109,0.0,20.0,12607.42112827301
1759527837.562798,2025-10-03 21:43:57.562798023,200.0,61.20000076293945,0.0,20.0,12608.277782917023
1759527838.1767342,2025-10-03 21:43:58.176734209,200.0,61.09999847412109,0.0,20.0,12608.89171910286
1759527840.0584474,2025-10-03 21:44:00.058447361,200.0,61.20000076293945,0.0,20.0,12610.773432254791
1759527845.2550902,2025-10-03 21:44:05.255090237,200.0,61.09999847412109,0.0,20.0,12615.970075130463
1759527845.556266,2025-10-03 21:44:05.556266069,200.0,61.20000076293945,0.0,20.0,12616.271250963211
1759527845.678331,2025-10-03 21:44:05.678330660,200.0,61.09999847412109,0.0,20.0,12616.393315792084
1759527846.588065,2025-10-03 21:44:06.588064909,200.0,61.20000076293945,0.0,20.0,12617.30304980278
1759527846.7755363,2025-10-03 21:44:06.775536299,200.0,61.09999847412109,0.0,20.0,12617.49052119255
1759527848.3797977,2025-10-03 21:44:08.379797459,200.0,61.20000076293945,0.0,20.0,12619.094782590866
1759527858.5099905,2025-10-03 21:44:18.509990454,200.0,61.29999923706055,0.0,20.0,12629.224975347519
1759527863.6972885,2025-10-03 21:44:23.697288275,200.0,61.20000076293945,0.0,20.0,12634.412273406982
1759527865.4855473,2025-10-03 21:44:25.485547304,200.0,61.29999923706055,0.0,20.0,12636.200532197952
1759527865.798514,2025-10-03 21:44:25.798514128,200.0,61.20000076293945,0.0,20.0,12636.513498783112
1759527866.1006403,2025-10-03 21:44:26.100640535,200.0,61.29999923706055,0.0,20.0,12636.815625190735
1759527866.3709483,2025-10-03 21:44:26.370948315,200.0,61.20000076293945,0.0,20.0,12637.085933208466
